,Unnamed: 0,proposalID.id,voters.id,support,single_vote,name
0,141,1,0x31bb847e1c0e34889642085d7bb4eef28662ec0b,1,0,
1,655,1,0xc0abd6dc4f6fe64bc35bc51b1495fb0eff08e1eb,1,67943602000000000000,
2,389,1,0x7bc1d6e8150d4c96917901c26c922dd64654b3c3,1,0,
3,640,1,0xbd6c934afa35452c30b833533a59d4986031085c,1,0,
4,637,1,0xbbc02dbd39941fffa605171a977d44c6baf915c2,0,42409816000000000000,kersuv.eth
5,393,1,0x7cc4590e8f36b4f9d7153a71d31fbecaa0cd38e4,1,0,
6,115,1,0x28849b0d0a126df896ff2f69ebe9b1373b16ccbe,0,0,
7,397,1,0x7f8c1877ed0da352f78be4fe4cda58bb804a30df,1,485238903793708046297,gmewallet.eth
8,408,1,0x86e899c25516846689c341a4470eeb97fb3e2156,0,0,
9,409,1,0x8797385d3b72c34d6d3c4cdddd149fccd357a7de,1,100024267298129232874,salsasteve.eth
10,631,1,0xb75eb924568d4ebf65d9bb932c589c3c06a59655,1,0,haikukoten.eth
11,627,1,0xb6605f98a5562b1ac821bc5f2b75934239e8c6d6,1,0,catcatcat.eth
12,122,1,0x2b5a0be5940b63de1eddccca7bd977357e2488ed,1,0,
13,623,1,0xb532fe24310aa59fb428a3dd02dc61b86bf953fa,1,3103140546048259373922,
14,622,1,0xb43b36b72c57842e5cc4b70d85f99117b122c2b5,1,0,
15,620,1,0xb403b4005bdc98391fd06c13f47b8c74957c1e16,1,0,
16,657,1,0xc15ef37b6c187b140db5dc86ac5258f7d199d10a,1,0,
17,659,1,0xc426f7adb8c15771cdc6df55d31518056c04d63e,1,2641051990000000000000,
18,106,1,0x22e3f2c7b800f04227fd01075618725c211e2f4d,1,310526024579512769562,
19,104,1,0x221208ba3781c1aaaeb5e31f1670d42ec3550020,1,0,
20,352,1,0x6f69286d7c51de0f0cf5f3c03c8ca3eda8a322f9,1,176127040114415001649,
21,85,1,0x19cf388796c31fa7a583270d82659ecd2b4fd490,1,0,cryptomandias.eth
22,732,1,0xc7e36bc2f80543b6c244b147606f9501da6c6561,1,0,
23,87,1,0x1a1ca7f86e3dc901e2ffe532c4484e9e57d99fba,1,25000000000000000000,
24,356,1,0x709a71cd574e6c1c7064ff62e0dae652b7c9e359,0,0,
25,177,1,0x3db69bf6ac1735509a60490d338c999252fa153a,1,15685598662952093737,charlycryptoinvest.eth
26,360,1,0x72ce49999c12ff248d40f70675f0c3ef6dcb9eb5,1,0,
27,127,1,0x2f4621afba511f01063ce753df0c1be8214688a2,1,479883414000000000000,
28,371,1,0x7929e033554d7d284d62a2f33856df31b4089999,1,0,
29,376,1,0x79927e10304d4290b42425ae1232a76a1b2e7232,0,0,
30,380,1,0x7aedc2d3a4aa945e22f2aaf4f0716c674b969ffa,1,0,
31,99,1,0x2185f44a28e18318ce6ec792e50575a4293d4381,0,0,
32,683,1,0xc5a61d56ca395fcb87f148532369595e31286d0e,1,0,letverse.eth
33,676,1,0xc4b58654979382b02c65b8786f6b0242b7f6648c,1,398675325089513475312,
34,381,1,0x7af7ca67aa827f58e0659c52a641aee55a43b535,1,473022799000000000000,
35,669,1,0xc45230120f7f4642b27b6b48197e4f6934bbc349,0,0,daxtaran.eth
36,690,1,0xc6a0d93a696b3cb60a3d1adc7852bb3131639671,1,1989345501980304234068,nahuel.eth
37,735,1,0xc8f88b4aef57ac93fe41390194c3a4d77d7df744,0,2871684442907756510661,torgin.eth
38,617,1,0xb37795f39c546d3511ba061d04783d987d1259a4,1,0,
39,411,1,0x88013a2d1883939e3b758491f4bf5aa2b74d07fe,1,1201491705000000000000,
40,522,1,0xa4b06dd6316800bbab250d7486c57c982dee6e6a,1,0,asuna.eth
41,160,1,0x3688b712bb6659d64740d55c5b000711e484c4be,0,0,zxcvb.eth
42,519,1,0xa353d2a64d2df16a024ba81e73982df5ff8f26b5,1,0,basith.eth
43,187,1,0x3f25bb52ffc4bfd24e619740db6d9e6306c93aad,1,0,
44,517,1,0xa31cd363cd2867e98fb0102e07e0c226f8346e48,1,5596029000000000000,
45,509,1,0xa31c2232842e631ccb2d2e4110b356bab21e6020,0,200411109000000000000,therealtuna.eth
46,165,1,0x392027fdc620d397ca27f0c1c3dcb592f27a4dc3,1,654590416239704628192,blokku.eth
47,454,1,0x939696e968998cf5b74d64ce4abcc822d8b1b77f,1,0,kobatake.eth
48,502,1,0x9f3ef50ea64adad5b33f1f8222760cfbf42007f7,0,50360541131482398363,alphaserpentis.eth
49,490,1,0x9e2c900d2e4882c1da90c4285b94430b1b3cba63,1,100711066000000000000,
50,487,1,0x9cca0d5cadd9871fbe79333fcb73a7e207442f30,1,28143555000000000000,
51,476,1,0x9a72b97137065b3816d091310e483811baa1be0f,1,0,
52,469,1,0x992b9b3acc35b0fdfd4572bb2f5dc54ed2cffa84,1,404820101000000000000,satse.eth
53,181,1,0x3ec44a823e07555b5f889d8d954eec736eb5865b,1,100000000000000000000,collinpixley.eth
54,460,1,0x964e58e3081d6e5de4182289ef8ce2c32e9a96fb,1,0,
55,528,1,0xa4b8339d2162125b33a667b0d40ac5dec27e924b,0,17412188262912443871521,
56,447,1,0x91d70fd5006a5a29c66b57a7b1703f49bde957e5,1,0,
57,153,1,0x35640d73401254601704ec94b564469bb6e00cd4,1,0,
58,444,1,0x8ea8721f27efcaabb3901ed6756505ab873f15a7,1,0,dosingwithdata.eth
59,596,1,0xb0dc0c7a91c34ac1698f9e7ec03104bdb3b42de3,1,4144470823990895163060,0xsiam.eth
60,134,1,0x2ff28a33a9f4a51108a31b2b205abebc2092b25b,1,0,
61,430,1,0x8c6b10d42ff08e56133fca0dac75e1931b1fcc23,1,0,
62,136,1,0x301605c95acbed7a1fd9c2c0deee964e2afbd0c3,1,384087761000000000000,knobelsdorf.eth
63,592,1,0xb0623c91c65621df716ab8afe5f66656b21a9108,1,1295392204065010783350,johnpalmer.eth
64,590,1,0xb03f5438f9a243de5c3b830b7841ec315034cd5f,1,0,m-j-r.eth
65,583,1,0xad59ed7e1231539bbc4822835b3b9dab74cc8390,0,0,
66,606,1,0xb0e37fca4864ae1083ab7202b891451264fd2605,0,0,
67,199,1,0x48f29b6fa6e33c6ba0606297ad3395377f780574,1,70189769000000000000,
68,437,1,0x8d899892410cdbd8d27e251ca699672b94730ec4,0,0,
69,570,1,0xab5886f50263de85ccc8d3f10cafa6bdc7153a82,1,100920325000000000000,
70,567,1,0xab5309888c39646bb222a70e0bc1c69e3326ee77,1,523812204000000000000,renoeth.eth
71,197,1,0x47348ee228197b5f4158e08e72a82144affca196,1,0,
72,196,1,0x464234fa9b1122413677ac87e8436d2f42d1b3b7,1,0,
73,441,1,0x8e77c563c2b2f35cd5560828e197e4ec57556687,1,0,
74,443,1,0x8e9a785039ed7069e59f8a6ee02f8b9ffd8bbe18,0,0,
75,574,1,0xabb9f91560f3c90c1aabf2852f827c91127ef924,1,0,
76,79,1,0x16bdbb3ca54f9a05dde8f9bd53885d622c3208f7,1,0,
77,359,1,0x718fdf375e1930ba386852e35f5bafc31df3ae66,0,0,
78,264,1,0x56656ada4da72e587408d330e66a85b35516ee20,0,644519452000000000000,
79,875,1,0xe5f3adb93eacede82eb7f0c5e0c3faeaec42cfb6,1,0,diones.eth
80,864,1,0xe507f2d7de97c783a60fef9f1c4a4dade2b0a989,1,10000000000000000000000,thumb.eth
81,311,1,0x63c9a867d704df159bbbb88eeee1609196b1995e,1,386975395000000000000,atila.eth
82,861,1,0xe3e39161d35e9a81edec667a5387bfae85752854,1,0,
83,312,1,0x64115952aafeeba2d8006f54c49669afdbd860b2,1,0,
84,855,1,0xe2f6e3565a96cd24d6ba985563a26fb3c93cad04,1,0,
85,851,1,0xe2e8fee9ac2af4352a0e424650b77da25c36bf80,0,0,ninjapay.eth
86,844,1,0xde88d54819c4ae692fbb8f5f914ac5723951ee65,1,422964966000000000000,wouimbly.eth
87,841,1,0xdd78aa83eb209d3a83330368daffa80a393285a5,0,0,
88,839,1,0xdd11b416c5c5b9f5394b7e7ef5ed30a1d065f474,1,0,ethkid.eth
89,350,1,0x6f53678864e355b4ae7bf3ff4a9ecb1e5107010a,1,0,
90,313,1,0x64db074a4c1bd6ed38e2751fc75a31c5f6ad4090,0,32527652000000000000,
91,828,1,0xd90ec9dc6f220be43ad88f3eff78fbd00d8fd1d6,1,947458015000000000000,jeffkraus.eth
92,825,1,0xd8ff36bd818bcae0278f0904d527206363795082,1,100030422000000000000,
93,315,1,0x654e294458421e5c6d533e1ce3a1484206bfbef8,1,48000975939610847370,
94,298,1,0x61a538988fa6e215b6a96988bd684dd013b8b0ad,1,20000000000000000000,
95,270,1,0x57edc3a856a69a1b086ab097c22792b0d5bb2ff2,1,0,mdudas.eth
96,879,1,0xeae2bb84a160f7597f5792b5c6723e3cbab006cc,1,0,
97,297,1,0x5fbdc0153f7e0afa07c167caa4a958070d763fef,0,0,
98,922,1,0xfc655427c568bcb837c05cec13e4956524ca83e0,0,0,ðŸ”‘ðŸ”‘ðŸ”‘.eth
99,285,1,0x5a845ebd2bbf857e9b9a478bf4d6ed9b74f96357,0,180000610000000000000,
100,287,1,0x5b5398d04f6de67614403e8432c791b9eaae956a,1,30338285561496216592,
101,290,1,0x5bdce60ba4fe9867eff2d0ec1dfe74abb4bc8249,1,0,
102,915,1,0xf94f7b6b956225bce60a5f0c7b82d347071e48dc,0,0,braveheartcapital.eth
103,911,1,0xf8edada7d508607b9526f8009f7d7fcbe7e5ab45,1,0,
104,278,1,0x5a72bfaf8dd5b251bd008fdc0b4656319ac0509b,0,351604938341571825729,
105,316,1,0x65f1db465d9b73779f3b2fc7561573a7a22f2388,1,203538791272719990245,
106,910,1,0xf775a11b06a64c892ddde57357b7afd71fabfcef,1,0,
107,10,1,0x03000a0ecb1898040c26cd418570cd480775f0da,1,67830496255069226436,
108,907,1,0xf5fe364d18f4a5a53badce9a046ba74cfc97f6fb,1,122771519000000000000,coinmandeer.eth
109,905,1,0xf56b7c1194e11f941a9ee681d0a4bffa12a7924a,0,0,
110,899,1,0xf33230c25e28e4767e7099205dfe401daa49b22e,1,0,kilgore.eth
111,16,1,0x046143f1915e51da6397dbbc23bc1da0236ad8a0,1,10810645000000000000,
112,17,1,0x066a2edcc0b7278a2cf5bf2a040b4a54a41a9550,1,0,kuso.eth
113,19,1,0x0687a571be482c7ac4a7e501df247190acc763a2,1,24380626000000000000,
114,909,1,0xf6210b4bb2fe841630eb50001e688c4bc058b602,1,0,vetinary.eth
115,319,1,0x66ab525022c5291c0c3d7a7199a38b827586f30c,1,0,
116,462,1,0x965ce531fbcc1673050301594ad6e14ee98a9357,1,0,
117,66,1,0x1125a9f95f2338f53d91278ba313194c6cbf2bec,1,220000050000000000000,
118,335,1,0x6a03f69c9a3a45a716a5c3eca44d57159c6c4948,0,0,
119,822,1,0xd82de84a0e70c0fe6d4344a8594ff3756cd11203,1,0,
120,64,1,0x1084b55cb63de549806a521036f7dad2d37e3fae,1,0,pipe.eth
121,786,1,0xcc7b3f37194c7bdc51cbf89c844472b830dadaca,1,0,
122,346,1,0x6e9a88971e957abb41bae4e2677cae258f0c1e76,1,0,blakeðŸŒ¯.eth
123,747,1,0xca768c37ba6ec3d67be7b47bbe1f1c94ca216f46,1,3803943118395745209796,langos.eth
124,61,1,0x0d8a282f1c5a2a0d9a078865fae419b576ad4a1b,1,0,
125,791,1,0xcd3eb0327930828504a9107bebb163646d0b5a0f,1,22282129000000000000,
126,796,1,0xd02ae906edc339872b8300020fc4411c4f4036e1,1,1117259203000000000000,andykaufman.eth
127,58,1,0x0c31b6605686aa26df47eb45af0e4aa6639a5fd6,1,1,
128,74,1,0x1476ac3a5fe25c2a5edf4889b877f4f9639b8a21,1,21198944000000000000,
129,57,1,0x0b7c75a9689a84854256c7d5db7c87feb1bbbb8b,0,20764979000000000000,redbrown.eth
130,239,1,0x4d3877abc39d131a39ce21dd0675ad3c1e3f3f32,1,0,9xkiwi.eth
131,55,1,0x0a10871a80cf1329cc5943c4f0746e2b02082311,1,0,
132,744,1,0xca4c08135366201d6afaed66e5422db8865bbb39,1,0,
133,50,1,0x08e166bddc849cfd91084e828b5096085e8e0875,1,0,
134,818,1,0xd6a6027d168ce1f8036d8d01c2918f8cb610271b,1,0,iamfreenow.eth
135,332,1,0x69b552292fb5e71632bfecbd592c03d7998259ba,1,264727197000000000000,regis.eth
136,255,1,0x565b93a15d38acd79c120b15432d21e21ed274d6,1,14519749701243707486534,flynnjamm.eth
137,249,1,0x52b9783f1f955ac10d50c7d4ab62d7f2288d6446,1,0,
138,52,1,0x0900a13fb9382c6668a74500ccce70eb96385e0c,1,156285363000000000000,
139,237,1,0x4c1bcc8f570e9f98fab0eae6b14f4df6e90cb8f7,1,0,
140,455,10,0x94f890e53a8b98c5833ec668b7986b873d83e3a8,1,3671686305169699302,
141,44,10,0x070a96fe4ad5155ea91d409e8afec6b2f3c729c0,1,483847820970574739593476,
142,850,10,0xe264886feb92e9c6a92fa196dfdc09d330b66c17,1,0,
143,781,10,0xca768c37ba6ec3d67be7b47bbe1f1c94ca216f46,1,19117061297805738184186,langos.eth
144,563,10,0xaa13905714dc09e1c51926869ddf2f3f2f1f3133,1,1004539742479496292,
145,233,10,0x4a3e6e66f8c32bc05a50879f872b1177a1573cdf,1,15052079206181761044510,taliskye.eth
146,715,10,0xc6a0d93a696b3cb60a3d1adc7852bb3131639671,1,31994941295539429776401,nahuel.eth
147,472,11,0x992b9b3acc35b0fdfd4572bb2f5dc54ed2cffa84,1,50820101000000000000,satse.eth
148,456,11,0x94f890e53a8b98c5833ec668b7986b873d83e3a8,1,3671686305169699302,
149,547,11,0xa72511883e1d69b63ec7c744dca756a7a698d0ae,1,684931387125879898646,
150,782,11,0xca768c37ba6ec3d67be7b47bbe1f1c94ca216f46,1,19117061297805738184186,langos.eth
151,718,11,0xc6c9d802bc16d8746aafcac4781f9a8d442d585d,1,5735374925559439309,missiontomars.eth
152,898,11,0xf2daebd70beb828ab7480bd12f289d42af48ebb2,1,551773796424709722680,
153,716,11,0xc6a0d93a696b3cb60a3d1adc7852bb3131639671,1,32013699112807668354589,nahuel.eth
154,234,11,0x4a3e6e66f8c32bc05a50879f872b1177a1573cdf,1,15052079206181761044510,taliskye.eth
155,742,11,0xc8f88b4aef57ac93fe41390194c3a4d77d7df744,1,15748999235622649711278,torgin.eth
156,190,11,0x4059457092cc3812d56676df6a75fd21204fbe2f,1,5108751887607133866,benoxmo.umbra.eth
157,274,11,0x588031347beaa0d43978bc8c0094138a67d1a071,1,8177471113592527463,estebanether.eth
158,821,11,0xd7dc6d34d12a49d6c0eae055e948014901329cd1,1,51464185000000000000,
159,295,11,0x5f00742d6674d7b1ae724114907dd21f49786034,1,154033048000000000000,
160,626,11,0xb532fe24310aa59fb428a3dd02dc61b86bf953fa,1,1089701216120477598444,
161,262,11,0x565b93a15d38acd79c120b15432d21e21ed274d6,1,10190569958499433695269,flynnjamm.eth
162,246,11,0x50c25a4f9d19c8f704f2e5d77c00f9cbe6dbb357,1,711076099722434738222,megcusack.eth
163,379,11,0x79927e10304d4290b42425ae1232a76a1b2e7232,1,2716836954517717929579,
164,299,11,0x61a538988fa6e215b6a96988bd684dd013b8b0ad,1,10000000000000000000,
165,551,11,0xa8c7372dc993d7510c9c45425807d463967cbb12,1,314740102621096265544,bmann.eth
166,668,11,0xc426f7adb8c15771cdc6df55d31518056c04d63e,1,4377546097190420046559,
167,656,11,0xc15753ae3b6099b8a3366b836433d6542645b876,1,495665462946575024567,hullofrenz.eth
168,595,11,0xb0623c91c65621df716ab8afe5f66656b21a9108,1,427153264031720652336,johnpalmer.eth
169,235,12,0x4a3e6e66f8c32bc05a50879f872b1177a1573cdf,1,15052079206181761044510,taliskye.eth
170,263,12,0x565b93a15d38acd79c120b15432d21e21ed274d6,1,10190569958499433695269,flynnjamm.eth
171,436,12,0x8d07d225a769b7af3a923481e1fdf49180e6a265,1,50000000000000000000,monetsupply.eth
172,247,12,0x50c25a4f9d19c8f704f2e5d77c00f9cbe6dbb357,1,779677298108842205809,megcusack.eth
173,296,12,0x5f00742d6674d7b1ae724114907dd21f49786034,1,154033048000000000000,
174,342,12,0x6c8acc7ece36bdbe0b3edb98f781eec3105b98e5,1,518785955794442000,
175,294,12,0x5c51ec4986e5fc0e92b309602fe288cc00cd822e,1,1532945532469737700,
176,191,12,0x4059457092cc3812d56676df6a75fd21204fbe2f,1,5108751887607133866,benoxmo.umbra.eth
177,428,12,0x8c340ad3e0ca75edf7c023e3d128eebfc4d7f2c0,1,12223566320910951668788,
178,400,12,0x7ffd3b2ba34fd52d63d4f3bf7a21846f45829b5e,1,25055293973791294600,
179,463,12,0x97e6e59baf7c21a833fdb658d82357f3b11679f9,1,48435777555951259202,
180,783,12,0xca768c37ba6ec3d67be7b47bbe1f1c94ca216f46,1,19117061297805738184186,langos.eth
181,605,12,0xb0dc0c7a91c34ac1698f9e7ec03104bdb3b42de3,1,15313879083093619673744,0xsiam.eth
182,717,12,0xc6a0d93a696b3cb60a3d1adc7852bb3131639671,1,31994941295539429776401,nahuel.eth
183,719,12,0xc6c9d802bc16d8746aafcac4781f9a8d442d585d,1,5735374925559439309,missiontomars.eth
184,877,12,0xeaa11e489dbb1073fd5a9732c9c1bcaf48a7abb9,1,314065824025249660967,0xdude.eth
185,743,12,0xc8f88b4aef57ac93fe41390194c3a4d77d7df744,1,15748999235622649711278,torgin.eth
186,552,12,0xa8c7372dc993d7510c9c45425807d463967cbb12,1,314740102621096265544,bmann.eth
187,586,12,0xae9d5647400ce620dcf954b0f822976ced9a6504,1,395388619417234252,
188,464,13,0x97e6e59baf7c21a833fdb658d82357f3b11679f9,1,38462603330464103026,
189,283,13,0x5a72bfaf8dd5b251bd008fdc0b4656319ac0509b,1,351604938341571825729,
190,45,13,0x070a96fe4ad5155ea91d409e8afec6b2f3c729c0,1,538114752495904943858862,
191,890,13,0xef933ce7f92ab3d851013fb3473086e5c4801cd5,1,18071950410654519208,bearkylls.eth
192,188,13,0x3f91fde8dca11a6208f1bbfb6797fe50e5dca663,1,4167100000000000000,
193,326,14,0x6808c8f473363d085d8d8ece4b53966cad81ee4a,1,391501270302422179917,
194,46,14,0x070a96fe4ad5155ea91d409e8afec6b2f3c729c0,1,537782264510472642120789,
195,891,14,0xef933ce7f92ab3d851013fb3473086e5c4801cd5,1,18071950410654519208,bearkylls.eth
196,369,14,0x79198fec001e269a85ae1496e3394d22b00b14a1,1,78432515758264825977,
197,917,14,0xfb808b3a5c074f2c6475d6926f4330b8044552e9,1,4734639611707877,
198,284,14,0x5a72bfaf8dd5b251bd008fdc0b4656319ac0509b,1,351604938341571825729,
199,465,14,0x97e6e59baf7c21a833fdb658d82357f3b11679f9,1,38462603330464103026,
200,505,14,0x9fff03a69ab706415f425c21820b4644d2577f7f,1,341638240921477090261,
201,450,14,0x92db1a82dc9cc4a3d4e3df5246c8853114928bba,1,5000000000000,llll.eth
202,720,15,0xc70f6273f7edf28f28810ea0b8dec35eb00bca81,1,384297327000000000000,gibbounleashed.eth
203,336,15,0x6a43e60d5520912d20f19eb29a011e82a6ee50ae,1,129946211714377232762,sasis.eth
204,831,15,0xda3611f57f540873a1f836ede74bf67a396139b6,1,570245540000000000000,blocklollo.eth
205,687,15,0xc5bc4606d634da2708e9559523efefe46521f30b,1,1987486800684011200,
206,451,15,0x92db1a82dc9cc4a3d4e3df5246c8853114928bba,1,5000000000000,llll.eth
207,370,15,0x79198fec001e269a85ae1496e3394d22b00b14a1,1,78432515758264825977,
208,863,15,0xe4a77604802ee95603ec22ca0e4ebf981f6134a3,1,40697710000000000000,
209,47,15,0x070a96fe4ad5155ea91d409e8afec6b2f3c729c0,1,523608296298347205757401,
210,84,15,0x192420795e6a2c80c4a90f8a380d792145985f27,1,68101558068821275238,wolf.eth
211,518,15,0xa31cd363cd2867e98fb0102e07e0c226f8346e48,1,3596029000000000000,
212,253,15,0x52ef83e77243970e74680fc5814d4a7b984d4b89,1,210163286759222856946,poapgod.eth
213,814,15,0xd2c404a6224cd327868c0a9388ff0f75c2a5bf81,1,33850336000000000000,
214,349,15,0x6e9a88971e957abb41bae4e2677cae258f0c1e76,1,80000000000000000000,blakeðŸŒ¯.eth
215,790,15,0xccd72bea12f3927063be3d8798a4b74082713cb5,1,55325000000000000000000,nascent.eth
216,784,15,0xca768c37ba6ec3d67be7b47bbe1f1c94ca216f46,1,18598187803320352067404,langos.eth
217,554,15,0xa99c377ac478a79fb60ffce3545c8b18c255b9c5,1,5220787249561804063,bourbonfan.eth
218,391,15,0x7bf49814598924b1ab2a33ad815054b6367cddd0,1,53955183000000000000,mikepalace.eth
219,548,15,0xa72511883e1d69b63ec7c744dca756a7a698d0ae,1,167012590935980030498,
220,878,15,0xeaa11e489dbb1073fd5a9732c9c1bcaf48a7abb9,1,4065824025249660967,0xdude.eth
221,897,15,0xf02f24d3b531dcc7414df353ec13ff1c1c69045c,1,10125136000000000000,
222,406,15,0x84bd9ed56a1c9e4bb367fe655134a5d0e0fe1b13,1,20000000000000000000,brassic.eth
223,921,15,0xfc5722f34a48803adf8cd9b2e9b597c11d3a4993,1,237609611000000000000,11201983.eth
224,407,15,0x85d10d3c539bc4bbe13fd1631fa09d14e742eb71,1,27391229000000000000,unstatesloth.eth
225,135,15,0x2ff28a33a9f4a51108a31b2b205abebc2092b25b,1,262322406000000000000,
226,119,15,0x29262a827ebacadeedf43ca3b0ec6fbf4380fec1,1,24568908000000000000,
227,564,15,0xaa13905714dc09e1c51926869ddf2f3f2f1f3133,1,1005709520990370190,
228,429,15,0x8c340ad3e0ca75edf7c023e3d128eebfc4d7f2c0,1,87142850244835232394,
229,300,15,0x61a538988fa6e215b6a96988bd684dd013b8b0ad,1,10000000000000000000,
230,7,15,0x0087a081a9b430fd8f688c6ac5dd24421bfb060d,1,243354139060753307568,defilatam.eth
231,466,15,0x97e6e59baf7c21a833fdb658d82357f3b11679f9,1,462603330464103026,
232,204,15,0x4a160e45aa802cd9efdef7554ef50b177f384fba,1,847385975355919480,
233,874,16,0xe510058152640c40266d910eea4c42bf58ced7f2,1,6035824940711437524,
234,785,16,0xcb77c5d5d7d6974435eb3a6931d06318d3501643,1,578501630000000000000,
235,250,16,0x52ef83e77243970e74680fc5814d4a7b984d4b89,1,221963423822299993878,poapgod.eth
236,277,16,0x5a72bfaf8dd5b251bd008fdc0b4656319ac0509b,0,340004938341571825729,
237,920,16,0xfc5722f34a48803adf8cd9b2e9b597c11d3a4993,1,237609611000000000000,11201983.eth
238,817,16,0xd6112bb75d036a4af8d1fae4eb6cb01e9731f703,1,0,trackyourdog.eth
239,292,16,0x5c51ec4986e5fc0e92b309602fe288cc00cd822e,1,1532945532469737700,
240,314,16,0x654e294458421e5c6d533e1ce3a1484206bfbef8,1,48000975939610847370,
241,830,16,0xda3611f57f540873a1f836ede74bf67a396139b6,0,570245540000000000000,blocklollo.eth
242,331,16,0x69b552292fb5e71632bfecbd592c03d7998259ba,1,64726243000000000000,regis.eth
243,834,16,0xdc2f48f5b303d7412aa5ab8e02a178534b560a18,1,616332865615978430615,
244,565,16,0xaa6444dbaf86f16b894ef29d2fddff7ab7cfcd43,1,0,rootial.eth
245,573,16,0xab7b49bacd43bd4cfa41433d477f690bb9e1fb26,1,43858235000000000000,eth9999.eth
246,206,16,0x4a3e6e66f8c32bc05a50879f872b1177a1573cdf,1,15000079206181761044510,taliskye.eth
247,423,16,0x8c340ad3e0ca75edf7c023e3d128eebfc4d7f2c0,1,87142850244835232394,
248,405,16,0x84bd9ed56a1c9e4bb367fe655134a5d0e0fe1b13,1,20000000000000000000,brassic.eth
249,633,16,0xb9a28ce32dca69ad25e17212bc6d3d753e795aae,1,57486654000000000000,
250,116,16,0x29262a827ebacadeedf43ca3b0ec6fbf4380fec1,1,24568908000000000000,
251,390,16,0x7bf49814598924b1ab2a33ad815054b6367cddd0,1,53955183000000000000,mikepalace.eth
252,344,16,0x6dbb9d989289bdd2f11ae7b65783ba8cac6027d0,0,999399041153787246,
253,675,16,0xc4b58654979382b02c65b8786f6b0242b7f6648c,1,300592468256333176485,
254,688,16,0xc6597e56a12af557f98df3bb899ad584a85a8d4e,1,5147644000000000000,
255,689,16,0xc6a0d93a696b3cb60a3d1adc7852bb3131639671,1,32109259527217354075362,nahuel.eth
256,440,16,0x8e5539996a21fa05f7e553cb43d25f373ba6a1fa,1,0,
257,345,16,0x6e9a88971e957abb41bae4e2677cae258f0c1e76,1,30000000000000000000,blakeðŸŒ¯.eth
258,553,16,0xa99c377ac478a79fb60ffce3545c8b18c255b9c5,1,5220787249561804063,bourbonfan.eth
259,555,16,0xaa13905714dc09e1c51926869ddf2f3f2f1f3133,1,1005709520990370190,
260,734,16,0xc8f88b4aef57ac93fe41390194c3a4d77d7df744,1,15489713284324386736398,torgin.eth
261,81,16,0x192420795e6a2c80c4a90f8a380d792145985f27,1,68101558068821275238,wolf.eth
262,73,16,0x1476ac3a5fe25c2a5edf4889b877f4f9639b8a21,1,21327640101280680488,
263,80,16,0x16e3a8d05dd429c603ea88d5c898d822ac5a7469,1,587371816957181131,
264,746,16,0xca768c37ba6ec3d67be7b47bbe1f1c94ca216f46,1,18282376755754732686080,langos.eth
265,432,17,0x8d07d225a769b7af3a923481e1fdf49180e6a265,1,50000000000000000000,monetsupply.eth
266,593,17,0xb0623c91c65621df716ab8afe5f66656b21a9108,1,515651679513017030198,johnpalmer.eth
267,748,17,0xca768c37ba6ec3d67be7b47bbe1f1c94ca216f46,1,16263476425635785719236,langos.eth
268,419,17,0x8ac5c1cbafc564fbd01ee4b116dea85e6a593ab4,1,0,theogonella.eth
269,632,17,0xb7d672703e7987715912a0784be91b27d1098c89,1,168212772884756809658,
270,808,17,0xd1412b9db3c9667af10ca11ff3579e9e14ebb228,1,2081347833590573694058,
271,892,17,0xf02f24d3b531dcc7414df353ec13ff1c1c69045c,1,10125136000000000000,
272,467,17,0x980e2bf8368b26e070d12438c3ce9ab8cac60c65,1,1000000000000000000,dogetothemoon.eth
273,321,17,0x67b98fa27f40028e9caaf5a02535cf112db833aa,1,1009522224487312321403,
274,556,17,0xaa13905714dc09e1c51926869ddf2f3f2f1f3133,1,1004791433352884821,
275,506,17,0xa21df89c3f7375ebe7381cc858e0aa0b7c83aee0,1,1007994903792064194,jacobjewell.eth
276,395,17,0x7e1bda944017ab34ffe87f70944afc465e940f31,1,4167732682419370000,
277,634,17,0xb9a28ce32dca69ad25e17212bc6d3d753e795aae,1,32486654000000000000,
278,860,17,0xe34e1fd01f5d2d5533a586941f22dc8d4894a0d3,1,5619155118838,metallionaire.eth
279,327,17,0x684f49bc1e04339d84f2370f14dc1491a3b4f113,1,106561017000000000000,rliriano.eth
280,641,17,0xbd8a922be2101c8a20286a7a3046279a0cf23eaf,1,89106655900852386761,jacobhuang.argent.xyz
281,691,17,0xc6a0d93a696b3cb60a3d1adc7852bb3131639671,1,31827457820147086231479,nahuel.eth
282,885,17,0xee4e5951a40aacf2ab525a664b7b4677eb335a17,1,84060004000000000000,
283,835,17,0xdc2f48f5b303d7412aa5ab8e02a178534b560a18,1,90494738119456894934,
284,0,17,0x0057bd83a142da84b6404616c683e21e7dd6fa5f,1,2059645750373962792,
285,130,17,0x2fae7ca03363a8722df266fcc1df74f3957408a8,1,1000000000000000000,0x2fa.eth
286,32,17,0x070a96fe4ad5155ea91d409e8afec6b2f3c729c0,1,531442439190759432573161,
287,269,17,0x5723fb463167b6d5b7a3cf4a9d7623c8e1e5c664,1,284424546000000000000,
288,60,17,0x0d5ef5088ffdedb05cfa80ea1b4f5992a3b7b4af,1,97138396495032304767,
289,117,17,0x29262a827ebacadeedf43ca3b0ec6fbf4380fec1,1,24568908000000000000,
290,273,17,0x588031347beaa0d43978bc8c0094138a67d1a071,1,3774969727731173986,estebanether.eth
291,275,17,0x59240e33416fdb8a09702b754712384d2a911412,1,1847260034131131450,
292,195,17,0x4636e19f6e68bc6cc0f7bfa2d5f2ec3cf9413c0e,1,249807713021689203,
293,162,17,0x3727321b9b1318c2716b743e4eea28e0c8fc7f58,1,71895071404031495,
294,207,17,0x4a3e6e66f8c32bc05a50879f872b1177a1573cdf,1,15004747618214874324715,taliskye.eth
295,97,17,0x20b66765e8b16804090a2856023b43c3802aca72,1,1914399904452465140,
296,105,17,0x22c0259870aac800347d8e20870b9ecf40665959,1,1000000000000000000,
297,251,17,0x52ef83e77243970e74680fc5814d4a7b984d4b89,1,3739028504960282082,poapgod.eth
298,847,18,0xe0f83402b0266f3abc45a8b09baf424c303e853c,1,0,
299,809,18,0xd1412b9db3c9667af10ca11ff3579e9e14ebb228,0,2081347833590573694058,
300,446,18,0x8f931fc620cd320775687bc6c8f2cbdbde3dcf22,1,68700341922014121,
301,33,18,0x070a96fe4ad5155ea91d409e8afec6b2f3c729c0,1,629844627203255450065677,
302,198,18,0x48a9789428f2067338d02b1ef3612df64f05feb7,1,1000000000000000000,liuchaojin.eth
303,682,18,0xc5936887ac79ea0457c286ee586cc0066b6e6cd5,1,6086321642865164430,
304,155,18,0x35ac1fca4d919e864e2fdf10297cf09939ef5a4d,1,30231355553601517191,
305,1,18,0x0057bd83a142da84b6404616c683e21e7dd6fa5f,1,2059645750373962792,
306,749,18,0xca768c37ba6ec3d67be7b47bbe1f1c94ca216f46,1,16253476425635785719236,langos.eth
307,557,18,0xaa13905714dc09e1c51926869ddf2f3f2f1f3133,1,1004791433352884821,
308,208,18,0x4a3e6e66f8c32bc05a50879f872b1177a1573cdf,1,15004747618214874324715,taliskye.eth
309,200,18,0x497cfe918001c1aceb139ce32ae933521739f11f,1,1662487000000000000,
310,75,18,0x1476ac3a5fe25c2a5edf4889b877f4f9639b8a21,1,21327640101280680488,
311,597,19,0xb0dc0c7a91c34ac1698f9e7ec03104bdb3b42de3,0,15094918026000000000000,0xsiam.eth
312,328,19,0x684f49bc1e04339d84f2370f14dc1491a3b4f113,1,124666026955324138762,rliriano.eth
313,508,19,0xa2e7002e0ffc42e4228292d67c13a81fdd191870,1,0,fommes.eth
314,347,19,0x6e9a88971e957abb41bae4e2677cae258f0c1e76,1,400000000000000000000,blakeðŸŒ¯.eth
315,481,19,0x9b06ffcb22773a854c0467b2c05f1b5427133be8,1,22865961186109633247,
316,82,19,0x192420795e6a2c80c4a90f8a380d792145985f27,1,3859614390631208970,wolf.eth
317,843,19,0xde67adf51408acca6bee2abe20dbfff2dddfed33,1,45817633502571037,isantorini.eth
318,730,19,0xc75f1ad2eaef79b729c8dd8bcbaeddd893f5a761,1,0,
319,449,19,0x92db1a82dc9cc4a3d4e3df5246c8853114928bba,1,5000000000000,llll.eth
320,34,19,0x070a96fe4ad5155ea91d409e8afec6b2f3c729c0,1,682641094975204863131339,
321,635,19,0xbb55ebe9a672ee9e93491c40124c530241910554,1,4000000000000000000,javydavy.eth
322,118,19,0x29262a827ebacadeedf43ca3b0ec6fbf4380fec1,1,24568908000000000000,
323,893,19,0xf02f24d3b531dcc7414df353ec13ff1c1c69045c,1,12832075032387992781,
324,416,19,0x8abaf5733742b1506f6a1255de0e37aec76b7940,1,0,dumbfuck.eth
325,750,19,0xca768c37ba6ec3d67be7b47bbe1f1c94ca216f46,1,16248092904006663730479,langos.eth
326,558,19,0xaa13905714dc09e1c51926869ddf2f3f2f1f3133,1,1008479193166429414,
327,692,19,0xc6a0d93a696b3cb60a3d1adc7852bb3131639671,1,31833738029250362753410,nahuel.eth
328,149,19,0x33fd5f04fa5e2f9df117e3a7389fcfc247c24bb7,1,10000000000000000000000,
329,788,19,0xccd72bea12f3927063be3d8798a4b74082713cb5,1,3781618978968679222376,nascent.eth
330,810,19,0xd1412b9db3c9667af10ca11ff3579e9e14ebb228,1,2081347833590573694058,
331,545,19,0xa72511883e1d69b63ec7c744dca756a7a698d0ae,1,106340000000000000000,
332,585,19,0xae7758ba4157d0b6fd00c405169ee62678acc58a,1,71425106000000000000,jkautz.eth
333,575,2,0xabb9f91560f3c90c1aabf2852f827c91127ef924,1,164150328541763714316,
334,846,2,0xe0ba6c4c82376c76386d1ca2ae2516ab18882e3c,1,68322544000000000000,
335,448,2,0x91d70fd5006a5a29c66b57a7b1703f49bde957e5,1,0,
336,797,2,0xd02ae906edc339872b8300020fc4411c4f4036e1,1,1117259203000000000000,andykaufman.eth
337,571,2,0xab5886f50263de85ccc8d3f10cafa6bdc7153a82,1,100920325000000000000,
338,845,2,0xde88d54819c4ae692fbb8f5f914ac5723951ee65,1,422964966000000000000,wouimbly.eth
339,59,2,0x0c31b6605686aa26df47eb45af0e4aa6639a5fd6,1,1159493203983697552,
340,442,2,0x8e77c563c2b2f35cd5560828e197e4ec57556687,1,0,
341,194,2,0x461cde402c6b945036df1b49f2703fca22b23d7b,1,69501356000000000000,oops.eth
342,543,2,0xa6b31b0b7cd3660d4d6633223b6a27af83db85df,1,0,
343,852,2,0xe2e8fee9ac2af4352a0e424650b77da25c36bf80,1,426710231376185643317,ninjapay.eth
344,438,2,0x8d899892410cdbd8d27e251ca699672b94730ec4,1,675667088000000000000,
345,65,2,0x1084b55cb63de549806a521036f7dad2d37e3fae,1,200930193000000000000,pipe.eth
346,51,2,0x08e166bddc849cfd91084e828b5096085e8e0875,1,853860893000000000000,
347,120,2,0x2b4ef02dc7dbca60f4978ad70df28a956df5b63d,1,5768010000000000000,
348,628,2,0xb6605f98a5562b1ac821bc5f2b75934239e8c6d6,1,26158009886058416460,catcatcat.eth
349,412,2,0x8917297f98718541ea6e607462b9cd7b7eea2ab3,1,0,
350,147,2,0x330e75e1f48b1ee968197cc870511665a4a5a832,1,36424406534317114879330,
351,414,2,0x8a2971ec277ff9ca03ede81f9ae12dc08dcfdf56,1,3318034769725940213550,
352,415,2,0x8a4bdd77b75792f3327df1ed106cf2df91f79369,1,0,
353,787,2,0xcc7b3f37194c7bdc51cbf89c844472b830dadaca,1,0,
354,62,2,0x0d8a282f1c5a2a0d9a078865fae419b576ad4a1b,1,0,
355,144,2,0x3274d89c5c27c33bf44ff44c027a6f986e4e7bd8,1,0,
356,862,2,0xe4a77604802ee95603ec22ca0e4ebf981f6134a3,1,0,
357,856,2,0xe2f6e3565a96cd24d6ba985563a26fb3c93cad04,1,792073005675633143993,
358,151,2,0x34d8575ec66968ab4ea07f7031ed6a74c213b704,1,21738597000000000000,luckyboys.eth
359,203,2,0x49f4e3c8b59689767b988c333adde1a02d3a78ba,1,0,
360,154,2,0x35640d73401254601704ec94b564469bb6e00cd4,1,0,
361,431,2,0x8c6b10d42ff08e56133fca0dac75e1931b1fcc23,1,8888663535293015402569,
362,792,2,0xcded63761b601f817fc8c7b4a03f15328e45f448,1,0,
363,146,2,0x32e61203d6ef64a329bb0db488680c64f2941302,1,216838987492749749226,
364,67,2,0x1200eb4fa3df9903fc6eff1d7a4a5d17502329b2,1,0,
365,69,2,0x12f5d55526597de9eea0ae9df30f837d83a0bdd2,1,0,
366,182,2,0x3ec44a823e07555b5f889d8d954eec736eb5865b,1,100000000000000000000,collinpixley.eth
367,488,2,0x9cca0d5cadd9871fbe79333fcb73a7e207442f30,1,28143555000000000000,
368,616,2,0xb3696bfd947104624a838dd0ae1282756e47ea39,1,0,
369,607,2,0xb21731d830b7e8460e5d6c66dc1ccc0a5d0a6b87,1,0,philfr.eth
370,826,2,0xd8ff36bd818bcae0278f0904d527206363795082,1,100030422000000000000,
371,823,2,0xd82de84a0e70c0fe6d4344a8594ff3756cd11203,1,0,
372,764,2,0xca768c37ba6ec3d67be7b47bbe1f1c94ca216f46,1,4559010738119587611270,langos.eth
373,503,2,0x9f3ef50ea64adad5b33f1f8222760cfbf42007f7,1,50360541131482398363,alphaserpentis.eth
374,504,2,0x9f7610115501abd147d1d82ce92cea2a716690ed,1,0,
375,166,2,0x3951498c5551e7552e536f63ed3e7c861b0f8d93,1,0,
376,600,2,0xb0dc0c7a91c34ac1698f9e7ec03104bdb3b42de3,1,4144470823990895163060,0xsiam.eth
377,523,2,0xa4b06dd6316800bbab250d7486c57c982dee6e6a,1,453852869000000000000,asuna.eth
378,819,2,0xd6a6027d168ce1f8036d8d01c2918f8cb610271b,1,0,iamfreenow.eth
379,510,2,0xa31c2232842e631ccb2d2e4110b356bab21e6020,1,200411109000000000000,therealtuna.eth
380,591,2,0xb03f5438f9a243de5c3b830b7841ec315034cd5f,1,0,m-j-r.eth
381,161,2,0x368c4e8933cf3577ccc394b4e05b4e03691493f1,1,0,
382,410,2,0x87d83ea617bc2f12ea0ea7760f8a82f2c5f19d2f,1,0,
383,53,2,0x0900a13fb9382c6668a74500ccce70eb96385e0c,1,156285363000000000000,
384,128,2,0x2f8c2239e53492584420ffea44b66cf26c45b40a,1,0,
385,482,2,0x9c2731b4a9adae8b65402e7036318a607496db45,1,0,
386,529,2,0xa4b8339d2162125b33a667b0d40ac5dec27e924b,1,19057417602322303003072,
387,180,2,0x3e5a90f582d45cf83e0446d53b3069e86162003b,1,0,0xd0s.eth
388,461,2,0x964e58e3081d6e5de4182289ef8ce2c32e9a96fb,1,732032697721839373950,
389,123,2,0x2b5a0be5940b63de1eddccca7bd977357e2488ed,1,0,
390,178,2,0x3db69bf6ac1735509a60490d338c999252fa153a,1,15685598662952093737,charlycryptoinvest.eth
391,176,2,0x3d158a518b2893fcbf21bfbd2544d8c8582909dc,1,0,
392,174,2,0x3af9fe35d280ada5a5edb1bef3ed872a3231d73c,1,0,treth.eth
393,840,2,0xdd45ca901067d65860b54d4310e37371cd92fb09,1,0,sparklesmm.eth
394,470,2,0x992b9b3acc35b0fdfd4572bb2f5dc54ed2cffa84,1,204820101000000000000,satse.eth
395,624,2,0xb532fe24310aa59fb428a3dd02dc61b86bf953fa,1,5208037806642925293794,
396,836,2,0xdce21f796ffed3cb780895ed4109f548cdf5548c,1,0,
397,171,2,0x399a0e98343a22a15af031e3e206d7e6055c514b,1,0,nebzor.eth
398,477,2,0x9a72b97137065b3816d091310e483811baa1be0f,1,0,
399,56,2,0x0a10871a80cf1329cc5943c4f0746e2b02082311,1,0,
400,588,2,0xafa5dfeb5b3b16840a92d5fec1f5ece29128696f,1,0,
401,618,2,0xb37795f39c546d3511ba061d04783d987d1259a4,1,717376905000000000000,
402,829,2,0xd90ec9dc6f220be43ad88f3eff78fbd00d8fd1d6,1,947458015000000000000,jeffkraus.eth
403,859,2,0xe33611b07b9f08df79c304c48e5b80b75fa722a9,1,0,
404,353,2,0x6f69286d7c51de0f0cf5f3c03c8ca3eda8a322f9,1,176127040114415001649,
405,343,2,0x6daf8011d8fe4ed8ebc00a4042a0eea4688f6097,1,45998144000000000000,
406,242,2,0x4e3d9399c28c724293dd545225ec843ac4c9e953,1,0,
407,402,2,0x81d98c8fda0410ee3e9d7586cb949cd19fa4cf38,1,61202177000000000000,cowrie.eth
408,240,2,0x4d3877abc39d131a39ce21dd0675ad3c1e3f3f32,1,767969703033437510774,9xkiwi.eth
409,238,2,0x4c1bcc8f570e9f98fab0eae6b14f4df6e90cb8f7,1,25258150998489617320,
410,902,2,0xf53a69e7b19d3a92ceae7efb9c621d01d5ab365a,1,287247841000000000000,zhanglu.eth
411,351,2,0x6f53678864e355b4ae7bf3ff4a9ecb1e5107010a,1,0,
412,95,2,0x1dce25415d54e6bc694aafa6cd5e650d28bb786a,1,0,
413,674,2,0xc4a69b137d22b52a36328f3ac6d5aa9984faab8e,1,0,centrocapital.eth
414,14,2,0x03de28456f987281df43137f0a281152be77aae4,1,0,
415,276,2,0x5993fecb0ff732118e9e609c37e0f550e263598d,1,0,
416,357,2,0x709a71cd574e6c1c7064ff62e0dae652b7c9e359,1,2111868793914842689,
417,358,2,0x70f8c26c5288d170adbac1e23b6d2904232051d6,1,0,
418,894,2,0xf02f24d3b531dcc7414df353ec13ff1c1c69045c,1,0,
419,18,2,0x066a2edcc0b7278a2cf5bf2a040b4a54a41a9550,1,22703533000000000000,kuso.eth
420,670,2,0xc45230120f7f4642b27b6b48197e4f6934bbc349,1,155286798000000000000,daxtaran.eth
421,86,2,0x19cf388796c31fa7a583270d82659ecd2b4fd490,1,0,cryptomandias.eth
422,243,2,0x4e61f6c5aeb9bc5480e0929e6a47b9bf523d0b15,1,139571050803098833935,
423,12,2,0x03000a0ecb1898040c26cd418570cd480775f0da,1,67830496255069226436,
424,271,2,0x57edc3a856a69a1b086ab097c22792b0d5bb2ff2,1,1193928945000000000000,mdudas.eth
425,338,2,0x6b27a28d13b4b82d38e57100b5dc82f8ef3c074d,1,52061642539660327139,
426,310,2,0x63421ae93c44f5f3f58b7e3ad1245e955db49897,1,752450106000000000000,
427,265,2,0x56656ada4da72e587408d330e66a85b35516ee20,1,644519452000000000000,
428,916,2,0xfa152bdc58e9432ad955987b794ec6429414c4c1,1,0,dvnny.eth
429,88,2,0x1a1ca7f86e3dc901e2ffe532c4484e9e57d99fba,1,25000000000000000000,
430,258,2,0x565b93a15d38acd79c120b15432d21e21ed274d6,1,15450996337507081768682,flynnjamm.eth
431,684,2,0xc5a61d56ca395fcb87f148532369595e31286d0e,1,2441524389659986267228,letverse.eth
432,100,2,0x2185f44a28e18318ce6ec792e50575a4293d4381,1,154766220201337268690,
433,320,2,0x66ab525022c5291c0c3d7a7199a38b827586f30c,1,0,
434,733,2,0xc7e36bc2f80543b6c244b147606f9501da6c6561,1,616459500580748998049,
435,912,2,0xf8f40dbf4e35cdbc404bcd8795dca3b721d6ae08,1,0,erdincgumus.eth
436,8,2,0x01222a114552e89e4c548170f8c1f4d5460d255a,1,16490627582419126570,
437,329,2,0x6905b7a65ede4a9b1181f6abfb5cbc122c661f52,1,1427909109520497080012,
438,908,2,0xf5fe364d18f4a5a53badce9a046ba74cfc97f6fb,1,122771519000000000000,coinmandeer.eth
439,333,2,0x69b552292fb5e71632bfecbd592c03d7998259ba,1,264727197000000000000,regis.eth
440,2,2,0x0057bd83a142da84b6404616c683e21e7dd6fa5f,1,0,
441,245,2,0x50c25a4f9d19c8f704f2e5d77c00f9cbe6dbb357,1,0,megcusack.eth
442,906,2,0xf56b7c1194e11f941a9ee681d0a4bffa12a7924a,1,8478792808893988171,
443,679,2,0xc4b58654979382b02c65b8786f6b0242b7f6648c,1,398675325089513475312,
444,323,2,0x6808c8f473363d085d8d8ece4b53966cad81ee4a,1,0,
445,372,2,0x7929e033554d7d284d62a2f33856df31b4089999,1,7091255827230273260897,
446,96,2,0x205389a3a0ba0928f9c696fb29cbb3edc66183be,1,0,
447,288,2,0x5b5398d04f6de67614403e8432c791b9eaae956a,1,20338285561496216592,
448,398,2,0x7f8c1877ed0da352f78be4fe4cda58bb804a30df,1,750006226008437862143,gmewallet.eth
449,876,2,0xea2c3a53a679535d882ce8b2a603a5603349b036,1,0,
450,377,2,0x79927e10304d4290b42425ae1232a76a1b2e7232,1,1890006706443156711191,
451,870,2,0xe507f2d7de97c783a60fef9f1c4a4dade2b0a989,1,10144102686000000000000,thumb.eth
452,382,2,0x7af7ca67aa827f58e0659c52a641aee55a43b535,1,473022799000000000000,
453,919,2,0xfc17b4011c116cd8d9298a556108a79a2bacbdd0,1,0,
454,394,2,0x7d3bf2cb39f5ceeeca91ecc8201dc01616ad089f,1,0,goluis.eth
455,388,2,0x7b3013f95566aebeba4a16998ec1a6f3b0fc5c5d,1,0,
456,642,2,0xbd8a922be2101c8a20286a7a3046279a0cf23eaf,1,544955706000000000000,jacobhuang.argent.xyz
457,745,2,0xca4c08135366201d6afaed66e5422db8865bbb39,1,0,
458,703,2,0xc6a0d93a696b3cb60a3d1adc7852bb3131639671,1,2385453218820517959884,nahuel.eth
459,923,2,0xfc655427c568bcb837c05cec13e4956524ca83e0,1,733162588174711407,ðŸ”‘ðŸ”‘ðŸ”‘.eth
460,660,2,0xc426f7adb8c15771cdc6df55d31518056c04d63e,1,2641051990000000000000,
461,880,2,0xeae2bb84a160f7597f5792b5c6723e3cbab006cc,1,35446431000000000000,
462,126,20,0x2ea6fec9d00dcfdfc302417a4f954ba1dbaffed9,1,1194645028323413096,sanjuro29.eth
463,478,20,0x9abad5d367565425a11ab0446cdc1cd3f38a0bd8,1,340000000000000000000000,
464,11,20,0x03000a0ecb1898040c26cd418570cd480775f0da,1,22968288776274537543,
465,693,20,0xc6a0d93a696b3cb60a3d1adc7852bb3131639671,1,32388462929094728261994,nahuel.eth
466,417,20,0x8abaf5733742b1506f6a1255de0e37aec76b7940,1,10103147518014647865,dumbfuck.eth
467,209,20,0x4a3e6e66f8c32bc05a50879f872b1177a1573cdf,1,15128780614656372414545,taliskye.eth
468,677,20,0xc4b58654979382b02c65b8786f6b0242b7f6648c,1,300592468256333176485,
469,366,20,0x79198fec001e269a85ae1496e3394d22b00b14a1,1,78432515758264825977,
470,865,20,0xe507f2d7de97c783a60fef9f1c4a4dade2b0a989,1,10080102686000000000000,thumb.eth
471,751,20,0xca768c37ba6ec3d67be7b47bbe1f1c94ca216f46,1,16272333929009961988707,langos.eth
472,83,20,0x192420795e6a2c80c4a90f8a380d792145985f27,1,3859614390631208970,wolf.eth
473,289,20,0x5b9f96ba92fcf03d4bb22dcb658a07f702008e52,1,39747661207321092929,
474,866,21,0xe507f2d7de97c783a60fef9f1c4a4dade2b0a989,1,10080102686000000000000,thumb.eth
475,111,21,0x285b7eea81a5b66b62e7276a24c1e0f83f7409c1,1,2432925940178558443576,0xMaki.eth
476,621,21,0xb40e89de9db9c68697b41cc8c79346b3c2db7cff,1,785340952197037,
477,736,21,0xc8f88b4aef57ac93fe41390194c3a4d77d7df744,1,15443229950725161648052,torgin.eth
478,608,21,0xb2829b5955bf4d4a193cc9b15a7d315c2629ece0,1,112637450440306508165114,
479,433,21,0x8d07d225a769b7af3a923481e1fdf49180e6a265,1,50000000000000000000,monetsupply.eth
480,193,21,0x461cde402c6b945036df1b49f2703fca22b23d7b,1,170000000000000000063,oops.eth
481,752,21,0xca768c37ba6ec3d67be7b47bbe1f1c94ca216f46,1,16572333929009961988707,langos.eth
482,210,21,0x4a3e6e66f8c32bc05a50879f872b1177a1573cdf,1,15128780614656372414545,taliskye.eth
483,256,21,0x565b93a15d38acd79c120b15432d21e21ed274d6,1,10067701458995535246533,flynnjamm.eth
484,15,21,0x043bd8f57401e46a5da19545ffb50370202cc179,1,0,sumyro.eth
485,658,21,0xc2f82a1f287b5b5aebff7c19e83e0a16cf3bd041,1,267230962964809523458,niftytime.eth
486,694,21,0xc6a0d93a696b3cb60a3d1adc7852bb3131639671,1,32106995792056818574616,nahuel.eth
487,9,21,0x014607f2d6477badd9d74bf2c5d6356e29a9b957,1,0,btc520.eth
488,598,22,0xb0dc0c7a91c34ac1698f9e7ec03104bdb3b42de3,1,15094918026000000000000,0xsiam.eth
489,131,22,0x2fae7ca03363a8722df266fcc1df74f3957408a8,1,27229115296400282167,0x2fa.eth
490,158,22,0x35dc3ae8ab20501a720c6b8e247d7ef86f111872,1,0,chinabtc.eth
491,211,22,0x4a3e6e66f8c32bc05a50879f872b1177a1573cdf,1,15046490230816594377107,taliskye.eth
492,695,22,0xc6a0d93a696b3cb60a3d1adc7852bb3131639671,1,32125545201071509977569,nahuel.eth
493,867,22,0xe507f2d7de97c783a60fef9f1c4a4dade2b0a989,1,10080102686000000000000,thumb.eth
494,112,22,0x285b7eea81a5b66b62e7276a24c1e0f83f7409c1,1,2993174559128775873617,0xMaki.eth
495,254,22,0x54f9b53c8012e83e8fe5aaa28f35b1b9dd8be667,1,1714815737850767647,420d.eth
496,445,22,0x8ea8721f27efcaabb3901ed6756505ab873f15a7,1,710000000000000000,dosingwithdata.eth
497,613,22,0xb3152182472ba2e46b11c75440a72d087f0750b6,1,10003682045268285613867,
498,559,22,0xaa13905714dc09e1c51926869ddf2f3f2f1f3133,1,1008479193166429414,
499,753,22,0xca768c37ba6ec3d67be7b47bbe1f1c94ca216f46,1,16572333929009961988707,langos.eth
500,367,22,0x79198fec001e269a85ae1496e3394d22b00b14a1,1,78432515758264825977,
501,35,23,0x070a96fe4ad5155ea91d409e8afec6b2f3c729c0,1,1005767509529243235792622,
502,560,23,0xaa13905714dc09e1c51926869ddf2f3f2f1f3133,1,1008479193166429414,
503,754,23,0xca768c37ba6ec3d67be7b47bbe1f1c94ca216f46,1,16732344300213968026673,langos.eth
504,212,23,0x4a3e6e66f8c32bc05a50879f872b1177a1573cdf,1,15101650230816594377107,taliskye.eth
505,348,23,0x6e9a88971e957abb41bae4e2677cae258f0c1e76,1,10000000000000000000,blakeðŸŒ¯.eth
506,696,23,0xc6a0d93a696b3cb60a3d1adc7852bb3131639671,1,32179094927861277854703,nahuel.eth
507,599,23,0xb0dc0c7a91c34ac1698f9e7ec03104bdb3b42de3,1,19316092938581763415678,0xsiam.eth
508,36,24,0x070a96fe4ad5155ea91d409e8afec6b2f3c729c0,1,972646514360715606059153,
509,213,24,0x4a3e6e66f8c32bc05a50879f872b1177a1573cdf,1,15000350401670381241928,taliskye.eth
510,434,24,0x8d07d225a769b7af3a923481e1fdf49180e6a265,1,50000000000000000000,monetsupply.eth
511,697,24,0xc6a0d93a696b3cb60a3d1adc7852bb3131639671,1,32340775626318742374853,nahuel.eth
512,755,24,0xca768c37ba6ec3d67be7b47bbe1f1c94ca216f46,1,16832344300213968026673,langos.eth
513,214,25,0x4a3e6e66f8c32bc05a50879f872b1177a1573cdf,1,15000350401670381241928,taliskye.eth
514,76,25,0x1476ac3a5fe25c2a5edf4889b877f4f9639b8a21,1,467029874084859088,
515,756,25,0xca768c37ba6ec3d67be7b47bbe1f1c94ca216f46,1,16832344300213968026673,langos.eth
516,37,25,0x070a96fe4ad5155ea91d409e8afec6b2f3c729c0,1,982481238541580154594141,
517,609,26,0xb2829b5955bf4d4a193cc9b15a7d315c2629ece0,1,112795074737271528281900,
518,757,26,0xca768c37ba6ec3d67be7b47bbe1f1c94ca216f46,1,17310548245908372056768,langos.eth
519,215,26,0x4a3e6e66f8c32bc05a50879f872b1177a1573cdf,1,15000350401670381241928,taliskye.eth
520,698,26,0xc6a0d93a696b3cb60a3d1adc7852bb3131639671,1,32492463588338135196193,nahuel.eth
521,737,27,0xc8f88b4aef57ac93fe41390194c3a4d77d7df744,1,16425011359398355829678,torgin.eth
522,699,27,0xc6a0d93a696b3cb60a3d1adc7852bb3131639671,1,32860081664286575498485,nahuel.eth
523,216,27,0x4a3e6e66f8c32bc05a50879f872b1177a1573cdf,1,15000350401670381241928,taliskye.eth
524,868,27,0xe507f2d7de97c783a60fef9f1c4a4dade2b0a989,1,10125264168792515600108,thumb.eth
525,257,27,0x565b93a15d38acd79c120b15432d21e21ed274d6,1,9437418653490730300487,flynnjamm.eth
526,758,27,0xca768c37ba6ec3d67be7b47bbe1f1c94ca216f46,1,16830491431213968026673,langos.eth
527,678,27,0xc4b58654979382b02c65b8786f6b0242b7f6648c,1,303515517680198582052,
528,546,28,0xa72511883e1d69b63ec7c744dca756a7a698d0ae,1,106340000000000000000,
529,869,28,0xe507f2d7de97c783a60fef9f1c4a4dade2b0a989,1,10125264168792515600108,thumb.eth
530,217,28,0x4a3e6e66f8c32bc05a50879f872b1177a1573cdf,1,15000350401670381241928,taliskye.eth
531,759,28,0xca768c37ba6ec3d67be7b47bbe1f1c94ca216f46,1,16830491431213968026673,langos.eth
532,38,28,0x070a96fe4ad5155ea91d409e8afec6b2f3c729c0,1,971048677664821702032263,
533,887,28,0xef5ad662a5a42c3023e009035ee235082800b924,1,6841000000000000,
534,760,29,0xca768c37ba6ec3d67be7b47bbe1f1c94ca216f46,1,16859896757947600890724,langos.eth
535,39,29,0x070a96fe4ad5155ea91d409e8afec6b2f3c729c0,1,761819646436652359447057,
536,700,29,0xc6a0d93a696b3cb60a3d1adc7852bb3131639671,1,32654797007097193123607,nahuel.eth
537,550,29,0xa888f9f1df01c65d7b164f4e3368f482eda0ee8a,1,1000000000000000000,cosme.eth
538,568,3,0xab5309888c39646bb222a70e0bc1c69e3326ee77,1,520000204000000000000,renoeth.eth
539,92,3,0x1c175fdca70f2f1bbe04e3075aa9f968d35e6eb8,1,15144766000000000000,quantly.eth
540,63,3,0x0d8a282f1c5a2a0d9a078865fae419b576ad4a1b,1,22321483000000000000,
541,572,3,0xab5886f50263de85ccc8d3f10cafa6bdc7153a82,1,100920325000000000000,
542,101,3,0x2185f44a28e18318ce6ec792e50575a4293d4381,1,154766220201337268690,
543,142,3,0x31d173ea66fa8fba38b3ddb798c1c1098f3ae8c5,1,500000979000000000000,gekonn.eth
544,114,3,0x285b7eea81a5b66b62e7276a24c1e0f83f7409c1,1,17526047308597452245931,0xMaki.eth
545,77,3,0x1476ac3a5fe25c2a5edf4889b877f4f9639b8a21,1,21198944000000000000,
546,738,3,0xc8f88b4aef57ac93fe41390194c3a4d77d7df744,1,16894906050529423504863,torgin.eth
547,109,3,0x25be2dbcf1669cddf3f0ed0f9e01223aed3d1209,1,0,
548,108,3,0x23598029a695c5a622f09206d64c4efbcc366c87,1,40000000000000000000,
549,107,3,0x22e3f2c7b800f04227fd01075618725c211e2f4d,1,310526024579512769562,
550,661,3,0xc426f7adb8c15771cdc6df55d31518056c04d63e,1,6817660551586429356652,
551,671,3,0xc45230120f7f4642b27b6b48197e4f6934bbc349,1,220878105975168671090,daxtaran.eth
552,672,3,0xc4590e9dbcf47cb55f50ec2a504c026866ed78c1,1,70126666000000000000,
553,124,3,0x2b5a0be5940b63de1eddccca7bd977357e2488ed,1,54121181350640305866,
554,619,3,0xb37795f39c546d3511ba061d04783d987d1259a4,1,717376905000000000000,
555,129,3,0x2f8c2239e53492584420ffea44b66cf26c45b40a,1,50776453911366243185,
556,601,3,0xb0dc0c7a91c34ac1698f9e7ec03104bdb3b42de3,1,19219470823990895163060,0xsiam.eth
557,680,3,0xc4b58654979382b02c65b8786f6b0242b7f6648c,1,398675325089513475312,
558,132,3,0x2fae7ca03363a8722df266fcc1df74f3957408a8,1,540000000000000000000,0x2fa.eth
559,589,3,0xafa5dfeb5b3b16840a92d5fec1f5ece29128696f,1,92549099521489737452,
560,139,3,0x30eb4c1a534351662c1ae273b8986862b60fa079,1,1000000019968518318074,zhangtao.eth
561,685,3,0xc5a61d56ca395fcb87f148532369595e31286d0e,1,2441524389659986267228,letverse.eth
562,774,3,0xca768c37ba6ec3d67be7b47bbe1f1c94ca216f46,1,20227338556838243623962,langos.eth
563,68,3,0x1200eb4fa3df9903fc6eff1d7a4a5d17502329b2,1,0,
564,576,3,0xabb9f91560f3c90c1aabf2852f827c91127ef924,1,164150328541763714316,
565,143,3,0x322ffce13679647e5206a09d129aa834567b8993,1,138796554000000000000,
566,145,3,0x3274d89c5c27c33bf44ff44c027a6f986e4e7bd8,1,74903903000000000000,
567,708,3,0xc6a0d93a696b3cb60a3d1adc7852bb3131639671,1,32096090341743263959386,nahuel.eth
568,150,3,0x33fd5f04fa5e2f9df117e3a7389fcfc247c24bb7,1,10000000000000000000000,
569,383,3,0x7af7ca67aa827f58e0659c52a641aee55a43b535,1,473022799000000000000,
570,566,3,0xaaea73b45fd8028b3b27491c475bc5f54ce75679,1,62000703000000000000,
571,399,3,0x7f8c1877ed0da352f78be4fe4cda58bb804a30df,1,200000000000000000000,gmewallet.eth
572,424,3,0x8c340ad3e0ca75edf7c023e3d128eebfc4d7f2c0,1,1000650188339688998286,
573,857,3,0xe2f6e3565a96cd24d6ba985563a26fb3c93cad04,1,600073005675633143993,
574,205,3,0x4a29875994adf15abd11dd79e5923ca666d0f8ac,1,257572930000000000000,
575,853,3,0xe2e8fee9ac2af4352a0e424650b77da25c36bf80,1,606103164048573551484,ninjapay.eth
576,183,3,0x3ec44a823e07555b5f889d8d954eec736eb5865b,1,100000000000000000000,collinpixley.eth
577,179,3,0x3db69bf6ac1735509a60490d338c999252fa153a,1,15685598662952093737,charlycryptoinvest.eth
578,925,3,0xff2ddf66360f50bc719761959d19dc402d8c2811,1,0,vtv3.eth
579,175,3,0x3af9fe35d280ada5a5edb1bef3ed872a3231d73c,1,16180199000000000000,treth.eth
580,471,3,0x992b9b3acc35b0fdfd4572bb2f5dc54ed2cffa84,1,100820101000000000000,satse.eth
581,837,3,0xdce21f796ffed3cb780895ed4109f548cdf5548c,1,435057211000000000000,
582,483,3,0x9c2731b4a9adae8b65402e7036318a607496db45,1,700778280000000000000,
583,41,3,0x070a96fe4ad5155ea91d409e8afec6b2f3c729c0,1,48069673520633358397037,
584,881,3,0xeae2bb84a160f7597f5792b5c6723e3cbab006cc,1,35446431000000000000,
585,373,3,0x7929e033554d7d284d62a2f33856df31b4089999,1,7091255827230273260897,
586,884,3,0xeccc484dd4093f62fc24c4725800013fbc2c1d15,1,0,creampp.eth
587,889,3,0xef62275a246950d5e4ef9b7ed207d2e0ad41f307,1,78388272000000000000,joaquimduarte.eth
588,924,3,0xfc655427c568bcb837c05cec13e4956524ca83e0,1,733162588174711407,ðŸ”‘ðŸ”‘ðŸ”‘.eth
589,279,3,0x5a72bfaf8dd5b251bd008fdc0b4656319ac0509b,1,351604938341571825729,
590,291,3,0x5bfa69517e17411beda54ea2d3672709f4867254,1,118887968358771027815,
591,272,3,0x57edc3a856a69a1b086ab097c22792b0d5bb2ff2,1,1193928945000000000000,mdudas.eth
592,3,3,0x0057bd83a142da84b6404616c683e21e7dd6fa5f,1,57219867043298104099,
593,266,3,0x56656ada4da72e587408d330e66a85b35516ee20,1,644519452000000000000,
594,259,3,0x565b93a15d38acd79c120b15432d21e21ed274d6,1,15320746316308656545883,flynnjamm.eth
595,489,3,0x9cdbddf646a86ec987394c807defed498dbc7df4,1,21219139000000000000,foofighters.eth
596,317,3,0x66a8ca433b6af14bbff7ce6ac1bfc024efe75c2d,1,1000000000000000000,brutish.eth
597,324,3,0x6808c8f473363d085d8d8ece4b53966cad81ee4a,1,0,
598,330,3,0x6905b7a65ede4a9b1181f6abfb5cbc122c661f52,1,1114936923134473688599,
599,337,3,0x6aa29bcb6146b466a064582bbca829cd793af377,1,724134000000000000,
600,339,3,0x6b27a28d13b4b82d38e57100b5dc82f8ef3c074d,1,32061642539660327139,
601,903,3,0xf53a69e7b19d3a92ceae7efb9c621d01d5ab365a,1,287247841000000000000,zhanglu.eth
602,241,3,0x4d3877abc39d131a39ce21dd0675ad3c1e3f3f32,1,0,9xkiwi.eth
603,895,3,0xf02f24d3b531dcc7414df353ec13ff1c1c69045c,1,60125136000000000000,
604,913,3,0xf9454638f98c35b429a9ecd19fabe7578ce56684,1,1000000000000000000,theliquidator.eth
605,827,3,0xd8ff36bd818bcae0278f0904d527206363795082,1,100030422000000000000,
606,396,3,0x7e790ca3c053bd46c52eb6c73294ecf80b541ed4,1,38720445000000000000,
607,48,3,0x088e11cf7030680f1e889de192d2c27c391076bd,1,1000000000000000000,profiteering.eth
608,541,3,0xa5a2a35fa9404f3603505984506206ccf208489f,1,1000000000000000000,grindcore.eth
609,163,3,0x37d2f33c9b7adf3ff90903086ff95d842758a5b3,1,1000000000000000000,bullzeye.eth
610,793,3,0xcded63761b601f817fc8c7b4a03f15328e45f448,1,665789352179130012225,
611,54,3,0x097a39dcb7b2306c164dedba73832d15c50724d0,1,102975628635876679955,
612,804,3,0xd02ae906edc339872b8300020fc4411c4f4036e1,1,694531234000000000000,andykaufman.eth
613,549,3,0xa7bb51411a3d11323478f2e3fb4b540514060f97,1,187285864000000000000,
614,530,3,0xa4b8339d2162125b33a667b0d40ac5dec27e924b,1,22067282489465255066247,
615,524,3,0xa4b06dd6316800bbab250d7486c57c982dee6e6a,1,453852869000000000000,asuna.eth
616,761,30,0xca768c37ba6ec3d67be7b47bbe1f1c94ca216f46,1,16859896757947600890724,langos.eth
617,218,30,0x4a3e6e66f8c32bc05a50879f872b1177a1573cdf,1,15000350401670381241928,taliskye.eth
618,701,30,0xc6a0d93a696b3cb60a3d1adc7852bb3131639671,1,34301819835145747125855,nahuel.eth
619,479,30,0x9abad5d367565425a11ab0446cdc1cd3f38a0bd8,1,340000000000000000000000,
620,20,31,0x06c4865ab16c9c760622f19a313a2e637e2e66a2,1,1000000000000000000,aevolve.eth
621,762,31,0xca768c37ba6ec3d67be7b47bbe1f1c94ca216f46,1,16859896757947600890724,langos.eth
622,219,31,0x4a3e6e66f8c32bc05a50879f872b1177a1573cdf,1,15000350401670381241928,taliskye.eth
623,480,31,0x9abad5d367565425a11ab0446cdc1cd3f38a0bd8,1,340000000000000000000000,
624,40,32,0x070a96fe4ad5155ea91d409e8afec6b2f3c729c0,1,797974106934305870584482,
625,763,32,0xca768c37ba6ec3d67be7b47bbe1f1c94ca216f46,1,16859896757947600890724,langos.eth
626,21,32,0x06c4865ab16c9c760622f19a313a2e637e2e66a2,1,1000000000000000000,aevolve.eth
627,220,32,0x4a3e6e66f8c32bc05a50879f872b1177a1573cdf,1,15071445784944433854909,taliskye.eth
628,644,32,0xbe9e265c78a22e31d6a41fc2710d9590ed2d5a96,1,5020094616939864986,tangfeng.eth
629,533,32,0xa519a7ce7b24333055781133b13532aeabfac81b,1,1084000000000000000000,llamacommunity.eth
630,702,32,0xc6a0d93a696b3cb60a3d1adc7852bb3131639671,1,32535545530634395262304,nahuel.eth
631,645,33,0xbe9e265c78a22e31d6a41fc2710d9590ed2d5a96,1,10005020094616939864986,tangfeng.eth
632,765,33,0xca768c37ba6ec3d67be7b47bbe1f1c94ca216f46,1,26859896757947600890724,langos.eth
633,511,33,0xa31c2232842e631ccb2d2e4110b356bab21e6020,1,10000000000000000000000,therealtuna.eth
634,721,33,0xc734011dbd90677eb42c0f93827665f0ddaed46f,1,40283697498354172778190,drcpu.eth
635,795,33,0xcf61ebd3613684a53e48ee85d8fbc80c5156c479,1,0,shinya.eth
636,491,33,0x9f36a6bb398118bdcd5b1bc3343d8feb6d7d02b9,1,10000000000000000000000,tjark.eth
637,704,33,0xc6a0d93a696b3cb60a3d1adc7852bb3131639671,1,31688675883951917726168,nahuel.eth
638,301,33,0x62461038a109fd4000fe8a84fde809ccf6d10188,1,10000000000000000000000,
639,221,33,0x4a3e6e66f8c32bc05a50879f872b1177a1573cdf,1,15071445784944433854909,taliskye.eth
640,22,34,0x06c4865ab16c9c760622f19a313a2e637e2e66a2,1,1000000000000000000,aevolve.eth
641,646,34,0xbe9e265c78a22e31d6a41fc2710d9590ed2d5a96,1,10005020094616939864986,tangfeng.eth
642,722,34,0xc734011dbd90677eb42c0f93827665f0ddaed46f,1,40283697498354172778190,drcpu.eth
643,222,34,0x4a3e6e66f8c32bc05a50879f872b1177a1573cdf,1,15071445784944433854909,taliskye.eth
644,302,34,0x62461038a109fd4000fe8a84fde809ccf6d10188,1,10000000000000000000000,
645,766,34,0xca768c37ba6ec3d67be7b47bbe1f1c94ca216f46,1,26859896757947600890724,langos.eth
646,452,34,0x93146d9978d286ee085ba68ee1786a0b6eda64ec,1,15000000000000000000000,
647,492,34,0x9f36a6bb398118bdcd5b1bc3343d8feb6d7d02b9,1,10000000000000000000000,tjark.eth
648,705,34,0xc6a0d93a696b3cb60a3d1adc7852bb3131639671,1,31688675883951917726168,nahuel.eth
649,815,34,0xd442deb96b90e3b3135653705c3ef1feefb346be,1,20000000000000000000000,sidechannel.eth
650,534,34,0xa519a7ce7b24333055781133b13532aeabfac81b,1,21084000000000000000000,llamacommunity.eth
651,303,35,0x62461038a109fd4000fe8a84fde809ccf6d10188,1,10000000000000000000000,
652,767,35,0xca768c37ba6ec3d67be7b47bbe1f1c94ca216f46,1,26859896757947600890724,langos.eth
653,647,35,0xbe9e265c78a22e31d6a41fc2710d9590ed2d5a96,1,10005020094616939864986,tangfeng.eth
654,535,35,0xa519a7ce7b24333055781133b13532aeabfac81b,1,21084000000000000000000,llamacommunity.eth
655,723,35,0xc734011dbd90677eb42c0f93827665f0ddaed46f,1,40283697498354172778190,drcpu.eth
656,512,35,0xa31c2232842e631ccb2d2e4110b356bab21e6020,1,10014267688821960922128,therealtuna.eth
657,23,35,0x06c4865ab16c9c760622f19a313a2e637e2e66a2,1,1000000000000000000,aevolve.eth
658,493,35,0x9f36a6bb398118bdcd5b1bc3343d8feb6d7d02b9,1,10000000000000000000000,tjark.eth
659,768,36,0xca768c37ba6ec3d67be7b47bbe1f1c94ca216f46,1,26859896757947600890724,langos.eth
660,24,36,0x06c4865ab16c9c760622f19a313a2e637e2e66a2,1,1000000000000000000,aevolve.eth
661,536,36,0xa519a7ce7b24333055781133b13532aeabfac81b,1,21084000000000000000000,llamacommunity.eth
662,304,36,0x62461038a109fd4000fe8a84fde809ccf6d10188,1,10000000000000000000000,
663,513,36,0xa31c2232842e631ccb2d2e4110b356bab21e6020,1,10014267688821960922128,therealtuna.eth
664,494,36,0x9f36a6bb398118bdcd5b1bc3343d8feb6d7d02b9,1,10000000000000000000000,tjark.eth
665,223,36,0x4a3e6e66f8c32bc05a50879f872b1177a1573cdf,1,15071445784944433854909,taliskye.eth
666,724,36,0xc734011dbd90677eb42c0f93827665f0ddaed46f,1,40283697498354172778190,drcpu.eth
667,537,37,0xa519a7ce7b24333055781133b13532aeabfac81b,1,21084000000000000000000,llamacommunity.eth
668,94,37,0x1ccb144b700ec726d37db38c617e154de6d9c0d0,1,0,dadababa.eth
669,305,37,0x62461038a109fd4000fe8a84fde809ccf6d10188,1,10000000000000000000000,
670,224,37,0x4a3e6e66f8c32bc05a50879f872b1177a1573cdf,1,15071445784944433854909,taliskye.eth
671,495,37,0x9f36a6bb398118bdcd5b1bc3343d8feb6d7d02b9,1,10000000000000000000000,tjark.eth
672,514,37,0xa31c2232842e631ccb2d2e4110b356bab21e6020,1,10014267688821960922128,therealtuna.eth
673,648,37,0xbe9e265c78a22e31d6a41fc2710d9590ed2d5a96,1,10005020094616939864986,tangfeng.eth
674,725,37,0xc734011dbd90677eb42c0f93827665f0ddaed46f,1,40283697498354172778190,drcpu.eth
675,25,37,0x06c4865ab16c9c760622f19a313a2e637e2e66a2,1,1000000000000000000,aevolve.eth
676,769,37,0xca768c37ba6ec3d67be7b47bbe1f1c94ca216f46,1,26859896757947600890724,langos.eth
677,770,38,0xca768c37ba6ec3d67be7b47bbe1f1c94ca216f46,1,26866797819156329680426,langos.eth
678,403,38,0x8445271fca0d979aae411f0b72f4ee9a620d41d7,1,20000000000000000000000,
679,306,38,0x62461038a109fd4000fe8a84fde809ccf6d10188,1,10000000000000000000000,
680,649,38,0xbe9e265c78a22e31d6a41fc2710d9590ed2d5a96,1,10005020094616939864986,tangfeng.eth
681,225,38,0x4a3e6e66f8c32bc05a50879f872b1177a1573cdf,1,15071445784944433854909,taliskye.eth
682,496,38,0x9f36a6bb398118bdcd5b1bc3343d8feb6d7d02b9,1,25000000000000000000000,tjark.eth
683,900,38,0xf3f56af54dc1c855d1e1717ae9c571bf58ae17b1,1,25000000000000000000000,
684,798,38,0xd02ae906edc339872b8300020fc4411c4f4036e1,1,10000000000000000000000,andykaufman.eth
685,497,39,0x9f36a6bb398118bdcd5b1bc3343d8feb6d7d02b9,1,25000000000000000000000,tjark.eth
686,726,39,0xc734011dbd90677eb42c0f93827665f0ddaed46f,1,40283697498354172778190,drcpu.eth
687,226,39,0x4a3e6e66f8c32bc05a50879f872b1177a1573cdf,1,15071445784944433854909,taliskye.eth
688,771,39,0xca768c37ba6ec3d67be7b47bbe1f1c94ca216f46,1,26866797819156329680426,langos.eth
689,799,39,0xd02ae906edc339872b8300020fc4411c4f4036e1,1,10000000000000000000000,andykaufman.eth
690,824,39,0xd8533d518b4a70d8f8a591ca34797d3cce5e1aff,1,0,t0nyx.eth
691,538,39,0xa519a7ce7b24333055781133b13532aeabfac81b,1,21084000000000000000000,llamacommunity.eth
692,650,39,0xbe9e265c78a22e31d6a41fc2710d9590ed2d5a96,1,10005020094616939864986,tangfeng.eth
693,307,39,0x62461038a109fd4000fe8a84fde809ccf6d10188,1,10000000000000000000000,
694,775,4,0xca768c37ba6ec3d67be7b47bbe1f1c94ca216f46,1,19329424733496429361149,langos.eth
695,709,4,0xc6a0d93a696b3cb60a3d1adc7852bb3131639671,1,31786850936829066379856,nahuel.eth
696,896,4,0xf02f24d3b531dcc7414df353ec13ff1c1c69045c,1,35125136000000000000,
697,42,4,0x070a96fe4ad5155ea91d409e8afec6b2f3c729c0,1,239617584098437302471905,
698,49,4,0x088e11cf7030680f1e889de192d2c27c391076bd,1,1000000000000000000,profiteering.eth
699,838,4,0xdce21f796ffed3cb780895ed4109f548cdf5548c,1,95057211000000000000,
700,820,4,0xd7dc6d34d12a49d6c0eae055e948014901329cd1,1,201464185000000000000,
701,914,4,0xf9454638f98c35b429a9ecd19fabe7578ce56684,1,1000000000000000000,theliquidator.eth
702,848,4,0xe264886feb92e9c6a92fa196dfdc09d330b66c17,1,0,
703,854,4,0xe2e8fee9ac2af4352a0e424650b77da25c36bf80,1,731217538204795739023,ninjapay.eth
704,882,4,0xeae2bb84a160f7597f5792b5c6723e3cbab006cc,1,35446431000000000000,
705,871,4,0xe507f2d7de97c783a60fef9f1c4a4dade2b0a989,1,10177027147000000000000,thumb.eth
706,90,4,0x1ab8e9283eb5f4e70e4d645ae73d154135a16802,1,1000000000000000000,netway.eth
707,794,4,0xcded63761b601f817fc8c7b4a03f15328e45f448,1,665789352179130012225,
708,4,4,0x0057bd83a142da84b6404616c683e21e7dd6fa5f,1,86110749283010309780,
709,926,4,0xff4bbf02057c6dec217d3d022f7fdf0b057447b0,1,42051817000000000000,ogrenicem.eth
710,569,4,0xab5309888c39646bb222a70e0bc1c69e3326ee77,1,0,renoeth.eth
711,384,4,0x7af7ca67aa827f58e0659c52a641aee55a43b535,1,123022799000000000000,
712,614,4,0xb35e71b6a5aebb07dfc3aa705968411ebdbc003f,1,0,0xtopa.eth
713,425,4,0x8c340ad3e0ca75edf7c023e3d128eebfc4d7f2c0,1,1441762222547928440554,
714,602,4,0xb0dc0c7a91c34ac1698f9e7ec03104bdb3b42de3,1,16682228712255692118939,0xsiam.eth
715,192,4,0x4547b89eaed946e1cf22050522f48b67370728d6,1,20000000000000000000,xfelipe.eth
716,184,4,0x3ec44a823e07555b5f889d8d954eec736eb5865b,1,100000000000000000000,collinpixley.eth
717,662,4,0xc426f7adb8c15771cdc6df55d31518056c04d63e,1,4463345456911106196651,
718,484,4,0x9c2731b4a9adae8b65402e7036318a607496db45,1,0,
719,577,4,0xabb9f91560f3c90c1aabf2852f827c91127ef924,1,164150328541763714316,
720,401,4,0x80a03dbf383c6fdd96fb95d1a24d63c7b6d02b08,1,80918936000000000000,prnd.eth
721,561,4,0xaa13905714dc09e1c51926869ddf2f3f2f1f3133,1,1175293534081083560,
722,340,4,0x6c2e175cb73a1c2152f10480f382895691d2b73f,1,3953228220921070,
723,629,4,0xb6605f98a5562b1ac821bc5f2b75934239e8c6d6,1,26158009886058416460,catcatcat.eth
724,102,4,0x2185f44a28e18318ce6ec792e50575a4293d4381,1,154766220201337268690,
725,525,4,0xa4b06dd6316800bbab250d7486c57c982dee6e6a,1,453852869000000000000,asuna.eth
726,542,4,0xa5a2a35fa9404f3603505984506206ccf208489f,1,1000000000000000000,grindcore.eth
727,325,4,0x6808c8f473363d085d8d8ece4b53966cad81ee4a,1,0,
728,318,4,0x66a8ca433b6af14bbff7ce6ac1bfc024efe75c2d,1,1000000000000000000,brutish.eth
729,164,4,0x37d2f33c9b7adf3ff90903086ff95d842758a5b3,1,1000000000000000000,bullzeye.eth
730,673,4,0xc4590e9dbcf47cb55f50ec2a504c026866ed78c1,1,0,
731,267,4,0x56656ada4da72e587408d330e66a85b35516ee20,1,0,
732,453,40,0x93146d9978d286ee085ba68ee1786a0b6eda64ec,1,15000000000000000000000,
733,404,40,0x8477981dbd957ae4c6a249544e43915218948404,0,0,iopen.eth
734,418,40,0x8abaf5733742b1506f6a1255de0e37aec76b7940,1,10103147518014647865,dumbfuck.eth
735,651,40,0xbed050c15224a53a12815fa79f2b1ef431887eb2,1,2000000000000000000,neverless008.eth
736,227,40,0x4a3e6e66f8c32bc05a50879f872b1177a1573cdf,1,15071445784944433854909,taliskye.eth
737,167,40,0x3994537274f3ff3eefc413e0d669b05d6446d46b,1,17000000000000000000000,timcox.eth
738,816,40,0xd442deb96b90e3b3135653705c3ef1feefb346be,1,20000000000000000000000,sidechannel.eth
739,800,40,0xd02ae906edc339872b8300020fc4411c4f4036e1,1,10000000000000000000000,andykaufman.eth
740,70,40,0x13dda63c28bb95fe9822fea43ad5feaa966636a9,1,2192828906424630290,likerogue.eth
741,539,40,0xa519a7ce7b24333055781133b13532aeabfac81b,1,21084000000000000000000,llamacommunity.eth
742,152,40,0x34e061f437a058e45b1b7cb0ab20f48d1a2b1d57,1,10001535186943606557644,
743,498,40,0x9f36a6bb398118bdcd5b1bc3343d8feb6d7d02b9,1,25000000000000000000000,tjark.eth
744,801,41,0xd02ae906edc339872b8300020fc4411c4f4036e1,1,10000000000000000000000,andykaufman.eth
745,29,41,0x070330e027a3e4327ba69f0c8a1885df4b545837,1,3040581497817672,unicorrnmorris.eth
746,833,41,0xdbf7e19a4fbca4a2cd8820ca8a860c41feadda90,1,0,allengege.eth
747,168,41,0x3994537274f3ff3eefc413e0d669b05d6446d46b,1,17000000000000000000000,timcox.eth
748,499,41,0x9f36a6bb398118bdcd5b1bc3343d8feb6d7d02b9,1,25000000000000000000000,tjark.eth
749,515,41,0xa31c2232842e631ccb2d2e4110b356bab21e6020,1,10014267688821960922128,therealtuna.eth
750,71,41,0x13dda63c28bb95fe9822fea43ad5feaa966636a9,1,2192828906424630290,likerogue.eth
751,706,41,0xc6a0d93a696b3cb60a3d1adc7852bb3131639671,1,31645721745282056838729,nahuel.eth
752,308,41,0x62461038a109fd4000fe8a84fde809ccf6d10188,1,10000000000000000000000,
753,727,41,0xc734011dbd90677eb42c0f93827665f0ddaed46f,1,40283697498354172778190,drcpu.eth
754,652,41,0xbed050c15224a53a12815fa79f2b1ef431887eb2,1,2000000000000000000,neverless008.eth
755,374,41,0x797bc498edee4357a16a1054db0323cbd04c84c3,1,2318169985545780079,nicoa.eth
756,228,41,0x4a3e6e66f8c32bc05a50879f872b1177a1573cdf,1,15088219834310220676629,taliskye.eth
757,113,41,0x285b7eea81a5b66b62e7276a24c1e0f83f7409c1,1,5298672826291220926598,0xMaki.eth
758,457,42,0x95f50cf888dfec90321dc376c1e695f15b081595,1,0,xf0707.eth
759,582,42,0xabfd99a7da59e8b96f1cefa6e35fd03e6831bc10,1,0,chlingm.eth
760,468,42,0x98cbe9f936a2e5776506eea67b958f66aa4ba55c,1,0,41419.eth
761,13,42,0x03894d4ac41dd6c4c2f524ed4417c90fa46972c6,1,0,haoxiao.eth
762,772,42,0xca768c37ba6ec3d67be7b47bbe1f1c94ca216f46,1,27025191323979984383640,langos.eth
763,807,42,0xd0ac50d9f7516be16e2449539394a3967bea03c7,1,0,jingge.eth
764,169,42,0x3994537274f3ff3eefc413e0d669b05d6446d46b,1,17000000000000000000000,timcox.eth
765,544,42,0xa71cabc14966c6fae86c05630a20ba1c90944a1f,1,0,696942.eth
766,500,42,0x9f36a6bb398118bdcd5b1bc3343d8feb6d7d02b9,1,25000000000000000000000,tjark.eth
767,172,42,0x3a5d550cda1fe4629e8c41a4f38bc140aec4e4b0,1,0,
768,811,42,0xd2b2f14e25ccf9e7d62611586c2fee55bd96436a,1,0,liling0509.eth
769,802,42,0xd02ae906edc339872b8300020fc4411c4f4036e1,1,10893559457486020809907,andykaufman.eth
770,26,42,0x06c4865ab16c9c760622f19a313a2e637e2e66a2,1,1000000000000000000,aevolve.eth
771,30,42,0x070330e027a3e4327ba69f0c8a1885df4b545837,1,3040581497817672,unicorrnmorris.eth
772,653,42,0xbed050c15224a53a12815fa79f2b1ef431887eb2,1,2000000000000000000,neverless008.eth
773,639,42,0xbd3932eda8c754c531351a8a88f96d2b77128335,1,0,dsbtc.eth
774,707,42,0xc6a0d93a696b3cb60a3d1adc7852bb3131639671,1,31645721745282056838729,nahuel.eth
775,72,42,0x13dda63c28bb95fe9822fea43ad5feaa966636a9,1,2192828906424630290,likerogue.eth
776,375,42,0x797bc498edee4357a16a1054db0323cbd04c84c3,1,2318169985545780079,nicoa.eth
777,520,42,0xa44423295590a9d9f95ab0b1c3e9ff2fd1ffc909,1,0,hehe555.eth
778,138,43,0x3016a4a41d1ba5c82ae6d1217742467c9b3c5900,1,5000000000000000000,longying.eth
779,728,43,0xc734011dbd90677eb42c0f93827665f0ddaed46f,1,40309424891856523927590,drcpu.eth
780,248,43,0x529408a6962bae6ca5328874d633738116b89b05,1,8021417587881863730,dennisgan.eth
781,540,43,0xa519a7ce7b24333055781133b13532aeabfac81b,1,21084000000000000000000,llamacommunity.eth
782,501,43,0x9f36a6bb398118bdcd5b1bc3343d8feb6d7d02b9,1,25000000000000000000000,tjark.eth
783,803,43,0xd02ae906edc339872b8300020fc4411c4f4036e1,1,10893559457486020809907,andykaufman.eth
784,309,43,0x62461038a109fd4000fe8a84fde809ccf6d10188,1,10000000000000000000000,
785,27,43,0x06c4865ab16c9c760622f19a313a2e637e2e66a2,1,1000000000000000000,aevolve.eth
786,170,43,0x3994537274f3ff3eefc413e0d669b05d6446d46b,1,17000000000000000000000,timcox.eth
787,729,43,0xc751fb28553c9d482af92f57aaaf72d79cec70dc,1,93953283465543226072,
788,587,43,0xaf5b16f740bed90af42df6c28e5cd79458c102f1,1,20000000000000000000000,
789,901,43,0xf3f56af54dc1c855d1e1717ae9c571bf58ae17b1,0,40300000000000000000000,
790,521,43,0xa44423295590a9d9f95ab0b1c3e9ff2fd1ffc909,1,5000000000000000000,hehe555.eth
791,229,43,0x4a3e6e66f8c32bc05a50879f872b1177a1573cdf,1,15088219834310220676629,taliskye.eth
792,31,43,0x070330e027a3e4327ba69f0c8a1885df4b545837,1,3040581497817672,unicorrnmorris.eth
793,458,43,0x95f50cf888dfec90321dc376c1e695f15b081595,1,3000000000000000000,xf0707.eth
794,159,43,0x364f4b2eee8920b6e476dfd4e531b6fd6bfc14cf,1,0,tvasahi.eth
795,773,43,0xca768c37ba6ec3d67be7b47bbe1f1c94ca216f46,1,27025191323979984383640,langos.eth
796,812,43,0xd2b2f14e25ccf9e7d62611586c2fee55bd96436a,1,3000000000000000000,liling0509.eth
797,654,43,0xbed050c15224a53a12815fa79f2b1ef431887eb2,1,2000000000000000000,neverless008.eth
798,28,43,0x06f398ce76acc1fce97b7cab0eb2a96ba9230c9b,1,7881235207274421665,marsdao.eth
799,293,5,0x5c51ec4986e5fc0e92b309602fe288cc00cd822e,1,0,
800,268,5,0x56656ada4da72e587408d330e66a85b35516ee20,1,0,
801,280,5,0x5a72bfaf8dd5b251bd008fdc0b4656319ac0509b,1,351604938341571825729,
802,385,5,0x7af7ca67aa827f58e0659c52a641aee55a43b535,1,38022799000000000000,
803,354,5,0x6f69286d7c51de0f0cf5f3c03c8ca3eda8a322f9,1,176127040114415001649,
804,5,5,0x0057bd83a142da84b6404616c683e21e7dd6fa5f,1,103488183841891167581,
805,244,5,0x4f6f32e1692566d335e7498a1ff9a1c1af43106b,1,0,habibibabobabe.eth
806,341,5,0x6c2e175cb73a1c2152f10480f382895691d2b73f,1,3953228220921070,
807,485,5,0x9c2731b4a9adae8b65402e7036318a607496db45,1,0,
808,473,5,0x9958906595168600bb8eca92e52031ffad5d5aee,1,830712000000000000,
809,459,5,0x95f6b040a013d89883e36545df53844dbda4d8d1,1,0,bluecapital.eth
810,364,5,0x750c31d2290c456fcca1c659b6add80e7a88f881,1,105255837856605699324,
811,185,5,0x3ec44a823e07555b5f889d8d954eec736eb5865b,1,100000000000000000000,collinpixley.eth
812,189,5,0x4059457092cc3812d56676df6a75fd21204fbe2f,1,0,benoxmo.umbra.eth
813,201,5,0x497cfe918001c1aceb139ce32ae933521739f11f,1,1662487000000000000,
814,883,5,0xeae2bb84a160f7597f5792b5c6723e3cbab006cc,1,35446431000000000000,
815,43,5,0x070a96fe4ad5155ea91d409e8afec6b2f3c729c0,1,367837480428057614310524,
816,858,5,0xe2f6e3565a96cd24d6ba985563a26fb3c93cad04,1,600073005675633143993,
817,710,5,0xc6a0d93a696b3cb60a3d1adc7852bb3131639671,1,31704803017919703281504,nahuel.eth
818,686,5,0xc5a61d56ca395fcb87f148532369595e31286d0e,1,0,letverse.eth
819,625,5,0xb532fe24310aa59fb428a3dd02dc61b86bf953fa,1,13983149660985953774335,
820,125,5,0x2b5a0be5940b63de1eddccca7bd977357e2488ed,1,5866,
821,638,5,0xbc9eb370dd6b3323a8acdbb5315f36c64d685d06,1,1911132211899845243,
822,103,5,0x219c12318aff3d1319c63657d0f38afa331cccef,1,0,
823,643,5,0xbd8a922be2101c8a20286a7a3046279a0cf23eaf,1,75540289060000000000,jacobhuang.argent.xyz
824,610,5,0xb2829b5955bf4d4a193cc9b15a7d315c2629ece0,1,112546750471748172635789,
825,603,5,0xb0dc0c7a91c34ac1698f9e7ec03104bdb3b42de3,1,16734772088416368093535,0xsiam.eth
826,133,5,0x2fae7ca03363a8722df266fcc1df74f3957408a8,1,0,0x2fa.eth
827,776,5,0xca768c37ba6ec3d67be7b47bbe1f1c94ca216f46,1,18475949448594576298780,langos.eth
828,110,5,0x263a13fbe5416661d8ff67c5d98624d1553900ae,1,0,
829,578,5,0xabb9f91560f3c90c1aabf2852f827c91127ef924,1,164150328541763714316,
830,148,5,0x33862b6fd4bd5aabf4e368fceefa20c327adaf74,1,0,
831,630,5,0xb6605f98a5562b1ac821bc5f2b75934239e8c6d6,1,26158009886058416460,catcatcat.eth
832,526,5,0xa4b06dd6316800bbab250d7486c57c982dee6e6a,1,453852869000000000000,asuna.eth
833,789,5,0xccd72bea12f3927063be3d8798a4b74082713cb5,1,0,nascent.eth
834,663,5,0xc426f7adb8c15771cdc6df55d31518056c04d63e,1,4477549759781070511651,
835,832,6,0xdb716f46b8e89b0ffd2f1a09c1b1f072dad5bf0e,1,202328402000000000000,
836,6,6,0x0057bd83a142da84b6404616c683e21e7dd6fa5f,1,140270539256673803016,
837,230,6,0x4a3e6e66f8c32bc05a50879f872b1177a1573cdf,1,15000529256358447512433,taliskye.eth
838,361,6,0x74f0ef88878bad5c38ee76144ebb723c94e25a86,1,0,
839,78,6,0x1476ac3a5fe25c2a5edf4889b877f4f9639b8a21,1,21198944000000000000,
840,681,6,0xc4b58654979382b02c65b8786f6b0242b7f6648c,1,298675325089513475312,
841,527,6,0xa4b06dd6316800bbab250d7486c57c982dee6e6a,1,453852869000000000000,asuna.eth
842,378,6,0x79927e10304d4290b42425ae1232a76a1b2e7232,1,654554442250756864167,
843,202,6,0x497cfe918001c1aceb139ce32ae933521739f11f,1,1662487000000000000,
844,420,6,0x8c0eacd366a5085a8bbee1b6c18e216a8c7240b3,1,5631260978792245000,
845,711,6,0xc6a0d93a696b3cb60a3d1adc7852bb3131639671,1,32602260393284194776364,nahuel.eth
846,236,6,0x4a4016d1cb5b6e3cfc2746e418f53a296357f564,1,0,
847,286,6,0x5add08b293702e40c24876db430cb1f36099795f,1,209000000000000000000,iazid.eth
848,386,6,0x7af7ca67aa827f58e0659c52a641aee55a43b535,1,38022799000000000000,
849,516,6,0xa31c2232842e631ccb2d2e4110b356bab21e6020,1,0,therealtuna.eth
850,805,6,0xd02ae906edc339872b8300020fc4411c4f4036e1,1,60960737000000000000,andykaufman.eth
851,486,6,0x9c2731b4a9adae8b65402e7036318a607496db45,1,0,
852,739,6,0xc8f88b4aef57ac93fe41390194c3a4d77d7df744,1,16039673022659834407207,torgin.eth
853,842,6,0xdd78aa83eb209d3a83330368daffa80a393285a5,1,20362305000000000000,
854,562,6,0xaa13905714dc09e1c51926869ddf2f3f2f1f3133,1,1004539742479496292,
855,579,6,0xabb9f91560f3c90c1aabf2852f827c91127ef924,1,164150328541763714316,
856,475,6,0x99d4ebed26b5d4833b2dc432d73519bca3d3ac70,1,142483141905183103007,
857,93,6,0x1c175fdca70f2f1bbe04e3075aa9f968d35e6eb8,1,15144766000000000000,quantly.eth
858,365,6,0x76da9f88e63a85ba8bfa19f3821d5a271753d3dc,1,0,lordgiv.eth
859,91,6,0x1b2965dc3b1697dd10b7126ec7393d79cda2cf91,1,61931045600652767,sumrtime.eth
860,98,6,0x210a7ae3a6a53a04cdf43f6a4e5428221c63cc5a,1,282626380365205245926,
861,368,6,0x79198fec001e269a85ae1496e3394d22b00b14a1,1,78432515758264825977,
862,439,6,0x8dcbbfb22d55a46fe78e8ce5b16b2cd602d20223,1,20040717000000000000,
863,140,6,0x30eb4c1a534351662c1ae273b8986862b60fa079,1,0,zhangtao.eth
864,664,6,0xc426f7adb8c15771cdc6df55d31518056c04d63e,1,4377549759781070511651,
865,260,6,0x565b93a15d38acd79c120b15432d21e21ed274d6,1,10486175241499433695269,flynnjamm.eth
866,121,6,0x2b4ef02dc7dbca60f4978ad70df28a956df5b63d,1,2008010000000000000,
867,584,6,0xae72f470da5446005c756b08d3e916f7ea8e9b72,1,0,
868,186,6,0x3ec44a823e07555b5f889d8d954eec736eb5865b,1,100000000000000000000,collinpixley.eth
869,137,6,0x301605c95acbed7a1fd9c2c0deee964e2afbd0c3,1,384087761000000000000,knobelsdorf.eth
870,777,6,0xca768c37ba6ec3d67be7b47bbe1f1c94ca216f46,1,18574802052511317479170,langos.eth
871,665,7,0xc426f7adb8c15771cdc6df55d31518056c04d63e,1,4377549759781070511651,
872,886,7,0xef39833eaf1c36803f415bcfc7670594034d3d63,1,10000000000000000000,
873,740,7,0xc8f88b4aef57ac93fe41390194c3a4d77d7df744,1,15638495537480175953044,torgin.eth
874,387,7,0x7af7ca67aa827f58e0659c52a641aee55a43b535,1,38022799000000000000,
875,362,7,0x74f0ef88878bad5c38ee76144ebb723c94e25a86,1,0,
876,281,7,0x5a72bfaf8dd5b251bd008fdc0b4656319ac0509b,1,351604938341571825729,
877,849,7,0xe264886feb92e9c6a92fa196dfdc09d330b66c17,1,0,
878,531,7,0xa4b8339d2162125b33a667b0d40ac5dec27e924b,1,24340271178454513791194,
879,712,7,0xc6a0d93a696b3cb60a3d1adc7852bb3131639671,1,31994941295539429776401,nahuel.eth
880,156,7,0x35ac1fca4d919e864e2fdf10297cf09939ef5a4d,1,100000000000000000000,
881,580,7,0xabb9f91560f3c90c1aabf2852f827c91127ef924,1,164150328541763714316,
882,778,7,0xca768c37ba6ec3d67be7b47bbe1f1c94ca216f46,1,18928654921511317479170,langos.eth
883,89,7,0x1a2b50bb52b322b50d3266f4be8e43944d967e94,1,155538542404202543408,
884,231,7,0x4a3e6e66f8c32bc05a50879f872b1177a1573cdf,1,15000529256358447512433,taliskye.eth
885,604,7,0xb0dc0c7a91c34ac1698f9e7ec03104bdb3b42de3,1,17202660292080420210750,0xsiam.eth
886,611,7,0xb2829b5955bf4d4a193cc9b15a7d315c2629ece0,1,112613512814973970770862,
887,421,7,0x8c0eacd366a5085a8bbee1b6c18e216a8c7240b3,1,5631260978792245000,
888,615,7,0xb35e71b6a5aebb07dfc3aa705968411ebdbc003f,1,0,0xtopa.eth
889,413,7,0x89a77a6ac47094140bbdaa47adbef6fab1cd282b,1,10050778915781504143008,
890,594,7,0xb0623c91c65621df716ab8afe5f66656b21a9108,1,614433576382227775515,johnpalmer.eth
891,666,8,0xc426f7adb8c15771cdc6df55d31518056c04d63e,1,4377549759781070511651,
892,252,8,0x52ef83e77243970e74680fc5814d4a7b984d4b89,1,144105595414109841099,poapgod.eth
893,731,8,0xc75f1ad2eaef79b729c8dd8bcbaeddd893f5a761,1,0,
894,918,8,0xfbbfbf2756b062abe77e975ed0925295c87c1a15,1,11278553062140779101,
895,713,8,0xc6a0d93a696b3cb60a3d1adc7852bb3131639671,1,31994941295539429776401,nahuel.eth
896,904,8,0xf56345338cb4cddaf915ebef3bfde63e70fe3053,1,0,bored.eth
897,813,8,0xd2c404a6224cd327868c0a9388ff0f75c2a5bf81,1,33850336000000000000,
898,363,8,0x74f0ef88878bad5c38ee76144ebb723c94e25a86,1,0,
899,507,8,0xa21df89c3f7375ebe7381cc858e0aa0b7c83aee0,1,6507994903792064194,jacobjewell.eth
900,806,8,0xd02ae906edc339872b8300020fc4411c4f4036e1,1,60960737000000000000,andykaufman.eth
901,532,8,0xa4b8339d2162125b33a667b0d40ac5dec27e924b,1,24340271178454513791194,
902,157,8,0x35ac1fca4d919e864e2fdf10297cf09939ef5a4d,0,100000000000000000000,
903,474,8,0x9958906595168600bb8eca92e52031ffad5d5aee,1,56902960484740863509,
904,173,8,0x3aea482a5a2cf7357b55ce24ed85e0d66000482f,1,15102570025197502,
905,779,8,0xca768c37ba6ec3d67be7b47bbe1f1c94ca216f46,1,18928654921511317479170,langos.eth
906,581,8,0xabb9f91560f3c90c1aabf2852f827c91127ef924,1,164150328541763714316,
907,435,8,0x8d07d225a769b7af3a923481e1fdf49180e6a265,1,50000000000000000000,monetsupply.eth
908,355,8,0x6f69286d7c51de0f0cf5f3c03c8ca3eda8a322f9,0,165976330893828523955,
909,426,8,0x8c340ad3e0ca75edf7c023e3d128eebfc4d7f2c0,1,31721500164607531287,
910,872,8,0xe507f2d7de97c783a60fef9f1c4a4dade2b0a989,1,10177027147000000000000,thumb.eth
911,422,8,0x8c0eacd366a5085a8bbee1b6c18e216a8c7240b3,1,5631260978792245000,
912,392,8,0x7c60b75b7af413667c14bd8fdc84267c03da9ba3,1,4667000000000000,
913,636,8,0xbb55ebe9a672ee9e93491c40124c530241910554,1,4000000000000000000,javydavy.eth
914,741,8,0xc8f88b4aef57ac93fe41390194c3a4d77d7df744,1,15638495537480175953044,torgin.eth
915,888,8,0xef5ad662a5a42c3023e009035ee235082800b924,0,66666841000000000000,
916,282,8,0x5a72bfaf8dd5b251bd008fdc0b4656319ac0509b,1,351604938341571825729,
917,427,9,0x8c340ad3e0ca75edf7c023e3d128eebfc4d7f2c0,1,54339105156835518869,
918,334,9,0x69b552292fb5e71632bfecbd592c03d7998259ba,1,94531991935846237422,regis.eth
919,612,9,0xb2829b5955bf4d4a193cc9b15a7d315c2629ece0,1,112555751198036195190567,
920,667,9,0xc426f7adb8c15771cdc6df55d31518056c04d63e,1,4377546097190420046559,
921,261,9,0x565b93a15d38acd79c120b15432d21e21ed274d6,1,10190569958499433695269,flynnjamm.eth
922,780,9,0xca768c37ba6ec3d67be7b47bbe1f1c94ca216f46,1,19117061297805738184186,langos.eth
923,873,9,0xe507f2d7de97c783a60fef9f1c4a4dade2b0a989,1,10177027147000000000000,thumb.eth
924,714,9,0xc6a0d93a696b3cb60a3d1adc7852bb3131639671,1,31994941295539429776401,nahuel.eth
925,232,9,0x4a3e6e66f8c32bc05a50879f872b1177a1573cdf,1,15022079206181761044510,taliskye.eth
926,322,9,0x67b98fa27f40028e9caaf5a02535cf112db833aa,1,204093314220271066852,
