Unnamed: 0,Unnamed: 0.1,proposalID.id,voters.id,support,single_vote,name
0,141,1,0x31bb847e1c0e34889642085d7bb4eef28662ec0b,1,0,
8,408,1,0x86e899c25516846689c341a4470eeb97fb3e2156,0,0,
14,622,1,0xb43b36b72c57842e5cc4b70d85f99117b122c2b5,1,0,
12,122,1,0x2b5a0be5940b63de1eddccca7bd977357e2488ed,1,0,
11,627,1,0xb6605f98a5562b1ac821bc5f2b75934239e8c6d6,1,0,catcatcat.eth
10,631,1,0xb75eb924568d4ebf65d9bb932c589c3c06a59655,1,0,haikukoten.eth
9,409,1,0x8797385d3b72c34d6d3c4cdddd149fccd357a7de,1,10002426729812923,salsasteve.eth
7,397,1,0x7f8c1877ed0da352f78be4fe4cda58bb804a30df,1,48523890379370804,gmewallet.eth
32,683,1,0xc5a61d56ca395fcb87f148532369595e31286d0e,1,0,letverse.eth
6,115,1,0x28849b0d0a126df896ff2f69ebe9b1373b16ccbe,0,0,
5,393,1,0x7cc4590e8f36b4f9d7153a71d31fbecaa0cd38e4,1,0,
4,637,1,0xbbc02dbd39941fffa605171a977d44c6baf915c2,0,4240981600000000,kersuv.eth
3,640,1,0xbd6c934afa35452c30b833533a59d4986031085c,1,0,
1,655,1,0xc0abd6dc4f6fe64bc35bc51b1495fb0eff08e1eb,1,6794360200000000,
69,570,1,0xab5886f50263de85ccc8d3f10cafa6bdc7153a82,1,10092032500000000,
15,620,1,0xb403b4005bdc98391fd06c13f47b8c74957c1e16,1,0,
16,657,1,0xc15ef37b6c187b140db5dc86ac5258f7d199d10a,1,0,
17,659,1,0xc426f7adb8c15771cdc6df55d31518056c04d63e,1,264105199000000000,
31,99,1,0x2185f44a28e18318ce6ec792e50575a4293d4381,0,0,
30,380,1,0x7aedc2d3a4aa945e22f2aaf4f0716c674b969ffa,1,0,
29,376,1,0x79927e10304d4290b42425ae1232a76a1b2e7232,0,0,
28,371,1,0x7929e033554d7d284d62a2f33856df31b4089999,1,0,
27,127,1,0x2f4621afba511f01063ce753df0c1be8214688a2,1,47988341400000000,
26,360,1,0x72ce49999c12ff248d40f70675f0c3ef6dcb9eb5,1,0,
33,676,1,0xc4b58654979382b02c65b8786f6b0242b7f6648c,1,39867532508951347,
25,177,1,0x3db69bf6ac1735509a60490d338c999252fa153a,1,1568559866295209,charlycryptoinvest.eth
23,87,1,0x1a1ca7f86e3dc901e2ffe532c4484e9e57d99fba,1,2500000000000000,
22,732,1,0xc7e36bc2f80543b6c244b147606f9501da6c6561,1,0,
21,85,1,0x19cf388796c31fa7a583270d82659ecd2b4fd490,1,0,cryptomandias.eth
20,352,1,0x6f69286d7c51de0f0cf5f3c03c8ca3eda8a322f9,1,17612704011441500,
19,104,1,0x221208ba3781c1aaaeb5e31f1670d42ec3550020,1,0,
18,106,1,0x22e3f2c7b800f04227fd01075618725c211e2f4d,1,31052602457951276,
24,356,1,0x709a71cd574e6c1c7064ff62e0dae652b7c9e359,0,0,
2,389,1,0x7bc1d6e8150d4c96917901c26c922dd64654b3c3,1,0,
35,669,1,0xc45230120f7f4642b27b6b48197e4f6934bbc349,0,0,daxtaran.eth
54,460,1,0x964e58e3081d6e5de4182289ef8ce2c32e9a96fb,1,0,
36,690,1,0xc6a0d93a696b3cb60a3d1adc7852bb3131639671,1,198934550198030423,nahuel.eth
38,617,1,0xb37795f39c546d3511ba061d04783d987d1259a4,1,0,
39,411,1,0x88013a2d1883939e3b758491f4bf5aa2b74d07fe,1,120149170500000000,
51,476,1,0x9a72b97137065b3816d091310e483811baa1be0f,1,0,
41,160,1,0x3688b712bb6659d64740d55c5b000711e484c4be,0,0,zxcvb.eth
42,519,1,0xa353d2a64d2df16a024ba81e73982df5ff8f26b5,1,0,basith.eth
37,735,1,0xc8f88b4aef57ac93fe41390194c3a4d77d7df744,0,287168444290775651,torgin.eth
40,522,1,0xa4b06dd6316800bbab250d7486c57c982dee6e6a,1,0,asuna.eth
45,509,1,0xa31c2232842e631ccb2d2e4110b356bab21e6020,0,20041110900000000,therealtuna.eth
46,165,1,0x392027fdc620d397ca27f0c1c3dcb592f27a4dc3,1,65459041623970462,blokku.eth
47,454,1,0x939696e968998cf5b74d64ce4abcc822d8b1b77f,1,0,kobatake.eth
48,502,1,0x9f3ef50ea64adad5b33f1f8222760cfbf42007f7,0,5036054113148239,alphaserpentis.eth
49,490,1,0x9e2c900d2e4882c1da90c4285b94430b1b3cba63,1,10071106600000000,
43,187,1,0x3f25bb52ffc4bfd24e619740db6d9e6306c93aad,1,0,
44,517,1,0xa31cd363cd2867e98fb0102e07e0c226f8346e48,1,559602900000000,
68,437,1,0x8d899892410cdbd8d27e251ca699672b94730ec4,0,0,
50,487,1,0x9cca0d5cadd9871fbe79333fcb73a7e207442f30,1,2814355500000000,
52,469,1,0x992b9b3acc35b0fdfd4572bb2f5dc54ed2cffa84,1,40482010100000000,satse.eth
55,528,1,0xa4b8339d2162125b33a667b0d40ac5dec27e924b,0,1741218826291244387,
56,447,1,0x91d70fd5006a5a29c66b57a7b1703f49bde957e5,1,0,
57,153,1,0x35640d73401254601704ec94b564469bb6e00cd4,1,0,
58,444,1,0x8ea8721f27efcaabb3901ed6756505ab873f15a7,1,0,dosingwithdata.eth
59,596,1,0xb0dc0c7a91c34ac1698f9e7ec03104bdb3b42de3,1,414447082399089516,0xsiam.eth
53,181,1,0x3ec44a823e07555b5f889d8d954eec736eb5865b,1,10000000000000000,collinpixley.eth
67,199,1,0x48f29b6fa6e33c6ba0606297ad3395377f780574,1,7018976900000000,
60,134,1,0x2ff28a33a9f4a51108a31b2b205abebc2092b25b,1,0,
63,592,1,0xb0623c91c65621df716ab8afe5f66656b21a9108,1,129539220406501078,johnpalmer.eth
64,590,1,0xb03f5438f9a243de5c3b830b7841ec315034cd5f,1,0,m-j-r.eth
65,583,1,0xad59ed7e1231539bbc4822835b3b9dab74cc8390,0,0,
66,606,1,0xb0e37fca4864ae1083ab7202b891451264fd2605,0,0,
34,381,1,0x7af7ca67aa827f58e0659c52a641aee55a43b535,1,47302279900000000,
61,430,1,0x8c6b10d42ff08e56133fca0dac75e1931b1fcc23,1,0,
62,136,1,0x301605c95acbed7a1fd9c2c0deee964e2afbd0c3,1,38408776100000000,knobelsdorf.eth
137,249,1,0x52b9783f1f955ac10d50c7d4ab62d7f2288d6446,1,0,
13,623,1,0xb532fe24310aa59fb428a3dd02dc61b86bf953fa,1,310314054604825937,
114,909,1,0xf6210b4bb2fe841630eb50001e688c4bc058b602,1,0,vetinary.eth
73,441,1,0x8e77c563c2b2f35cd5560828e197e4ec57556687,1,0,
74,443,1,0x8e9a785039ed7069e59f8a6ee02f8b9ffd8bbe18,0,0,
75,574,1,0xabb9f91560f3c90c1aabf2852f827c91127ef924,1,0,
76,79,1,0x16bdbb3ca54f9a05dde8f9bd53885d622c3208f7,1,0,
77,359,1,0x718fdf375e1930ba386852e35f5bafc31df3ae66,0,0,
103,911,1,0xf8edada7d508607b9526f8009f7d7fcbe7e5ab45,1,0,
72,196,1,0x464234fa9b1122413677ac87e8436d2f42d1b3b7,1,0,
78,264,1,0x56656ada4da72e587408d330e66a85b35516ee20,0,64451945200000000,
81,311,1,0x63c9a867d704df159bbbb88eeee1609196b1995e,1,38697539500000000,atila.eth
82,861,1,0xe3e39161d35e9a81edec667a5387bfae85752854,1,0,
83,312,1,0x64115952aafeeba2d8006f54c49669afdbd860b2,1,0,
84,855,1,0xe2f6e3565a96cd24d6ba985563a26fb3c93cad04,1,0,
85,851,1,0xe2e8fee9ac2af4352a0e424650b77da25c36bf80,0,0,ninjapay.eth
79,875,1,0xe5f3adb93eacede82eb7f0c5e0c3faeaec42cfb6,1,0,diones.eth
80,864,1,0xe507f2d7de97c783a60fef9f1c4a4dade2b0a989,1,1000000000000000000,thumb.eth
104,278,1,0x5a72bfaf8dd5b251bd008fdc0b4656319ac0509b,0,35160493834157182,
86,844,1,0xde88d54819c4ae692fbb8f5f914ac5723951ee65,1,42296496600000000,wouimbly.eth
88,839,1,0xdd11b416c5c5b9f5394b7e7ef5ed30a1d065f474,1,0,ethkid.eth
102,915,1,0xf94f7b6b956225bce60a5f0c7b82d347071e48dc,0,0,braveheartcapital.eth
101,290,1,0x5bdce60ba4fe9867eff2d0ec1dfe74abb4bc8249,1,0,
70,567,1,0xab5309888c39646bb222a70e0bc1c69e3326ee77,1,52381220400000000,renoeth.eth
99,285,1,0x5a845ebd2bbf857e9b9a478bf4d6ed9b74f96357,0,18000061000000000,
98,922,1,0xfc655427c568bcb837c05cec13e4956524ca83e0,0,0,ðŸ”‘ðŸ”‘ðŸ”‘.eth
97,297,1,0x5fbdc0153f7e0afa07c167caa4a958070d763fef,0,0,
87,841,1,0xdd78aa83eb209d3a83330368daffa80a393285a5,0,0,
96,879,1,0xeae2bb84a160f7597f5792b5c6723e3cbab006cc,1,0,
94,298,1,0x61a538988fa6e215b6a96988bd684dd013b8b0ad,1,2000000000000000,
93,315,1,0x654e294458421e5c6d533e1ce3a1484206bfbef8,1,4800097593961084,
92,825,1,0xd8ff36bd818bcae0278f0904d527206363795082,1,10003042200000000,
91,828,1,0xd90ec9dc6f220be43ad88f3eff78fbd00d8fd1d6,1,94745801500000000,jeffkraus.eth
90,313,1,0x64db074a4c1bd6ed38e2751fc75a31c5f6ad4090,0,3252765200000000,
89,350,1,0x6f53678864e355b4ae7bf3ff4a9ecb1e5107010a,1,0,
95,270,1,0x57edc3a856a69a1b086ab097c22792b0d5bb2ff2,1,0,mdudas.eth
105,316,1,0x65f1db465d9b73779f3b2fc7561573a7a22f2388,1,20353879127271999,
100,287,1,0x5b5398d04f6de67614403e8432c791b9eaae956a,1,3033828556149621,
125,791,1,0xcd3eb0327930828504a9107bebb163646d0b5a0f,1,2228212900000000,
107,10,1,0x03000a0ecb1898040c26cd418570cd480775f0da,1,6783049625506922,
108,907,1,0xf5fe364d18f4a5a53badce9a046ba74cfc97f6fb,1,12277151900000000,coinmandeer.eth
109,905,1,0xf56b7c1194e11f941a9ee681d0a4bffa12a7924a,0,0,
110,899,1,0xf33230c25e28e4767e7099205dfe401daa49b22e,1,0,kilgore.eth
111,16,1,0x046143f1915e51da6397dbbc23bc1da0236ad8a0,1,1081064500000000,
112,17,1,0x066a2edcc0b7278a2cf5bf2a040b4a54a41a9550,1,0,kuso.eth
121,786,1,0xcc7b3f37194c7bdc51cbf89c844472b830dadaca,1,0,
122,346,1,0x6e9a88971e957abb41bae4e2677cae258f0c1e76,1,0,blakeðŸŒ¯.eth
115,319,1,0x66ab525022c5291c0c3d7a7199a38b827586f30c,1,0,
116,462,1,0x965ce531fbcc1673050301594ad6e14ee98a9357,1,0,
117,66,1,0x1125a9f95f2338f53d91278ba313194c6cbf2bec,1,22000005000000000,
118,335,1,0x6a03f69c9a3a45a716a5c3eca44d57159c6c4948,0,0,
120,64,1,0x1084b55cb63de549806a521036f7dad2d37e3fae,1,0,pipe.eth
106,910,1,0xf775a11b06a64c892ddde57357b7afd71fabfcef,1,0,
113,19,1,0x0687a571be482c7ac4a7e501df247190acc763a2,1,2438062600000000,
123,747,1,0xca768c37ba6ec3d67be7b47bbe1f1c94ca216f46,1,380394311839574520,langos.eth
119,822,1,0xd82de84a0e70c0fe6d4344a8594ff3756cd11203,1,0,
132,744,1,0xca4c08135366201d6afaed66e5422db8865bbb39,1,0,
71,197,1,0x47348ee228197b5f4158e08e72a82144affca196,1,0,
126,796,1,0xd02ae906edc339872b8300020fc4411c4f4036e1,1,111725920300000000,andykaufman.eth
128,74,1,0x1476ac3a5fe25c2a5edf4889b877f4f9639b8a21,1,2119894400000000,
129,57,1,0x0b7c75a9689a84854256c7d5db7c87feb1bbbb8b,0,2076497900000000,redbrown.eth
130,239,1,0x4d3877abc39d131a39ce21dd0675ad3c1e3f3f32,1,0,9xkiwi.eth
124,61,1,0x0d8a282f1c5a2a0d9a078865fae419b576ad4a1b,1,0,
127,58,1,0x0c31b6605686aa26df47eb45af0e4aa6639a5fd6,1,1,
133,50,1,0x08e166bddc849cfd91084e828b5096085e8e0875,1,0,
134,818,1,0xd6a6027d168ce1f8036d8d01c2918f8cb610271b,1,0,iamfreenow.eth
135,332,1,0x69b552292fb5e71632bfecbd592c03d7998259ba,1,26472719700000000,regis.eth
136,255,1,0x565b93a15d38acd79c120b15432d21e21ed274d6,1,1451974970124370748,flynnjamm.eth
138,52,1,0x0900a13fb9382c6668a74500ccce70eb96385e0c,1,15628536300000000,
139,237,1,0x4c1bcc8f570e9f98fab0eae6b14f4df6e90cb8f7,1,0,
131,55,1,0x0a10871a80cf1329cc5943c4f0746e2b02082311,1,0,
344,438,2,0x8d899892410cdbd8d27e251ca699672b94730ec4,1,67566708800000000,
343,852,2,0xe2e8fee9ac2af4352a0e424650b77da25c36bf80,1,42671023137618564,ninjapay.eth
342,543,2,0xa6b31b0b7cd3660d4d6633223b6a27af83db85df,1,0,
341,194,2,0x461cde402c6b945036df1b49f2703fca22b23d7b,1,6950135600000000,oops.eth
340,442,2,0x8e77c563c2b2f35cd5560828e197e4ec57556687,1,0,
337,571,2,0xab5886f50263de85ccc8d3f10cafa6bdc7153a82,1,10092032500000000,
338,845,2,0xde88d54819c4ae692fbb8f5f914ac5723951ee65,1,42296496600000000,wouimbly.eth
336,797,2,0xd02ae906edc339872b8300020fc4411c4f4036e1,1,111725920300000000,andykaufman.eth
335,448,2,0x91d70fd5006a5a29c66b57a7b1703f49bde957e5,1,0,
334,846,2,0xe0ba6c4c82376c76386d1ca2ae2516ab18882e3c,1,6832254400000000,
375,166,2,0x3951498c5551e7552e536f63ed3e7c861b0f8d93,1,0,
360,154,2,0x35640d73401254601704ec94b564469bb6e00cd4,1,0,
339,59,2,0x0c31b6605686aa26df47eb45af0e4aa6639a5fd6,1,115949320398369,
345,65,2,0x1084b55cb63de549806a521036f7dad2d37e3fae,1,20093019300000000,pipe.eth
352,415,2,0x8a4bdd77b75792f3327df1ed106cf2df91f79369,1,0,
347,120,2,0x2b4ef02dc7dbca60f4978ad70df28a956df5b63d,1,576801000000000,
348,628,2,0xb6605f98a5562b1ac821bc5f2b75934239e8c6d6,1,2615800988605841,catcatcat.eth
349,412,2,0x8917297f98718541ea6e607462b9cd7b7eea2ab3,1,0,
350,147,2,0x330e75e1f48b1ee968197cc870511665a4a5a832,1,3642440653431711487,
351,414,2,0x8a2971ec277ff9ca03ede81f9ae12dc08dcfdf56,1,331803476972594021,
353,787,2,0xcc7b3f37194c7bdc51cbf89c844472b830dadaca,1,0,
354,62,2,0x0d8a282f1c5a2a0d9a078865fae419b576ad4a1b,1,0,
355,144,2,0x3274d89c5c27c33bf44ff44c027a6f986e4e7bd8,1,0,
356,862,2,0xe4a77604802ee95603ec22ca0e4ebf981f6134a3,1,0,
357,856,2,0xe2f6e3565a96cd24d6ba985563a26fb3c93cad04,1,79207300567563314,
442,906,2,0xf56b7c1194e11f941a9ee681d0a4bffa12a7924a,1,847879280889398,
443,679,2,0xc4b58654979382b02c65b8786f6b0242b7f6648c,1,39867532508951347,
361,431,2,0x8c6b10d42ff08e56133fca0dac75e1931b1fcc23,1,888866353529301540,
359,203,2,0x49f4e3c8b59689767b988c333adde1a02d3a78ba,1,0,
346,51,2,0x08e166bddc849cfd91084e828b5096085e8e0875,1,85386089300000000,
358,151,2,0x34d8575ec66968ab4ea07f7031ed6a74c213b704,1,2173859700000000,luckyboys.eth
454,394,2,0x7d3bf2cb39f5ceeeca91ecc8201dc01616ad089f,1,0,goluis.eth
444,323,2,0x6808c8f473363d085d8d8ece4b53966cad81ee4a,1,0,
441,245,2,0x50c25a4f9d19c8f704f2e5d77c00f9cbe6dbb357,1,0,megcusack.eth
374,504,2,0x9f7610115501abd147d1d82ce92cea2a716690ed,1,0,
370,826,2,0xd8ff36bd818bcae0278f0904d527206363795082,1,10003042200000000,
460,660,2,0xc426f7adb8c15771cdc6df55d31518056c04d63e,1,264105199000000000,
461,880,2,0xeae2bb84a160f7597f5792b5c6723e3cbab006cc,1,3544643100000000,
373,503,2,0x9f3ef50ea64adad5b33f1f8222760cfbf42007f7,1,5036054113148239,alphaserpentis.eth
372,764,2,0xca768c37ba6ec3d67be7b47bbe1f1c94ca216f46,1,455901073811958761,langos.eth
371,823,2,0xd82de84a0e70c0fe6d4344a8594ff3756cd11203,1,0,
366,182,2,0x3ec44a823e07555b5f889d8d954eec736eb5865b,1,10000000000000000,collinpixley.eth
369,607,2,0xb21731d830b7e8460e5d6c66dc1ccc0a5d0a6b87,1,0,philfr.eth
368,616,2,0xb3696bfd947104624a838dd0ae1282756e47ea39,1,0,
367,488,2,0x9cca0d5cadd9871fbe79333fcb73a7e207442f30,1,2814355500000000,
458,703,2,0xc6a0d93a696b3cb60a3d1adc7852bb3131639671,1,238545321882051795,nahuel.eth
365,69,2,0x12f5d55526597de9eea0ae9df30f837d83a0bdd2,1,0,
364,67,2,0x1200eb4fa3df9903fc6eff1d7a4a5d17502329b2,1,0,
459,923,2,0xfc655427c568bcb837c05cec13e4956524ca83e0,1,73316258817471,ðŸ”‘ðŸ”‘ðŸ”‘.eth
457,745,2,0xca4c08135366201d6afaed66e5422db8865bbb39,1,0,
456,642,2,0xbd8a922be2101c8a20286a7a3046279a0cf23eaf,1,54495570600000000,jacobhuang.argent.xyz
455,388,2,0x7b3013f95566aebeba4a16998ec1a6f3b0fc5c5d,1,0,
362,792,2,0xcded63761b601f817fc8c7b4a03f15328e45f448,1,0,
453,919,2,0xfc17b4011c116cd8d9298a556108a79a2bacbdd0,1,0,
452,382,2,0x7af7ca67aa827f58e0659c52a641aee55a43b535,1,47302279900000000,
451,870,2,0xe507f2d7de97c783a60fef9f1c4a4dade2b0a989,1,1014410268600000000,thumb.eth
450,377,2,0x79927e10304d4290b42425ae1232a76a1b2e7232,1,189000670644315671,
449,876,2,0xea2c3a53a679535d882ce8b2a603a5603349b036,1,0,
448,398,2,0x7f8c1877ed0da352f78be4fe4cda58bb804a30df,1,75000622600843786,gmewallet.eth
447,288,2,0x5b5398d04f6de67614403e8432c791b9eaae956a,1,2033828556149621,
446,96,2,0x205389a3a0ba0928f9c696fb29cbb3edc66183be,1,0,
445,372,2,0x7929e033554d7d284d62a2f33856df31b4089999,1,709125582723027326,
363,146,2,0x32e61203d6ef64a329bb0db488680c64f2941302,1,21683898749274974,
399,56,2,0x0a10871a80cf1329cc5943c4f0746e2b02082311,1,0,
333,575,2,0xabb9f91560f3c90c1aabf2852f827c91127ef924,1,16415032854176371,
394,470,2,0x992b9b3acc35b0fdfd4572bb2f5dc54ed2cffa84,1,20482010100000000,satse.eth
439,333,2,0x69b552292fb5e71632bfecbd592c03d7998259ba,1,26472719700000000,regis.eth
409,238,2,0x4c1bcc8f570e9f98fab0eae6b14f4df6e90cb8f7,1,2525815099848961,
437,329,2,0x6905b7a65ede4a9b1181f6abfb5cbc122c661f52,1,142790910952049708,
436,8,2,0x01222a114552e89e4c548170f8c1f4d5460d255a,1,1649062758241912,
435,912,2,0xf8f40dbf4e35cdbc404bcd8795dca3b721d6ae08,1,0,erdincgumus.eth
434,733,2,0xc7e36bc2f80543b6c244b147606f9501da6c6561,1,61645950058074899,
433,320,2,0x66ab525022c5291c0c3d7a7199a38b827586f30c,1,0,
432,100,2,0x2185f44a28e18318ce6ec792e50575a4293d4381,1,15476622020133726,
431,684,2,0xc5a61d56ca395fcb87f148532369595e31286d0e,1,244152438965998626,letverse.eth
429,88,2,0x1a1ca7f86e3dc901e2ffe532c4484e9e57d99fba,1,2500000000000000,
428,916,2,0xfa152bdc58e9432ad955987b794ec6429414c4c1,1,0,dvnny.eth
427,265,2,0x56656ada4da72e587408d330e66a85b35516ee20,1,64451945200000000,
426,310,2,0x63421ae93c44f5f3f58b7e3ad1245e955db49897,1,75245010600000000,
425,338,2,0x6b27a28d13b4b82d38e57100b5dc82f8ef3c074d,1,5206164253966032,
430,258,2,0x565b93a15d38acd79c120b15432d21e21ed274d6,1,1545099633750708176,flynnjamm.eth
417,358,2,0x70f8c26c5288d170adbac1e23b6d2904232051d6,1,0,
410,902,2,0xf53a69e7b19d3a92ceae7efb9c621d01d5ab365a,1,28724784100000000,zhanglu.eth
412,95,2,0x1dce25415d54e6bc694aafa6cd5e650d28bb786a,1,0,
413,674,2,0xc4a69b137d22b52a36328f3ac6d5aa9984faab8e,1,0,centrocapital.eth
414,14,2,0x03de28456f987281df43137f0a281152be77aae4,1,0,
415,276,2,0x5993fecb0ff732118e9e609c37e0f550e263598d,1,0,
416,357,2,0x709a71cd574e6c1c7064ff62e0dae652b7c9e359,1,211186879391484,
411,351,2,0x6f53678864e355b4ae7bf3ff4a9ecb1e5107010a,1,0,
418,894,2,0xf02f24d3b531dcc7414df353ec13ff1c1c69045c,1,0,
419,18,2,0x066a2edcc0b7278a2cf5bf2a040b4a54a41a9550,1,2270353300000000,kuso.eth
420,670,2,0xc45230120f7f4642b27b6b48197e4f6934bbc349,1,15528679800000000,daxtaran.eth
421,86,2,0x19cf388796c31fa7a583270d82659ecd2b4fd490,1,0,cryptomandias.eth
422,243,2,0x4e61f6c5aeb9bc5480e0929e6a47b9bf523d0b15,1,13957105080309883,
393,840,2,0xdd45ca901067d65860b54d4310e37371cd92fb09,1,0,sparklesmm.eth
424,271,2,0x57edc3a856a69a1b086ab097c22792b0d5bb2ff2,1,119392894500000000,mdudas.eth
438,908,2,0xf5fe364d18f4a5a53badce9a046ba74cfc97f6fb,1,12277151900000000,coinmandeer.eth
423,12,2,0x03000a0ecb1898040c26cd418570cd480775f0da,1,6783049625506922,
407,402,2,0x81d98c8fda0410ee3e9d7586cb949cd19fa4cf38,1,6120217700000000,cowrie.eth
395,624,2,0xb532fe24310aa59fb428a3dd02dc61b86bf953fa,1,520803780664292529,
392,174,2,0x3af9fe35d280ada5a5edb1bef3ed872a3231d73c,1,0,treth.eth
396,836,2,0xdce21f796ffed3cb780895ed4109f548cdf5548c,1,0,
397,171,2,0x399a0e98343a22a15af031e3e206d7e6055c514b,1,0,nebzor.eth
398,477,2,0x9a72b97137065b3816d091310e483811baa1be0f,1,0,
400,588,2,0xafa5dfeb5b3b16840a92d5fec1f5ece29128696f,1,0,
408,240,2,0x4d3877abc39d131a39ce21dd0675ad3c1e3f3f32,1,76796970303343751,9xkiwi.eth
401,618,2,0xb37795f39c546d3511ba061d04783d987d1259a4,1,71737690500000000,
403,859,2,0xe33611b07b9f08df79c304c48e5b80b75fa722a9,1,0,
404,353,2,0x6f69286d7c51de0f0cf5f3c03c8ca3eda8a322f9,1,17612704011441500,
405,343,2,0x6daf8011d8fe4ed8ebc00a4042a0eea4688f6097,1,4599814400000000,
406,242,2,0x4e3d9399c28c724293dd545225ec843ac4c9e953,1,0,
391,176,2,0x3d158a518b2893fcbf21bfbd2544d8c8582909dc,1,0,
390,178,2,0x3db69bf6ac1735509a60490d338c999252fa153a,1,1568559866295209,charlycryptoinvest.eth
389,123,2,0x2b5a0be5940b63de1eddccca7bd977357e2488ed,1,0,
402,829,2,0xd90ec9dc6f220be43ad88f3eff78fbd00d8fd1d6,1,94745801500000000,jeffkraus.eth
379,510,2,0xa31c2232842e631ccb2d2e4110b356bab21e6020,1,20041110900000000,therealtuna.eth
387,180,2,0x3e5a90f582d45cf83e0446d53b3069e86162003b,1,0,0xd0s.eth
386,529,2,0xa4b8339d2162125b33a667b0d40ac5dec27e924b,1,1905741760232230300,
385,482,2,0x9c2731b4a9adae8b65402e7036318a607496db45,1,0,
384,128,2,0x2f8c2239e53492584420ffea44b66cf26c45b40a,1,0,
383,53,2,0x0900a13fb9382c6668a74500ccce70eb96385e0c,1,15628536300000000,
382,410,2,0x87d83ea617bc2f12ea0ea7760f8a82f2c5f19d2f,1,0,
376,600,2,0xb0dc0c7a91c34ac1698f9e7ec03104bdb3b42de3,1,414447082399089516,0xsiam.eth
381,161,2,0x368c4e8933cf3577ccc394b4e05b4e03691493f1,1,0,
380,591,2,0xb03f5438f9a243de5c3b830b7841ec315034cd5f,1,0,m-j-r.eth
378,819,2,0xd6a6027d168ce1f8036d8d01c2918f8cb610271b,1,0,iamfreenow.eth
377,523,2,0xa4b06dd6316800bbab250d7486c57c982dee6e6a,1,45385286900000000,asuna.eth
440,2,2,0x0057bd83a142da84b6404616c683e21e7dd6fa5f,1,0,
388,461,2,0x964e58e3081d6e5de4182289ef8ce2c32e9a96fb,1,73203269772183937,
564,576,3,0xabb9f91560f3c90c1aabf2852f827c91127ef924,1,16415032854176371,
586,884,3,0xeccc484dd4093f62fc24c4725800013fbc2c1d15,1,0,creampp.eth
574,205,3,0x4a29875994adf15abd11dd79e5923ca666d0f8ac,1,25757293000000000,
538,568,3,0xab5309888c39646bb222a70e0bc1c69e3326ee77,1,52000020400000000,renoeth.eth
565,143,3,0x322ffce13679647e5206a09d129aa834567b8993,1,13879655400000000,
596,317,3,0x66a8ca433b6af14bbff7ce6ac1bfc024efe75c2d,1,100000000000000,brutish.eth
594,259,3,0x565b93a15d38acd79c120b15432d21e21ed274d6,1,1532074631630865654,flynnjamm.eth
566,145,3,0x3274d89c5c27c33bf44ff44c027a6f986e4e7bd8,1,7490390300000000,
572,424,3,0x8c340ad3e0ca75edf7c023e3d128eebfc4d7f2c0,1,100065018833968899,
568,150,3,0x33fd5f04fa5e2f9df117e3a7389fcfc247c24bb7,1,1000000000000000000,
569,383,3,0x7af7ca67aa827f58e0659c52a641aee55a43b535,1,47302279900000000,
570,566,3,0xaaea73b45fd8028b3b27491c475bc5f54ce75679,1,6200070300000000,
571,399,3,0x7f8c1877ed0da352f78be4fe4cda58bb804a30df,1,20000000000000000,gmewallet.eth
573,857,3,0xe2f6e3565a96cd24d6ba985563a26fb3c93cad04,1,60007300567563314,
575,853,3,0xe2e8fee9ac2af4352a0e424650b77da25c36bf80,1,60610316404857355,ninjapay.eth
595,489,3,0x9cdbddf646a86ec987394c807defed498dbc7df4,1,2121913900000000,foofighters.eth
567,708,3,0xc6a0d93a696b3cb60a3d1adc7852bb3131639671,1,3209609034174326395,nahuel.eth
539,92,3,0x1c175fdca70f2f1bbe04e3075aa9f968d35e6eb8,1,1514476600000000,quantly.eth
598,330,3,0x6905b7a65ede4a9b1181f6abfb5cbc122c661f52,1,111493692313447368,
613,549,3,0xa7bb51411a3d11323478f2e3fb4b540514060f97,1,18728586400000000,
601,903,3,0xf53a69e7b19d3a92ceae7efb9c621d01d5ab365a,1,28724784100000000,zhanglu.eth
576,183,3,0x3ec44a823e07555b5f889d8d954eec736eb5865b,1,10000000000000000,collinpixley.eth
604,913,3,0xf9454638f98c35b429a9ecd19fabe7578ce56684,1,100000000000000,theliquidator.eth
603,895,3,0xf02f24d3b531dcc7414df353ec13ff1c1c69045c,1,6012513600000000,
602,241,3,0x4d3877abc39d131a39ce21dd0675ad3c1e3f3f32,1,0,9xkiwi.eth
600,339,3,0x6b27a28d13b4b82d38e57100b5dc82f8ef3c074d,1,3206164253966032,
599,337,3,0x6aa29bcb6146b466a064582bbca829cd793af377,1,72413400000000,
614,530,3,0xa4b8339d2162125b33a667b0d40ac5dec27e924b,1,2206728248946525506,
597,324,3,0x6808c8f473363d085d8d8ece4b53966cad81ee4a,1,0,
605,827,3,0xd8ff36bd818bcae0278f0904d527206363795082,1,10003042200000000,
615,524,3,0xa4b06dd6316800bbab250d7486c57c982dee6e6a,1,45385286900000000,asuna.eth
608,541,3,0xa5a2a35fa9404f3603505984506206ccf208489f,1,100000000000000,grindcore.eth
609,163,3,0x37d2f33c9b7adf3ff90903086ff95d842758a5b3,1,100000000000000,bullzeye.eth
610,793,3,0xcded63761b601f817fc8c7b4a03f15328e45f448,1,66578935217913001,
611,54,3,0x097a39dcb7b2306c164dedba73832d15c50724d0,1,10297562863587667,
612,804,3,0xd02ae906edc339872b8300020fc4411c4f4036e1,1,69453123400000000,andykaufman.eth
606,396,3,0x7e790ca3c053bd46c52eb6c73294ecf80b541ed4,1,3872044500000000,
577,179,3,0x3db69bf6ac1735509a60490d338c999252fa153a,1,1568559866295209,charlycryptoinvest.eth
607,48,3,0x088e11cf7030680f1e889de192d2c27c391076bd,1,100000000000000,profiteering.eth
579,175,3,0x3af9fe35d280ada5a5edb1bef3ed872a3231d73c,1,1618019900000000,treth.eth
552,672,3,0xc4590e9dbcf47cb55f50ec2a504c026866ed78c1,1,7012666600000000,
553,124,3,0x2b5a0be5940b63de1eddccca7bd977357e2488ed,1,5412118135064030,
554,619,3,0xb37795f39c546d3511ba061d04783d987d1259a4,1,71737690500000000,
555,129,3,0x2f8c2239e53492584420ffea44b66cf26c45b40a,1,5077645391136624,
556,601,3,0xb0dc0c7a91c34ac1698f9e7ec03104bdb3b42de3,1,1921947082399089516,0xsiam.eth
557,680,3,0xc4b58654979382b02c65b8786f6b0242b7f6648c,1,39867532508951347,
559,589,3,0xafa5dfeb5b3b16840a92d5fec1f5ece29128696f,1,9254909952148973,
551,671,3,0xc45230120f7f4642b27b6b48197e4f6934bbc349,1,22087810597516867,daxtaran.eth
585,373,3,0x7929e033554d7d284d62a2f33856df31b4089999,1,709125582723027326,
592,3,3,0x0057bd83a142da84b6404616c683e21e7dd6fa5f,1,5721986704329810,
591,272,3,0x57edc3a856a69a1b086ab097c22792b0d5bb2ff2,1,119392894500000000,mdudas.eth
590,291,3,0x5bfa69517e17411beda54ea2d3672709f4867254,1,11888796835877102,
589,279,3,0x5a72bfaf8dd5b251bd008fdc0b4656319ac0509b,1,35160493834157182,
588,924,3,0xfc655427c568bcb837c05cec13e4956524ca83e0,1,73316258817471,ðŸ”‘ðŸ”‘ðŸ”‘.eth
587,889,3,0xef62275a246950d5e4ef9b7ed207d2e0ad41f307,1,7838827200000000,joaquimduarte.eth
578,925,3,0xff2ddf66360f50bc719761959d19dc402d8c2811,1,0,vtv3.eth
561,685,3,0xc5a61d56ca395fcb87f148532369595e31286d0e,1,244152438965998626,letverse.eth
560,139,3,0x30eb4c1a534351662c1ae273b8986862b60fa079,1,100000001996851831,zhangtao.eth
558,132,3,0x2fae7ca03363a8722df266fcc1df74f3957408a8,1,54000000000000000,0x2fa.eth
548,108,3,0x23598029a695c5a622f09206d64c4efbcc366c87,1,4000000000000000,
550,661,3,0xc426f7adb8c15771cdc6df55d31518056c04d63e,1,681766055158642935,
581,837,3,0xdce21f796ffed3cb780895ed4109f548cdf5548c,1,43505721100000000,
582,483,3,0x9c2731b4a9adae8b65402e7036318a607496db45,1,70077828000000000,
583,41,3,0x070a96fe4ad5155ea91d409e8afec6b2f3c729c0,1,4806967352063335839,
584,881,3,0xeae2bb84a160f7597f5792b5c6723e3cbab006cc,1,3544643100000000,
563,68,3,0x1200eb4fa3df9903fc6eff1d7a4a5d17502329b2,1,0,
562,774,3,0xca768c37ba6ec3d67be7b47bbe1f1c94ca216f46,1,2022733855683824362,langos.eth
593,266,3,0x56656ada4da72e587408d330e66a85b35516ee20,1,64451945200000000,
549,107,3,0x22e3f2c7b800f04227fd01075618725c211e2f4d,1,31052602457951276,
580,471,3,0x992b9b3acc35b0fdfd4572bb2f5dc54ed2cffa84,1,10082010100000000,satse.eth
541,572,3,0xab5886f50263de85ccc8d3f10cafa6bdc7153a82,1,10092032500000000,
542,101,3,0x2185f44a28e18318ce6ec792e50575a4293d4381,1,15476622020133726,
543,142,3,0x31d173ea66fa8fba38b3ddb798c1c1098f3ae8c5,1,50000097900000000,gekonn.eth
544,114,3,0x285b7eea81a5b66b62e7276a24c1e0f83f7409c1,1,1752604730859745224,0xMaki.eth
545,77,3,0x1476ac3a5fe25c2a5edf4889b877f4f9639b8a21,1,2119894400000000,
546,738,3,0xc8f88b4aef57ac93fe41390194c3a4d77d7df744,1,1689490605052942350,torgin.eth
547,109,3,0x25be2dbcf1669cddf3f0ed0f9e01223aed3d1209,1,0,
540,63,3,0x0d8a282f1c5a2a0d9a078865fae419b576ad4a1b,1,2232148300000000,
695,709,4,0xc6a0d93a696b3cb60a3d1adc7852bb3131639671,1,3178685093682906637,nahuel.eth
694,775,4,0xca768c37ba6ec3d67be7b47bbe1f1c94ca216f46,1,1932942473349642936,langos.eth
699,838,4,0xdce21f796ffed3cb780895ed4109f548cdf5548c,1,9505721100000000,
713,425,4,0x8c340ad3e0ca75edf7c023e3d128eebfc4d7f2c0,1,144176222254792844,
697,42,4,0x070a96fe4ad5155ea91d409e8afec6b2f3c729c0,1,23961758409843730247,
696,896,4,0xf02f24d3b531dcc7414df353ec13ff1c1c69045c,1,3512513600000000,
701,914,4,0xf9454638f98c35b429a9ecd19fabe7578ce56684,1,100000000000000,theliquidator.eth
698,49,4,0x088e11cf7030680f1e889de192d2c27c391076bd,1,100000000000000,profiteering.eth
702,848,4,0xe264886feb92e9c6a92fa196dfdc09d330b66c17,1,0,
706,90,4,0x1ab8e9283eb5f4e70e4d645ae73d154135a16802,1,100000000000000,netway.eth
704,882,4,0xeae2bb84a160f7597f5792b5c6723e3cbab006cc,1,3544643100000000,
705,871,4,0xe507f2d7de97c783a60fef9f1c4a4dade2b0a989,1,1017702714700000000,thumb.eth
707,794,4,0xcded63761b601f817fc8c7b4a03f15328e45f448,1,66578935217913001,
708,4,4,0x0057bd83a142da84b6404616c683e21e7dd6fa5f,1,8611074928301030,
709,926,4,0xff4bbf02057c6dec217d3d022f7fdf0b057447b0,1,4205181700000000,ogrenicem.eth
710,569,4,0xab5309888c39646bb222a70e0bc1c69e3326ee77,1,0,renoeth.eth
703,854,4,0xe2e8fee9ac2af4352a0e424650b77da25c36bf80,1,73121753820479573,ninjapay.eth
700,820,4,0xd7dc6d34d12a49d6c0eae055e948014901329cd1,1,20146418500000000,
712,614,4,0xb35e71b6a5aebb07dfc3aa705968411ebdbc003f,1,0,0xtopa.eth
728,318,4,0x66a8ca433b6af14bbff7ce6ac1bfc024efe75c2d,1,100000000000000,brutish.eth
714,602,4,0xb0dc0c7a91c34ac1698f9e7ec03104bdb3b42de3,1,1668222871225569211,0xsiam.eth
711,384,4,0x7af7ca67aa827f58e0659c52a641aee55a43b535,1,12302279900000000,
722,340,4,0x6c2e175cb73a1c2152f10480f382895691d2b73f,1,395322822092,
717,662,4,0xc426f7adb8c15771cdc6df55d31518056c04d63e,1,446334545691110619,
718,484,4,0x9c2731b4a9adae8b65402e7036318a607496db45,1,0,
719,577,4,0xabb9f91560f3c90c1aabf2852f827c91127ef924,1,16415032854176371,
720,401,4,0x80a03dbf383c6fdd96fb95d1a24d63c7b6d02b08,1,8091893600000000,prnd.eth
721,561,4,0xaa13905714dc09e1c51926869ddf2f3f2f1f3133,1,117529353408108,
723,629,4,0xb6605f98a5562b1ac821bc5f2b75934239e8c6d6,1,2615800988605841,catcatcat.eth
716,184,4,0x3ec44a823e07555b5f889d8d954eec736eb5865b,1,10000000000000000,collinpixley.eth
725,525,4,0xa4b06dd6316800bbab250d7486c57c982dee6e6a,1,45385286900000000,asuna.eth
726,542,4,0xa5a2a35fa9404f3603505984506206ccf208489f,1,100000000000000,grindcore.eth
727,325,4,0x6808c8f473363d085d8d8ece4b53966cad81ee4a,1,0,
729,164,4,0x37d2f33c9b7adf3ff90903086ff95d842758a5b3,1,100000000000000,bullzeye.eth
730,673,4,0xc4590e9dbcf47cb55f50ec2a504c026866ed78c1,1,0,
731,267,4,0x56656ada4da72e587408d330e66a85b35516ee20,1,0,
715,192,4,0x4547b89eaed946e1cf22050522f48b67370728d6,1,2000000000000000,xfelipe.eth
724,102,4,0x2185f44a28e18318ce6ec792e50575a4293d4381,1,15476622020133726,
800,268,5,0x56656ada4da72e587408d330e66a85b35516ee20,1,0,
801,280,5,0x5a72bfaf8dd5b251bd008fdc0b4656319ac0509b,1,35160493834157182,
802,385,5,0x7af7ca67aa827f58e0659c52a641aee55a43b535,1,3802279900000000,
803,354,5,0x6f69286d7c51de0f0cf5f3c03c8ca3eda8a322f9,1,17612704011441500,
804,5,5,0x0057bd83a142da84b6404616c683e21e7dd6fa5f,1,10348818384189116,
805,244,5,0x4f6f32e1692566d335e7498a1ff9a1c1af43106b,1,0,habibibabobabe.eth
809,459,5,0x95f6b040a013d89883e36545df53844dbda4d8d1,1,0,bluecapital.eth
807,485,5,0x9c2731b4a9adae8b65402e7036318a607496db45,1,0,
812,189,5,0x4059457092cc3812d56676df6a75fd21204fbe2f,1,0,benoxmo.umbra.eth
810,364,5,0x750c31d2290c456fcca1c659b6add80e7a88f881,1,10525583785660569,
811,185,5,0x3ec44a823e07555b5f889d8d954eec736eb5865b,1,10000000000000000,collinpixley.eth
799,293,5,0x5c51ec4986e5fc0e92b309602fe288cc00cd822e,1,0,
813,201,5,0x497cfe918001c1aceb139ce32ae933521739f11f,1,166248700000000,
815,43,5,0x070a96fe4ad5155ea91d409e8afec6b2f3c729c0,1,36783748042805761431,
814,883,5,0xeae2bb84a160f7597f5792b5c6723e3cbab006cc,1,3544643100000000,
806,341,5,0x6c2e175cb73a1c2152f10480f382895691d2b73f,1,395322822092,
808,473,5,0x9958906595168600bb8eca92e52031ffad5d5aee,1,83071200000000,
817,710,5,0xc6a0d93a696b3cb60a3d1adc7852bb3131639671,1,3170480301791970328,nahuel.eth
822,103,5,0x219c12318aff3d1319c63657d0f38afa331cccef,1,0,
833,789,5,0xccd72bea12f3927063be3d8798a4b74082713cb5,1,0,nascent.eth
816,858,5,0xe2f6e3565a96cd24d6ba985563a26fb3c93cad04,1,60007300567563314,
820,125,5,0x2b5a0be5940b63de1eddccca7bd977357e2488ed,1,,
821,638,5,0xbc9eb370dd6b3323a8acdbb5315f36c64d685d06,1,191113221189984,
823,643,5,0xbd8a922be2101c8a20286a7a3046279a0cf23eaf,1,7554028906000000,jacobhuang.argent.xyz
824,610,5,0xb2829b5955bf4d4a193cc9b15a7d315c2629ece0,1,11254675047174817263,
834,663,5,0xc426f7adb8c15771cdc6df55d31518056c04d63e,1,447754975978107051,
827,776,5,0xca768c37ba6ec3d67be7b47bbe1f1c94ca216f46,1,1847594944859457629,langos.eth
825,603,5,0xb0dc0c7a91c34ac1698f9e7ec03104bdb3b42de3,1,1673477208841636809,0xsiam.eth
829,578,5,0xabb9f91560f3c90c1aabf2852f827c91127ef924,1,16415032854176371,
830,148,5,0x33862b6fd4bd5aabf4e368fceefa20c327adaf74,1,0,
831,630,5,0xb6605f98a5562b1ac821bc5f2b75934239e8c6d6,1,2615800988605841,catcatcat.eth
832,526,5,0xa4b06dd6316800bbab250d7486c57c982dee6e6a,1,45385286900000000,asuna.eth
819,625,5,0xb532fe24310aa59fb428a3dd02dc61b86bf953fa,1,1398314966098595377,
826,133,5,0x2fae7ca03363a8722df266fcc1df74f3957408a8,1,0,0x2fa.eth
818,686,5,0xc5a61d56ca395fcb87f148532369595e31286d0e,1,0,letverse.eth
828,110,5,0x263a13fbe5416661d8ff67c5d98624d1553900ae,1,0,
835,832,6,0xdb716f46b8e89b0ffd2f1a09c1b1f072dad5bf0e,1,20232840200000000,
838,361,6,0x74f0ef88878bad5c38ee76144ebb723c94e25a86,1,0,
839,78,6,0x1476ac3a5fe25c2a5edf4889b877f4f9639b8a21,1,2119894400000000,
853,842,6,0xdd78aa83eb209d3a83330368daffa80a393285a5,1,2036230500000000,
841,527,6,0xa4b06dd6316800bbab250d7486c57c982dee6e6a,1,45385286900000000,asuna.eth
842,378,6,0x79927e10304d4290b42425ae1232a76a1b2e7232,1,65455444225075686,
843,202,6,0x497cfe918001c1aceb139ce32ae933521739f11f,1,166248700000000,
852,739,6,0xc8f88b4aef57ac93fe41390194c3a4d77d7df744,1,1603967302265983440,torgin.eth
846,236,6,0x4a4016d1cb5b6e3cfc2746e418f53a296357f564,1,0,
847,286,6,0x5add08b293702e40c24876db430cb1f36099795f,1,20900000000000000,iazid.eth
848,386,6,0x7af7ca67aa827f58e0659c52a641aee55a43b535,1,3802279900000000,
849,516,6,0xa31c2232842e631ccb2d2e4110b356bab21e6020,1,0,therealtuna.eth
850,805,6,0xd02ae906edc339872b8300020fc4411c4f4036e1,1,6096073700000000,andykaufman.eth
851,486,6,0x9c2731b4a9adae8b65402e7036318a607496db45,1,0,
837,230,6,0x4a3e6e66f8c32bc05a50879f872b1177a1573cdf,1,1500052925635844751,taliskye.eth
844,420,6,0x8c0eacd366a5085a8bbee1b6c18e216a8c7240b3,1,563126097879224,
845,711,6,0xc6a0d93a696b3cb60a3d1adc7852bb3131639671,1,3260226039328419477,nahuel.eth
836,6,6,0x0057bd83a142da84b6404616c683e21e7dd6fa5f,1,14027053925667380,
864,664,6,0xc426f7adb8c15771cdc6df55d31518056c04d63e,1,437754975978107051,
854,562,6,0xaa13905714dc09e1c51926869ddf2f3f2f1f3133,1,100453974247949,
857,93,6,0x1c175fdca70f2f1bbe04e3075aa9f968d35e6eb8,1,1514476600000000,quantly.eth
858,365,6,0x76da9f88e63a85ba8bfa19f3821d5a271753d3dc,1,0,lordgiv.eth
840,681,6,0xc4b58654979382b02c65b8786f6b0242b7f6648c,1,29867532508951347,
860,98,6,0x210a7ae3a6a53a04cdf43f6a4e5428221c63cc5a,1,28262638036520524,
861,368,6,0x79198fec001e269a85ae1496e3394d22b00b14a1,1,7843251575826482,
862,439,6,0x8dcbbfb22d55a46fe78e8ce5b16b2cd602d20223,1,2004071700000000,
863,140,6,0x30eb4c1a534351662c1ae273b8986862b60fa079,1,0,zhangtao.eth
859,91,6,0x1b2965dc3b1697dd10b7126ec7393d79cda2cf91,1,6193104560065,sumrtime.eth
865,260,6,0x565b93a15d38acd79c120b15432d21e21ed274d6,1,1048617524149943369,flynnjamm.eth
866,121,6,0x2b4ef02dc7dbca60f4978ad70df28a956df5b63d,1,200801000000000,
856,475,6,0x99d4ebed26b5d4833b2dc432d73519bca3d3ac70,1,14248314190518310,
868,186,6,0x3ec44a823e07555b5f889d8d954eec736eb5865b,1,10000000000000000,collinpixley.eth
869,137,6,0x301605c95acbed7a1fd9c2c0deee964e2afbd0c3,1,38408776100000000,knobelsdorf.eth
870,777,6,0xca768c37ba6ec3d67be7b47bbe1f1c94ca216f46,1,1857480205251131747,langos.eth
855,579,6,0xabb9f91560f3c90c1aabf2852f827c91127ef924,1,16415032854176371,
867,584,6,0xae72f470da5446005c756b08d3e916f7ea8e9b72,1,0,
871,665,7,0xc426f7adb8c15771cdc6df55d31518056c04d63e,1,437754975978107051,
873,740,7,0xc8f88b4aef57ac93fe41390194c3a4d77d7df744,1,1563849553748017595,torgin.eth
874,387,7,0x7af7ca67aa827f58e0659c52a641aee55a43b535,1,3802279900000000,
872,886,7,0xef39833eaf1c36803f415bcfc7670594034d3d63,1,1000000000000000,
879,712,7,0xc6a0d93a696b3cb60a3d1adc7852bb3131639671,1,3199494129553942977,nahuel.eth
878,531,7,0xa4b8339d2162125b33a667b0d40ac5dec27e924b,1,2434027117845451379,
875,362,7,0x74f0ef88878bad5c38ee76144ebb723c94e25a86,1,0,
881,580,7,0xabb9f91560f3c90c1aabf2852f827c91127ef924,1,16415032854176371,
876,281,7,0x5a72bfaf8dd5b251bd008fdc0b4656319ac0509b,1,35160493834157182,
880,156,7,0x35ac1fca4d919e864e2fdf10297cf09939ef5a4d,1,10000000000000000,
890,594,7,0xb0623c91c65621df716ab8afe5f66656b21a9108,1,61443357638222777,johnpalmer.eth
882,778,7,0xca768c37ba6ec3d67be7b47bbe1f1c94ca216f46,1,1892865492151131747,langos.eth
887,421,7,0x8c0eacd366a5085a8bbee1b6c18e216a8c7240b3,1,563126097879224,
877,849,7,0xe264886feb92e9c6a92fa196dfdc09d330b66c17,1,0,
889,413,7,0x89a77a6ac47094140bbdaa47adbef6fab1cd282b,1,1005077891578150414,
888,615,7,0xb35e71b6a5aebb07dfc3aa705968411ebdbc003f,1,0,0xtopa.eth
883,89,7,0x1a2b50bb52b322b50d3266f4be8e43944d967e94,1,15553854240420254,
886,611,7,0xb2829b5955bf4d4a193cc9b15a7d315c2629ece0,1,11261351281497397077,
885,604,7,0xb0dc0c7a91c34ac1698f9e7ec03104bdb3b42de3,1,1720266029208042021,0xsiam.eth
884,231,7,0x4a3e6e66f8c32bc05a50879f872b1177a1573cdf,1,1500052925635844751,taliskye.eth
893,731,8,0xc75f1ad2eaef79b729c8dd8bcbaeddd893f5a761,1,0,
894,918,8,0xfbbfbf2756b062abe77e975ed0925295c87c1a15,1,1127855306214077,
895,713,8,0xc6a0d93a696b3cb60a3d1adc7852bb3131639671,1,3199494129553942977,nahuel.eth
892,252,8,0x52ef83e77243970e74680fc5814d4a7b984d4b89,1,14410559541410984,poapgod.eth
897,813,8,0xd2c404a6224cd327868c0a9388ff0f75c2a5bf81,1,3385033600000000,
896,904,8,0xf56345338cb4cddaf915ebef3bfde63e70fe3053,1,0,bored.eth
899,507,8,0xa21df89c3f7375ebe7381cc858e0aa0b7c83aee0,1,650799490379206,jacobjewell.eth
901,532,8,0xa4b8339d2162125b33a667b0d40ac5dec27e924b,1,2434027117845451379,
903,474,8,0x9958906595168600bb8eca92e52031ffad5d5aee,1,5690296048474086,
904,173,8,0x3aea482a5a2cf7357b55ce24ed85e0d66000482f,1,1510257002519,
898,363,8,0x74f0ef88878bad5c38ee76144ebb723c94e25a86,1,0,
891,666,8,0xc426f7adb8c15771cdc6df55d31518056c04d63e,1,437754975978107051,
900,806,8,0xd02ae906edc339872b8300020fc4411c4f4036e1,1,6096073700000000,andykaufman.eth
907,435,8,0x8d07d225a769b7af3a923481e1fdf49180e6a265,1,5000000000000000,monetsupply.eth
902,157,8,0x35ac1fca4d919e864e2fdf10297cf09939ef5a4d,0,10000000000000000,
916,282,8,0x5a72bfaf8dd5b251bd008fdc0b4656319ac0509b,1,35160493834157182,
915,888,8,0xef5ad662a5a42c3023e009035ee235082800b924,0,6666684100000000,
914,741,8,0xc8f88b4aef57ac93fe41390194c3a4d77d7df744,1,1563849553748017595,torgin.eth
912,392,8,0x7c60b75b7af413667c14bd8fdc84267c03da9ba3,1,466700000000,
913,636,8,0xbb55ebe9a672ee9e93491c40124c530241910554,1,400000000000000,javydavy.eth
910,872,8,0xe507f2d7de97c783a60fef9f1c4a4dade2b0a989,1,1017702714700000000,thumb.eth
909,426,8,0x8c340ad3e0ca75edf7c023e3d128eebfc4d7f2c0,1,3172150016460753,
908,355,8,0x6f69286d7c51de0f0cf5f3c03c8ca3eda8a322f9,0,16597633089382852,
906,581,8,0xabb9f91560f3c90c1aabf2852f827c91127ef924,1,16415032854176371,
905,779,8,0xca768c37ba6ec3d67be7b47bbe1f1c94ca216f46,1,1892865492151131747,langos.eth
911,422,8,0x8c0eacd366a5085a8bbee1b6c18e216a8c7240b3,1,563126097879224,
923,873,9,0xe507f2d7de97c783a60fef9f1c4a4dade2b0a989,1,1017702714700000000,thumb.eth
925,232,9,0x4a3e6e66f8c32bc05a50879f872b1177a1573cdf,1,1502207920618176104,taliskye.eth
926,322,9,0x67b98fa27f40028e9caaf5a02535cf112db833aa,1,20409331422027106,
922,780,9,0xca768c37ba6ec3d67be7b47bbe1f1c94ca216f46,1,1911706129780573818,langos.eth
924,714,9,0xc6a0d93a696b3cb60a3d1adc7852bb3131639671,1,3199494129553942977,nahuel.eth
920,667,9,0xc426f7adb8c15771cdc6df55d31518056c04d63e,1,437754609719042004,
919,612,9,0xb2829b5955bf4d4a193cc9b15a7d315c2629ece0,1,11255575119803619519,
918,334,9,0x69b552292fb5e71632bfecbd592c03d7998259ba,1,9453199193584623,regis.eth
917,427,9,0x8c340ad3e0ca75edf7c023e3d128eebfc4d7f2c0,1,5433910515683551,
921,261,9,0x565b93a15d38acd79c120b15432d21e21ed274d6,1,1019056995849943369,flynnjamm.eth
145,233,10,0x4a3e6e66f8c32bc05a50879f872b1177a1573cdf,1,1505207920618176104,taliskye.eth
144,563,10,0xaa13905714dc09e1c51926869ddf2f3f2f1f3133,1,100453974247949,
143,781,10,0xca768c37ba6ec3d67be7b47bbe1f1c94ca216f46,1,1911706129780573818,langos.eth
146,715,10,0xc6a0d93a696b3cb60a3d1adc7852bb3131639671,1,3199494129553942977,nahuel.eth
141,44,10,0x070a96fe4ad5155ea91d409e8afec6b2f3c729c0,1,48384782097057473959,
140,455,10,0x94f890e53a8b98c5833ec668b7986b873d83e3a8,1,367168630516969,
142,850,10,0xe264886feb92e9c6a92fa196dfdc09d330b66c17,1,0,
155,742,11,0xc8f88b4aef57ac93fe41390194c3a4d77d7df744,1,1574899923562264971,torgin.eth
157,274,11,0x588031347beaa0d43978bc8c0094138a67d1a071,1,817747111359252,estebanether.eth
147,472,11,0x992b9b3acc35b0fdfd4572bb2f5dc54ed2cffa84,1,5082010100000000,satse.eth
148,456,11,0x94f890e53a8b98c5833ec668b7986b873d83e3a8,1,367168630516969,
149,547,11,0xa72511883e1d69b63ec7c744dca756a7a698d0ae,1,68493138712587989,
150,782,11,0xca768c37ba6ec3d67be7b47bbe1f1c94ca216f46,1,1911706129780573818,langos.eth
151,718,11,0xc6c9d802bc16d8746aafcac4781f9a8d442d585d,1,573537492555943,missiontomars.eth
152,898,11,0xf2daebd70beb828ab7480bd12f289d42af48ebb2,1,55177379642470972,
153,716,11,0xc6a0d93a696b3cb60a3d1adc7852bb3131639671,1,3201369911280766835,nahuel.eth
154,234,11,0x4a3e6e66f8c32bc05a50879f872b1177a1573cdf,1,1505207920618176104,taliskye.eth
156,190,11,0x4059457092cc3812d56676df6a75fd21204fbe2f,1,510875188760713,benoxmo.umbra.eth
163,379,11,0x79927e10304d4290b42425ae1232a76a1b2e7232,1,271683695451771792,
158,821,11,0xd7dc6d34d12a49d6c0eae055e948014901329cd1,1,5146418500000000,
160,626,11,0xb532fe24310aa59fb428a3dd02dc61b86bf953fa,1,108970121612047759,
161,262,11,0x565b93a15d38acd79c120b15432d21e21ed274d6,1,1019056995849943369,flynnjamm.eth
162,246,11,0x50c25a4f9d19c8f704f2e5d77c00f9cbe6dbb357,1,71107609972243473,megcusack.eth
168,595,11,0xb0623c91c65621df716ab8afe5f66656b21a9108,1,42715326403172065,johnpalmer.eth
167,656,11,0xc15753ae3b6099b8a3366b836433d6542645b876,1,49566546294657502,hullofrenz.eth
166,668,11,0xc426f7adb8c15771cdc6df55d31518056c04d63e,1,437754609719042004,
159,295,11,0x5f00742d6674d7b1ae724114907dd21f49786034,1,15403304800000000,
164,299,11,0x61a538988fa6e215b6a96988bd684dd013b8b0ad,1,1000000000000000,
165,551,11,0xa8c7372dc993d7510c9c45425807d463967cbb12,1,31474010262109626,bmann.eth
177,428,12,0x8c340ad3e0ca75edf7c023e3d128eebfc4d7f2c0,1,1222356632091095166,
169,235,12,0x4a3e6e66f8c32bc05a50879f872b1177a1573cdf,1,1505207920618176104,taliskye.eth
170,263,12,0x565b93a15d38acd79c120b15432d21e21ed274d6,1,1019056995849943369,flynnjamm.eth
171,436,12,0x8d07d225a769b7af3a923481e1fdf49180e6a265,1,5000000000000000,monetsupply.eth
172,247,12,0x50c25a4f9d19c8f704f2e5d77c00f9cbe6dbb357,1,77967729810884220,megcusack.eth
174,342,12,0x6c8acc7ece36bdbe0b3edb98f781eec3105b98e5,1,51878595579444,
175,294,12,0x5c51ec4986e5fc0e92b309602fe288cc00cd822e,1,153294553246973,
176,191,12,0x4059457092cc3812d56676df6a75fd21204fbe2f,1,510875188760713,benoxmo.umbra.eth
173,296,12,0x5f00742d6674d7b1ae724114907dd21f49786034,1,15403304800000000,
178,400,12,0x7ffd3b2ba34fd52d63d4f3bf7a21846f45829b5e,1,2505529397379129,
184,877,12,0xeaa11e489dbb1073fd5a9732c9c1bcaf48a7abb9,1,31406582402524966,0xdude.eth
181,605,12,0xb0dc0c7a91c34ac1698f9e7ec03104bdb3b42de3,1,1531387908309361967,0xsiam.eth
182,717,12,0xc6a0d93a696b3cb60a3d1adc7852bb3131639671,1,3199494129553942977,nahuel.eth
183,719,12,0xc6c9d802bc16d8746aafcac4781f9a8d442d585d,1,573537492555943,missiontomars.eth
179,463,12,0x97e6e59baf7c21a833fdb658d82357f3b11679f9,1,4843577755595125,
185,743,12,0xc8f88b4aef57ac93fe41390194c3a4d77d7df744,1,1574899923562264971,torgin.eth
186,552,12,0xa8c7372dc993d7510c9c45425807d463967cbb12,1,31474010262109626,bmann.eth
180,783,12,0xca768c37ba6ec3d67be7b47bbe1f1c94ca216f46,1,1911706129780573818,langos.eth
187,586,12,0xae9d5647400ce620dcf954b0f822976ced9a6504,1,39538861941723,
192,188,13,0x3f91fde8dca11a6208f1bbfb6797fe50e5dca663,1,416710000000000,
191,890,13,0xef933ce7f92ab3d851013fb3473086e5c4801cd5,1,1807195041065451,bearkylls.eth
188,464,13,0x97e6e59baf7c21a833fdb658d82357f3b11679f9,1,3846260333046410,
189,283,13,0x5a72bfaf8dd5b251bd008fdc0b4656319ac0509b,1,35160493834157182,
190,45,13,0x070a96fe4ad5155ea91d409e8afec6b2f3c729c0,1,53811475249590494385,
195,891,14,0xef933ce7f92ab3d851013fb3473086e5c4801cd5,1,1807195041065451,bearkylls.eth
196,369,14,0x79198fec001e269a85ae1496e3394d22b00b14a1,1,7843251575826482,
193,326,14,0x6808c8f473363d085d8d8ece4b53966cad81ee4a,1,39150127030242217,
194,46,14,0x070a96fe4ad5155ea91d409e8afec6b2f3c729c0,1,53778226451047264212,
201,450,14,0x92db1a82dc9cc4a3d4e3df5246c8853114928bba,1,500000000,llll.eth
199,465,14,0x97e6e59baf7c21a833fdb658d82357f3b11679f9,1,3846260333046410,
200,505,14,0x9fff03a69ab706415f425c21820b4644d2577f7f,1,34163824092147709,
198,284,14,0x5a72bfaf8dd5b251bd008fdc0b4656319ac0509b,1,35160493834157182,
197,917,14,0xfb808b3a5c074f2c6475d6926f4330b8044552e9,1,473463961170,
202,720,15,0xc70f6273f7edf28f28810ea0b8dec35eb00bca81,1,38429732700000000,gibbounleashed.eth
203,336,15,0x6a43e60d5520912d20f19eb29a011e82a6ee50ae,1,12994621171437723,sasis.eth
204,831,15,0xda3611f57f540873a1f836ede74bf67a396139b6,1,57024554000000000,blocklollo.eth
205,687,15,0xc5bc4606d634da2708e9559523efefe46521f30b,1,198748680068401,
229,300,15,0x61a538988fa6e215b6a96988bd684dd013b8b0ad,1,1000000000000000,
207,370,15,0x79198fec001e269a85ae1496e3394d22b00b14a1,1,7843251575826482,
209,47,15,0x070a96fe4ad5155ea91d409e8afec6b2f3c729c0,1,52360829629834720575,
210,84,15,0x192420795e6a2c80c4a90f8a380d792145985f27,1,6810155806882127,wolf.eth
211,518,15,0xa31cd363cd2867e98fb0102e07e0c226f8346e48,1,359602900000000,
212,253,15,0x52ef83e77243970e74680fc5814d4a7b984d4b89,1,21016328675922285,poapgod.eth
231,466,15,0x97e6e59baf7c21a833fdb658d82357f3b11679f9,1,46260333046410,
208,863,15,0xe4a77604802ee95603ec22ca0e4ebf981f6134a3,1,4069771000000000,
232,204,15,0x4a160e45aa802cd9efdef7554ef50b177f384fba,1,84738597535591,
206,451,15,0x92db1a82dc9cc4a3d4e3df5246c8853114928bba,1,500000000,llll.eth
230,7,15,0x0087a081a9b430fd8f688c6ac5dd24421bfb060d,1,24335413906075330,defilatam.eth
218,391,15,0x7bf49814598924b1ab2a33ad815054b6367cddd0,1,5395518300000000,mikepalace.eth
219,548,15,0xa72511883e1d69b63ec7c744dca756a7a698d0ae,1,16701259093598003,
214,349,15,0x6e9a88971e957abb41bae4e2677cae258f0c1e76,1,8000000000000000,blakeðŸŒ¯.eth
215,790,15,0xccd72bea12f3927063be3d8798a4b74082713cb5,1,5532500000000000000,nascent.eth
216,784,15,0xca768c37ba6ec3d67be7b47bbe1f1c94ca216f46,1,1859818780332035206,langos.eth
217,554,15,0xa99c377ac478a79fb60ffce3545c8b18c255b9c5,1,522078724956180,bourbonfan.eth
228,429,15,0x8c340ad3e0ca75edf7c023e3d128eebfc4d7f2c0,1,8714285024483523,
227,564,15,0xaa13905714dc09e1c51926869ddf2f3f2f1f3133,1,100570952099037,
213,814,15,0xd2c404a6224cd327868c0a9388ff0f75c2a5bf81,1,3385033600000000,
221,897,15,0xf02f24d3b531dcc7414df353ec13ff1c1c69045c,1,1012513600000000,
222,406,15,0x84bd9ed56a1c9e4bb367fe655134a5d0e0fe1b13,1,2000000000000000,brassic.eth
223,921,15,0xfc5722f34a48803adf8cd9b2e9b597c11d3a4993,1,23760961100000000,11201983.eth
224,407,15,0x85d10d3c539bc4bbe13fd1631fa09d14e742eb71,1,2739122900000000,unstatesloth.eth
225,135,15,0x2ff28a33a9f4a51108a31b2b205abebc2092b25b,1,26232240600000000,
226,119,15,0x29262a827ebacadeedf43ca3b0ec6fbf4380fec1,1,2456890800000000,
220,878,15,0xeaa11e489dbb1073fd5a9732c9c1bcaf48a7abb9,1,406582402524966,0xdude.eth
252,344,16,0x6dbb9d989289bdd2f11ae7b65783ba8cac6027d0,0,99939904115378,
251,390,16,0x7bf49814598924b1ab2a33ad815054b6367cddd0,1,5395518300000000,mikepalace.eth
250,116,16,0x29262a827ebacadeedf43ca3b0ec6fbf4380fec1,1,2456890800000000,
249,633,16,0xb9a28ce32dca69ad25e17212bc6d3d753e795aae,1,5748665400000000,
248,405,16,0x84bd9ed56a1c9e4bb367fe655134a5d0e0fe1b13,1,2000000000000000,brassic.eth
247,423,16,0x8c340ad3e0ca75edf7c023e3d128eebfc4d7f2c0,1,8714285024483523,
243,834,16,0xdc2f48f5b303d7412aa5ab8e02a178534b560a18,1,61633286561597843,
245,573,16,0xab7b49bacd43bd4cfa41433d477f690bb9e1fb26,1,4385823500000000,eth9999.eth
244,565,16,0xaa6444dbaf86f16b894ef29d2fddff7ab7cfcd43,1,0,rootial.eth
242,331,16,0x69b552292fb5e71632bfecbd592c03d7998259ba,1,6472624300000000,regis.eth
240,314,16,0x654e294458421e5c6d533e1ce3a1484206bfbef8,1,4800097593961084,
234,785,16,0xcb77c5d5d7d6974435eb3a6931d06318d3501643,1,57850163000000000,
253,675,16,0xc4b58654979382b02c65b8786f6b0242b7f6648c,1,30059246825633317,
246,206,16,0x4a3e6e66f8c32bc05a50879f872b1177a1573cdf,1,1500007920618176104,taliskye.eth
254,688,16,0xc6597e56a12af557f98df3bb899ad584a85a8d4e,1,514764400000000,
255,689,16,0xc6a0d93a696b3cb60a3d1adc7852bb3131639671,1,3210925952721735407,nahuel.eth
238,817,16,0xd6112bb75d036a4af8d1fae4eb6cb01e9731f703,1,0,trackyourdog.eth
256,440,16,0x8e5539996a21fa05f7e553cb43d25f373ba6a1fa,1,0,
235,250,16,0x52ef83e77243970e74680fc5814d4a7b984d4b89,1,22196342382229999,poapgod.eth
236,277,16,0x5a72bfaf8dd5b251bd008fdc0b4656319ac0509b,0,34000493834157182,
237,920,16,0xfc5722f34a48803adf8cd9b2e9b597c11d3a4993,1,23760961100000000,11201983.eth
264,746,16,0xca768c37ba6ec3d67be7b47bbe1f1c94ca216f46,1,1828237675575473268,langos.eth
241,830,16,0xda3611f57f540873a1f836ede74bf67a396139b6,0,57024554000000000,blocklollo.eth
233,874,16,0xe510058152640c40266d910eea4c42bf58ced7f2,1,603582494071143,
239,292,16,0x5c51ec4986e5fc0e92b309602fe288cc00cd822e,1,153294553246973,
261,81,16,0x192420795e6a2c80c4a90f8a380d792145985f27,1,6810155806882127,wolf.eth
263,80,16,0x16e3a8d05dd429c603ea88d5c898d822ac5a7469,1,58737181695718,
260,734,16,0xc8f88b4aef57ac93fe41390194c3a4d77d7df744,1,1548971328432438673,torgin.eth
259,555,16,0xaa13905714dc09e1c51926869ddf2f3f2f1f3133,1,100570952099037,
258,553,16,0xa99c377ac478a79fb60ffce3545c8b18c255b9c5,1,522078724956180,bourbonfan.eth
257,345,16,0x6e9a88971e957abb41bae4e2677cae258f0c1e76,1,3000000000000000,blakeðŸŒ¯.eth
262,73,16,0x1476ac3a5fe25c2a5edf4889b877f4f9639b8a21,1,2132764010128068,
271,892,17,0xf02f24d3b531dcc7414df353ec13ff1c1c69045c,1,1012513600000000,
276,395,17,0x7e1bda944017ab34ffe87f70944afc465e940f31,1,416773268241937,
275,506,17,0xa21df89c3f7375ebe7381cc858e0aa0b7c83aee0,1,100799490379206,jacobjewell.eth
274,556,17,0xaa13905714dc09e1c51926869ddf2f3f2f1f3133,1,100479143335288,
273,321,17,0x67b98fa27f40028e9caaf5a02535cf112db833aa,1,100952222448731232,
272,467,17,0x980e2bf8368b26e070d12438c3ce9ab8cac60c65,1,100000000000000,dogetothemoon.eth
270,808,17,0xd1412b9db3c9667af10ca11ff3579e9e14ebb228,1,208134783359057369,
277,634,17,0xb9a28ce32dca69ad25e17212bc6d3d753e795aae,1,3248665400000000,
268,419,17,0x8ac5c1cbafc564fbd01ee4b116dea85e6a593ab4,1,0,theogonella.eth
265,432,17,0x8d07d225a769b7af3a923481e1fdf49180e6a265,1,5000000000000000,monetsupply.eth
281,691,17,0xc6a0d93a696b3cb60a3d1adc7852bb3131639671,1,3182745782014708623,nahuel.eth
296,105,17,0x22c0259870aac800347d8e20870b9ecf40665959,1,100000000000000,
292,195,17,0x4636e19f6e68bc6cc0f7bfa2d5f2ec3cf9413c0e,1,24980771302168,
293,162,17,0x3727321b9b1318c2716b743e4eea28e0c8fc7f58,1,7189507140403,
269,632,17,0xb7d672703e7987715912a0784be91b27d1098c89,1,16821277288475680,
279,327,17,0x684f49bc1e04339d84f2370f14dc1491a3b4f113,1,10656101700000000,rliriano.eth
297,251,17,0x52ef83e77243970e74680fc5814d4a7b984d4b89,1,373902850496028,poapgod.eth
282,885,17,0xee4e5951a40aacf2ab525a664b7b4677eb335a17,1,8406000400000000,
280,641,17,0xbd8a922be2101c8a20286a7a3046279a0cf23eaf,1,8910665590085238,jacobhuang.argent.xyz
278,860,17,0xe34e1fd01f5d2d5533a586941f22dc8d4894a0d3,1,561915511,metallionaire.eth
267,748,17,0xca768c37ba6ec3d67be7b47bbe1f1c94ca216f46,1,1626347642563578571,langos.eth
294,207,17,0x4a3e6e66f8c32bc05a50879f872b1177a1573cdf,1,1500474761821487432,taliskye.eth
295,97,17,0x20b66765e8b16804090a2856023b43c3802aca72,1,191439990445246,
290,273,17,0x588031347beaa0d43978bc8c0094138a67d1a071,1,377496972773117,estebanether.eth
289,117,17,0x29262a827ebacadeedf43ca3b0ec6fbf4380fec1,1,2456890800000000,
291,275,17,0x59240e33416fdb8a09702b754712384d2a911412,1,184726003413113,
287,269,17,0x5723fb463167b6d5b7a3cf4a9d7623c8e1e5c664,1,28442454600000000,
286,32,17,0x070a96fe4ad5155ea91d409e8afec6b2f3c729c0,1,53144243919075943257,
285,130,17,0x2fae7ca03363a8722df266fcc1df74f3957408a8,1,100000000000000,0x2fa.eth
284,0,17,0x0057bd83a142da84b6404616c683e21e7dd6fa5f,1,205964575037396,
283,835,17,0xdc2f48f5b303d7412aa5ab8e02a178534b560a18,1,9049473811945689,
266,593,17,0xb0623c91c65621df716ab8afe5f66656b21a9108,1,51565167951301703,johnpalmer.eth
288,60,17,0x0d5ef5088ffdedb05cfa80ea1b4f5992a3b7b4af,1,9713839649503230,
302,198,18,0x48a9789428f2067338d02b1ef3612df64f05feb7,1,100000000000000,liuchaojin.eth
301,33,18,0x070a96fe4ad5155ea91d409e8afec6b2f3c729c0,1,62984462720325545006,
300,446,18,0x8f931fc620cd320775687bc6c8f2cbdbde3dcf22,1,6870034192201,
299,809,18,0xd1412b9db3c9667af10ca11ff3579e9e14ebb228,0,208134783359057369,
298,847,18,0xe0f83402b0266f3abc45a8b09baf424c303e853c,1,0,
303,682,18,0xc5936887ac79ea0457c286ee586cc0066b6e6cd5,1,608632164286516,
307,557,18,0xaa13905714dc09e1c51926869ddf2f3f2f1f3133,1,100479143335288,
309,200,18,0x497cfe918001c1aceb139ce32ae933521739f11f,1,166248700000000,
308,208,18,0x4a3e6e66f8c32bc05a50879f872b1177a1573cdf,1,1500474761821487432,taliskye.eth
306,749,18,0xca768c37ba6ec3d67be7b47bbe1f1c94ca216f46,1,1625347642563578571,langos.eth
305,1,18,0x0057bd83a142da84b6404616c683e21e7dd6fa5f,1,205964575037396,
304,155,18,0x35ac1fca4d919e864e2fdf10297cf09939ef5a4d,1,3023135555360151,
310,75,18,0x1476ac3a5fe25c2a5edf4889b877f4f9639b8a21,1,2132764010128068,
319,449,19,0x92db1a82dc9cc4a3d4e3df5246c8853114928bba,1,500000000,llll.eth
325,750,19,0xca768c37ba6ec3d67be7b47bbe1f1c94ca216f46,1,1624809290400666373,langos.eth
312,328,19,0x684f49bc1e04339d84f2370f14dc1491a3b4f113,1,12466602695532413,rliriano.eth
313,508,19,0xa2e7002e0ffc42e4228292d67c13a81fdd191870,1,0,fommes.eth
314,347,19,0x6e9a88971e957abb41bae4e2677cae258f0c1e76,1,40000000000000000,blakeðŸŒ¯.eth
315,481,19,0x9b06ffcb22773a854c0467b2c05f1b5427133be8,1,2286596118610963,
316,82,19,0x192420795e6a2c80c4a90f8a380d792145985f27,1,385961439063120,wolf.eth
317,843,19,0xde67adf51408acca6bee2abe20dbfff2dddfed33,1,4581763350257,isantorini.eth
311,597,19,0xb0dc0c7a91c34ac1698f9e7ec03104bdb3b42de3,0,1509491802600000000,0xsiam.eth
320,34,19,0x070a96fe4ad5155ea91d409e8afec6b2f3c729c0,1,68264109497520486313,
318,730,19,0xc75f1ad2eaef79b729c8dd8bcbaeddd893f5a761,1,0,
323,893,19,0xf02f24d3b531dcc7414df353ec13ff1c1c69045c,1,1283207503238799,
328,149,19,0x33fd5f04fa5e2f9df117e3a7389fcfc247c24bb7,1,1000000000000000000,
330,810,19,0xd1412b9db3c9667af10ca11ff3579e9e14ebb228,1,208134783359057369,
327,692,19,0xc6a0d93a696b3cb60a3d1adc7852bb3131639671,1,3183373802925036275,nahuel.eth
331,545,19,0xa72511883e1d69b63ec7c744dca756a7a698d0ae,1,10634000000000000,
321,635,19,0xbb55ebe9a672ee9e93491c40124c530241910554,1,400000000000000,javydavy.eth
329,788,19,0xccd72bea12f3927063be3d8798a4b74082713cb5,1,378161897896867922,nascent.eth
326,558,19,0xaa13905714dc09e1c51926869ddf2f3f2f1f3133,1,100847919316642,
322,118,19,0x29262a827ebacadeedf43ca3b0ec6fbf4380fec1,1,2456890800000000,
324,416,19,0x8abaf5733742b1506f6a1255de0e37aec76b7940,1,0,dumbfuck.eth
332,585,19,0xae7758ba4157d0b6fd00c405169ee62678acc58a,1,7142510600000000,jkautz.eth
473,289,20,0x5b9f96ba92fcf03d4bb22dcb658a07f702008e52,1,3974766120732109,
472,83,20,0x192420795e6a2c80c4a90f8a380d792145985f27,1,385961439063120,wolf.eth
471,751,20,0xca768c37ba6ec3d67be7b47bbe1f1c94ca216f46,1,1627233392900996198,langos.eth
469,366,20,0x79198fec001e269a85ae1496e3394d22b00b14a1,1,7843251575826482,
468,677,20,0xc4b58654979382b02c65b8786f6b0242b7f6648c,1,30059246825633317,
467,209,20,0x4a3e6e66f8c32bc05a50879f872b1177a1573cdf,1,1512878061465637241,taliskye.eth
465,693,20,0xc6a0d93a696b3cb60a3d1adc7852bb3131639671,1,3238846292909472826,nahuel.eth
464,11,20,0x03000a0ecb1898040c26cd418570cd480775f0da,1,2296828877627453,
462,126,20,0x2ea6fec9d00dcfdfc302417a4f954ba1dbaffed9,1,119464502832341,sanjuro29.eth
470,865,20,0xe507f2d7de97c783a60fef9f1c4a4dade2b0a989,1,1008010268600000000,thumb.eth
463,478,20,0x9abad5d367565425a11ab0446cdc1cd3f38a0bd8,1,34000000000000000000,
466,417,20,0x8abaf5733742b1506f6a1255de0e37aec76b7940,1,1010314751801464,dumbfuck.eth
478,608,21,0xb2829b5955bf4d4a193cc9b15a7d315c2629ece0,1,11263745044030650816,
474,866,21,0xe507f2d7de97c783a60fef9f1c4a4dade2b0a989,1,1008010268600000000,thumb.eth
475,111,21,0x285b7eea81a5b66b62e7276a24c1e0f83f7409c1,1,243292594017855844,0xMaki.eth
476,621,21,0xb40e89de9db9c68697b41cc8c79346b3c2db7cff,1,78534095219,
479,433,21,0x8d07d225a769b7af3a923481e1fdf49180e6a265,1,5000000000000000,monetsupply.eth
485,658,21,0xc2f82a1f287b5b5aebff7c19e83e0a16cf3bd041,1,26723096296480952,niftytime.eth
477,736,21,0xc8f88b4aef57ac93fe41390194c3a4d77d7df744,1,1544322995072516164,torgin.eth
486,694,21,0xc6a0d93a696b3cb60a3d1adc7852bb3131639671,1,3210699579205681857,nahuel.eth
481,752,21,0xca768c37ba6ec3d67be7b47bbe1f1c94ca216f46,1,1657233392900996198,langos.eth
487,9,21,0x014607f2d6477badd9d74bf2c5d6356e29a9b957,1,0,btc520.eth
483,256,21,0x565b93a15d38acd79c120b15432d21e21ed274d6,1,1006770145899553524,flynnjamm.eth
484,15,21,0x043bd8f57401e46a5da19545ffb50370202cc179,1,0,sumyro.eth
482,210,21,0x4a3e6e66f8c32bc05a50879f872b1177a1573cdf,1,1512878061465637241,taliskye.eth
480,193,21,0x461cde402c6b945036df1b49f2703fca22b23d7b,1,17000000000000000,oops.eth
494,112,22,0x285b7eea81a5b66b62e7276a24c1e0f83f7409c1,1,299317455912877587,0xMaki.eth
488,598,22,0xb0dc0c7a91c34ac1698f9e7ec03104bdb3b42de3,1,1509491802600000000,0xsiam.eth
489,131,22,0x2fae7ca03363a8722df266fcc1df74f3957408a8,1,2722911529640028,0x2fa.eth
490,158,22,0x35dc3ae8ab20501a720c6b8e247d7ef86f111872,1,0,chinabtc.eth
491,211,22,0x4a3e6e66f8c32bc05a50879f872b1177a1573cdf,1,1504649023081659437,taliskye.eth
493,867,22,0xe507f2d7de97c783a60fef9f1c4a4dade2b0a989,1,1008010268600000000,thumb.eth
492,695,22,0xc6a0d93a696b3cb60a3d1adc7852bb3131639671,1,3212554520107150997,nahuel.eth
499,753,22,0xca768c37ba6ec3d67be7b47bbe1f1c94ca216f46,1,1657233392900996198,langos.eth
498,559,22,0xaa13905714dc09e1c51926869ddf2f3f2f1f3133,1,100847919316642,
497,613,22,0xb3152182472ba2e46b11c75440a72d087f0750b6,1,1000368204526828561,
496,445,22,0x8ea8721f27efcaabb3901ed6756505ab873f15a7,1,71000000000000,dosingwithdata.eth
495,254,22,0x54f9b53c8012e83e8fe5aaa28f35b1b9dd8be667,1,171481573785076,420d.eth
500,367,22,0x79198fec001e269a85ae1496e3394d22b00b14a1,1,7843251575826482,
505,348,23,0x6e9a88971e957abb41bae4e2677cae258f0c1e76,1,1000000000000000,blakeðŸŒ¯.eth
504,212,23,0x4a3e6e66f8c32bc05a50879f872b1177a1573cdf,1,1510165023081659437,taliskye.eth
503,754,23,0xca768c37ba6ec3d67be7b47bbe1f1c94ca216f46,1,1673234430021396802,langos.eth
502,560,23,0xaa13905714dc09e1c51926869ddf2f3f2f1f3133,1,100847919316642,
501,35,23,0x070a96fe4ad5155ea91d409e8afec6b2f3c729c0,1,100576750952924323579,
507,599,23,0xb0dc0c7a91c34ac1698f9e7ec03104bdb3b42de3,1,1931609293858176341,0xsiam.eth
506,696,23,0xc6a0d93a696b3cb60a3d1adc7852bb3131639671,1,3217909492786127785,nahuel.eth
510,434,24,0x8d07d225a769b7af3a923481e1fdf49180e6a265,1,5000000000000000,monetsupply.eth
511,697,24,0xc6a0d93a696b3cb60a3d1adc7852bb3131639671,1,3234077562631874237,nahuel.eth
508,36,24,0x070a96fe4ad5155ea91d409e8afec6b2f3c729c0,1,97264651436071560605,
512,755,24,0xca768c37ba6ec3d67be7b47bbe1f1c94ca216f46,1,1683234430021396802,langos.eth
509,213,24,0x4a3e6e66f8c32bc05a50879f872b1177a1573cdf,1,1500035040167038124,taliskye.eth
514,76,25,0x1476ac3a5fe25c2a5edf4889b877f4f9639b8a21,1,46702987408485,
515,756,25,0xca768c37ba6ec3d67be7b47bbe1f1c94ca216f46,1,1683234430021396802,langos.eth
516,37,25,0x070a96fe4ad5155ea91d409e8afec6b2f3c729c0,1,98248123854158015459,
513,214,25,0x4a3e6e66f8c32bc05a50879f872b1177a1573cdf,1,1500035040167038124,taliskye.eth
517,609,26,0xb2829b5955bf4d4a193cc9b15a7d315c2629ece0,1,11279507473727152828,
518,757,26,0xca768c37ba6ec3d67be7b47bbe1f1c94ca216f46,1,1731054824590837205,langos.eth
519,215,26,0x4a3e6e66f8c32bc05a50879f872b1177a1573cdf,1,1500035040167038124,taliskye.eth
520,698,26,0xc6a0d93a696b3cb60a3d1adc7852bb3131639671,1,3249246358833813519,nahuel.eth
527,678,27,0xc4b58654979382b02c65b8786f6b0242b7f6648c,1,30351551768019858,
525,257,27,0x565b93a15d38acd79c120b15432d21e21ed274d6,1,943741865349073030,flynnjamm.eth
523,216,27,0x4a3e6e66f8c32bc05a50879f872b1177a1573cdf,1,1500035040167038124,taliskye.eth
526,758,27,0xca768c37ba6ec3d67be7b47bbe1f1c94ca216f46,1,1683049143121396802,langos.eth
521,737,27,0xc8f88b4aef57ac93fe41390194c3a4d77d7df744,1,1642501135939835582,torgin.eth
524,868,27,0xe507f2d7de97c783a60fef9f1c4a4dade2b0a989,1,1012526416879251560,thumb.eth
522,699,27,0xc6a0d93a696b3cb60a3d1adc7852bb3131639671,1,3286008166428657549,nahuel.eth
528,546,28,0xa72511883e1d69b63ec7c744dca756a7a698d0ae,1,10634000000000000,
529,869,28,0xe507f2d7de97c783a60fef9f1c4a4dade2b0a989,1,1012526416879251560,thumb.eth
530,217,28,0x4a3e6e66f8c32bc05a50879f872b1177a1573cdf,1,1500035040167038124,taliskye.eth
531,759,28,0xca768c37ba6ec3d67be7b47bbe1f1c94ca216f46,1,1683049143121396802,langos.eth
532,38,28,0x070a96fe4ad5155ea91d409e8afec6b2f3c729c0,1,97104867766482170203,
533,887,28,0xef5ad662a5a42c3023e009035ee235082800b924,1,684100000000,
534,760,29,0xca768c37ba6ec3d67be7b47bbe1f1c94ca216f46,1,1685989675794760089,langos.eth
535,39,29,0x070a96fe4ad5155ea91d409e8afec6b2f3c729c0,1,76181964643665235944,
537,550,29,0xa888f9f1df01c65d7b164f4e3368f482eda0ee8a,1,100000000000000,cosme.eth
536,700,29,0xc6a0d93a696b3cb60a3d1adc7852bb3131639671,1,3265479700709719312,nahuel.eth
617,218,30,0x4a3e6e66f8c32bc05a50879f872b1177a1573cdf,1,1500035040167038124,taliskye.eth
616,761,30,0xca768c37ba6ec3d67be7b47bbe1f1c94ca216f46,1,1685989675794760089,langos.eth
619,479,30,0x9abad5d367565425a11ab0446cdc1cd3f38a0bd8,1,34000000000000000000,
618,701,30,0xc6a0d93a696b3cb60a3d1adc7852bb3131639671,1,3430181983514574712,nahuel.eth
620,20,31,0x06c4865ab16c9c760622f19a313a2e637e2e66a2,1,100000000000000,aevolve.eth
621,762,31,0xca768c37ba6ec3d67be7b47bbe1f1c94ca216f46,1,1685989675794760089,langos.eth
622,219,31,0x4a3e6e66f8c32bc05a50879f872b1177a1573cdf,1,1500035040167038124,taliskye.eth
623,480,31,0x9abad5d367565425a11ab0446cdc1cd3f38a0bd8,1,34000000000000000000,
630,702,32,0xc6a0d93a696b3cb60a3d1adc7852bb3131639671,1,3253554553063439526,nahuel.eth
624,40,32,0x070a96fe4ad5155ea91d409e8afec6b2f3c729c0,1,79797410693430587058,
625,763,32,0xca768c37ba6ec3d67be7b47bbe1f1c94ca216f46,1,1685989675794760089,langos.eth
627,220,32,0x4a3e6e66f8c32bc05a50879f872b1177a1573cdf,1,1507144578494443385,taliskye.eth
628,644,32,0xbe9e265c78a22e31d6a41fc2710d9590ed2d5a96,1,502009461693986,tangfeng.eth
629,533,32,0xa519a7ce7b24333055781133b13532aeabfac81b,1,108400000000000000,llamacommunity.eth
626,21,32,0x06c4865ab16c9c760622f19a313a2e637e2e66a2,1,100000000000000,aevolve.eth
631,645,33,0xbe9e265c78a22e31d6a41fc2710d9590ed2d5a96,1,1000502009461693986,tangfeng.eth
632,765,33,0xca768c37ba6ec3d67be7b47bbe1f1c94ca216f46,1,2685989675794760089,langos.eth
633,511,33,0xa31c2232842e631ccb2d2e4110b356bab21e6020,1,1000000000000000000,therealtuna.eth
634,721,33,0xc734011dbd90677eb42c0f93827665f0ddaed46f,1,4028369749835417277,drcpu.eth
636,491,33,0x9f36a6bb398118bdcd5b1bc3343d8feb6d7d02b9,1,1000000000000000000,tjark.eth
637,704,33,0xc6a0d93a696b3cb60a3d1adc7852bb3131639671,1,3168867588395191772,nahuel.eth
638,301,33,0x62461038a109fd4000fe8a84fde809ccf6d10188,1,1000000000000000000,
635,795,33,0xcf61ebd3613684a53e48ee85d8fbc80c5156c479,1,0,shinya.eth
639,221,33,0x4a3e6e66f8c32bc05a50879f872b1177a1573cdf,1,1507144578494443385,taliskye.eth
646,452,34,0x93146d9978d286ee085ba68ee1786a0b6eda64ec,1,1500000000000000000,
650,534,34,0xa519a7ce7b24333055781133b13532aeabfac81b,1,2108400000000000000,llamacommunity.eth
648,705,34,0xc6a0d93a696b3cb60a3d1adc7852bb3131639671,1,3168867588395191772,nahuel.eth
647,492,34,0x9f36a6bb398118bdcd5b1bc3343d8feb6d7d02b9,1,1000000000000000000,tjark.eth
645,766,34,0xca768c37ba6ec3d67be7b47bbe1f1c94ca216f46,1,2685989675794760089,langos.eth
643,222,34,0x4a3e6e66f8c32bc05a50879f872b1177a1573cdf,1,1507144578494443385,taliskye.eth
642,722,34,0xc734011dbd90677eb42c0f93827665f0ddaed46f,1,4028369749835417277,drcpu.eth
641,646,34,0xbe9e265c78a22e31d6a41fc2710d9590ed2d5a96,1,1000502009461693986,tangfeng.eth
640,22,34,0x06c4865ab16c9c760622f19a313a2e637e2e66a2,1,100000000000000,aevolve.eth
649,815,34,0xd442deb96b90e3b3135653705c3ef1feefb346be,1,2000000000000000000,sidechannel.eth
644,302,34,0x62461038a109fd4000fe8a84fde809ccf6d10188,1,1000000000000000000,
657,23,35,0x06c4865ab16c9c760622f19a313a2e637e2e66a2,1,100000000000000,aevolve.eth
656,512,35,0xa31c2232842e631ccb2d2e4110b356bab21e6020,1,1001426768882196092,therealtuna.eth
655,723,35,0xc734011dbd90677eb42c0f93827665f0ddaed46f,1,4028369749835417277,drcpu.eth
658,493,35,0x9f36a6bb398118bdcd5b1bc3343d8feb6d7d02b9,1,1000000000000000000,tjark.eth
653,647,35,0xbe9e265c78a22e31d6a41fc2710d9590ed2d5a96,1,1000502009461693986,tangfeng.eth
652,767,35,0xca768c37ba6ec3d67be7b47bbe1f1c94ca216f46,1,2685989675794760089,langos.eth
651,303,35,0x62461038a109fd4000fe8a84fde809ccf6d10188,1,1000000000000000000,
654,535,35,0xa519a7ce7b24333055781133b13532aeabfac81b,1,2108400000000000000,llamacommunity.eth
666,724,36,0xc734011dbd90677eb42c0f93827665f0ddaed46f,1,4028369749835417277,drcpu.eth
665,223,36,0x4a3e6e66f8c32bc05a50879f872b1177a1573cdf,1,1507144578494443385,taliskye.eth
664,494,36,0x9f36a6bb398118bdcd5b1bc3343d8feb6d7d02b9,1,1000000000000000000,tjark.eth
663,513,36,0xa31c2232842e631ccb2d2e4110b356bab21e6020,1,1001426768882196092,therealtuna.eth
661,536,36,0xa519a7ce7b24333055781133b13532aeabfac81b,1,2108400000000000000,llamacommunity.eth
660,24,36,0x06c4865ab16c9c760622f19a313a2e637e2e66a2,1,100000000000000,aevolve.eth
659,768,36,0xca768c37ba6ec3d67be7b47bbe1f1c94ca216f46,1,2685989675794760089,langos.eth
662,304,36,0x62461038a109fd4000fe8a84fde809ccf6d10188,1,1000000000000000000,
667,537,37,0xa519a7ce7b24333055781133b13532aeabfac81b,1,2108400000000000000,llamacommunity.eth
676,769,37,0xca768c37ba6ec3d67be7b47bbe1f1c94ca216f46,1,2685989675794760089,langos.eth
672,514,37,0xa31c2232842e631ccb2d2e4110b356bab21e6020,1,1001426768882196092,therealtuna.eth
670,224,37,0x4a3e6e66f8c32bc05a50879f872b1177a1573cdf,1,1507144578494443385,taliskye.eth
671,495,37,0x9f36a6bb398118bdcd5b1bc3343d8feb6d7d02b9,1,1000000000000000000,tjark.eth
669,305,37,0x62461038a109fd4000fe8a84fde809ccf6d10188,1,1000000000000000000,
674,725,37,0xc734011dbd90677eb42c0f93827665f0ddaed46f,1,4028369749835417277,drcpu.eth
675,25,37,0x06c4865ab16c9c760622f19a313a2e637e2e66a2,1,100000000000000,aevolve.eth
673,648,37,0xbe9e265c78a22e31d6a41fc2710d9590ed2d5a96,1,1000502009461693986,tangfeng.eth
668,94,37,0x1ccb144b700ec726d37db38c617e154de6d9c0d0,1,0,dadababa.eth
679,306,38,0x62461038a109fd4000fe8a84fde809ccf6d10188,1,1000000000000000000,
678,403,38,0x8445271fca0d979aae411f0b72f4ee9a620d41d7,1,2000000000000000000,
680,649,38,0xbe9e265c78a22e31d6a41fc2710d9590ed2d5a96,1,1000502009461693986,tangfeng.eth
681,225,38,0x4a3e6e66f8c32bc05a50879f872b1177a1573cdf,1,1507144578494443385,taliskye.eth
682,496,38,0x9f36a6bb398118bdcd5b1bc3343d8feb6d7d02b9,1,2500000000000000000,tjark.eth
683,900,38,0xf3f56af54dc1c855d1e1717ae9c571bf58ae17b1,1,2500000000000000000,
684,798,38,0xd02ae906edc339872b8300020fc4411c4f4036e1,1,1000000000000000000,andykaufman.eth
677,770,38,0xca768c37ba6ec3d67be7b47bbe1f1c94ca216f46,1,2686679781915632968,langos.eth
693,307,39,0x62461038a109fd4000fe8a84fde809ccf6d10188,1,1000000000000000000,
685,497,39,0x9f36a6bb398118bdcd5b1bc3343d8feb6d7d02b9,1,2500000000000000000,tjark.eth
691,538,39,0xa519a7ce7b24333055781133b13532aeabfac81b,1,2108400000000000000,llamacommunity.eth
690,824,39,0xd8533d518b4a70d8f8a591ca34797d3cce5e1aff,1,0,t0nyx.eth
688,771,39,0xca768c37ba6ec3d67be7b47bbe1f1c94ca216f46,1,2686679781915632968,langos.eth
687,226,39,0x4a3e6e66f8c32bc05a50879f872b1177a1573cdf,1,1507144578494443385,taliskye.eth
686,726,39,0xc734011dbd90677eb42c0f93827665f0ddaed46f,1,4028369749835417277,drcpu.eth
692,650,39,0xbe9e265c78a22e31d6a41fc2710d9590ed2d5a96,1,1000502009461693986,tangfeng.eth
689,799,39,0xd02ae906edc339872b8300020fc4411c4f4036e1,1,1000000000000000000,andykaufman.eth
734,418,40,0x8abaf5733742b1506f6a1255de0e37aec76b7940,1,1010314751801464,dumbfuck.eth
743,498,40,0x9f36a6bb398118bdcd5b1bc3343d8feb6d7d02b9,1,2500000000000000000,tjark.eth
732,453,40,0x93146d9978d286ee085ba68ee1786a0b6eda64ec,1,1500000000000000000,
735,651,40,0xbed050c15224a53a12815fa79f2b1ef431887eb2,1,200000000000000,neverless008.eth
736,227,40,0x4a3e6e66f8c32bc05a50879f872b1177a1573cdf,1,1507144578494443385,taliskye.eth
733,404,40,0x8477981dbd957ae4c6a249544e43915218948404,0,0,iopen.eth
738,816,40,0xd442deb96b90e3b3135653705c3ef1feefb346be,1,2000000000000000000,sidechannel.eth
740,70,40,0x13dda63c28bb95fe9822fea43ad5feaa966636a9,1,219282890642463,likerogue.eth
742,152,40,0x34e061f437a058e45b1b7cb0ab20f48d1a2b1d57,1,1000153518694360655,
737,167,40,0x3994537274f3ff3eefc413e0d669b05d6446d46b,1,1700000000000000000,timcox.eth
739,800,40,0xd02ae906edc339872b8300020fc4411c4f4036e1,1,1000000000000000000,andykaufman.eth
741,539,40,0xa519a7ce7b24333055781133b13532aeabfac81b,1,2108400000000000000,llamacommunity.eth
745,29,41,0x070330e027a3e4327ba69f0c8a1885df4b545837,1,304058149781,unicorrnmorris.eth
754,652,41,0xbed050c15224a53a12815fa79f2b1ef431887eb2,1,200000000000000,neverless008.eth
746,833,41,0xdbf7e19a4fbca4a2cd8820ca8a860c41feadda90,1,0,allengege.eth
757,113,41,0x285b7eea81a5b66b62e7276a24c1e0f83f7409c1,1,529867282629122092,0xMaki.eth
755,374,41,0x797bc498edee4357a16a1054db0323cbd04c84c3,1,231816998554578,nicoa.eth
753,727,41,0xc734011dbd90677eb42c0f93827665f0ddaed46f,1,4028369749835417277,drcpu.eth
744,801,41,0xd02ae906edc339872b8300020fc4411c4f4036e1,1,1000000000000000000,andykaufman.eth
751,706,41,0xc6a0d93a696b3cb60a3d1adc7852bb3131639671,1,3164572174528205683,nahuel.eth
750,71,41,0x13dda63c28bb95fe9822fea43ad5feaa966636a9,1,219282890642463,likerogue.eth
749,515,41,0xa31c2232842e631ccb2d2e4110b356bab21e6020,1,1001426768882196092,therealtuna.eth
748,499,41,0x9f36a6bb398118bdcd5b1bc3343d8feb6d7d02b9,1,2500000000000000000,tjark.eth
747,168,41,0x3994537274f3ff3eefc413e0d669b05d6446d46b,1,1700000000000000000,timcox.eth
752,308,41,0x62461038a109fd4000fe8a84fde809ccf6d10188,1,1000000000000000000,
756,228,41,0x4a3e6e66f8c32bc05a50879f872b1177a1573cdf,1,1508821983431022067,taliskye.eth
767,172,42,0x3a5d550cda1fe4629e8c41a4f38bc140aec4e4b0,1,0,
766,500,42,0x9f36a6bb398118bdcd5b1bc3343d8feb6d7d02b9,1,2500000000000000000,tjark.eth
760,468,42,0x98cbe9f936a2e5776506eea67b958f66aa4ba55c,1,0,41419.eth
775,72,42,0x13dda63c28bb95fe9822fea43ad5feaa966636a9,1,219282890642463,likerogue.eth
762,772,42,0xca768c37ba6ec3d67be7b47bbe1f1c94ca216f46,1,2702519132397998438,langos.eth
763,807,42,0xd0ac50d9f7516be16e2449539394a3967bea03c7,1,0,jingge.eth
764,169,42,0x3994537274f3ff3eefc413e0d669b05d6446d46b,1,1700000000000000000,timcox.eth
765,544,42,0xa71cabc14966c6fae86c05630a20ba1c90944a1f,1,0,696942.eth
761,13,42,0x03894d4ac41dd6c4c2f524ed4417c90fa46972c6,1,0,haoxiao.eth
768,811,42,0xd2b2f14e25ccf9e7d62611586c2fee55bd96436a,1,0,liling0509.eth
770,26,42,0x06c4865ab16c9c760622f19a313a2e637e2e66a2,1,100000000000000,aevolve.eth
771,30,42,0x070330e027a3e4327ba69f0c8a1885df4b545837,1,304058149781,unicorrnmorris.eth
772,653,42,0xbed050c15224a53a12815fa79f2b1ef431887eb2,1,200000000000000,neverless008.eth
758,457,42,0x95f50cf888dfec90321dc376c1e695f15b081595,1,0,xf0707.eth
759,582,42,0xabfd99a7da59e8b96f1cefa6e35fd03e6831bc10,1,0,chlingm.eth
773,639,42,0xbd3932eda8c754c531351a8a88f96d2b77128335,1,0,dsbtc.eth
774,707,42,0xc6a0d93a696b3cb60a3d1adc7852bb3131639671,1,3164572174528205683,nahuel.eth
776,375,42,0x797bc498edee4357a16a1054db0323cbd04c84c3,1,231816998554578,nicoa.eth
777,520,42,0xa44423295590a9d9f95ab0b1c3e9ff2fd1ffc909,1,0,hehe555.eth
769,802,42,0xd02ae906edc339872b8300020fc4411c4f4036e1,1,1089355945748602080,andykaufman.eth
785,27,43,0x06c4865ab16c9c760622f19a313a2e637e2e66a2,1,100000000000000,aevolve.eth
784,309,43,0x62461038a109fd4000fe8a84fde809ccf6d10188,1,1000000000000000000,
783,803,43,0xd02ae906edc339872b8300020fc4411c4f4036e1,1,1089355945748602080,andykaufman.eth
778,138,43,0x3016a4a41d1ba5c82ae6d1217742467c9b3c5900,1,500000000000000,longying.eth
780,248,43,0x529408a6962bae6ca5328874d633738116b89b05,1,802141758788186,dennisgan.eth
779,728,43,0xc734011dbd90677eb42c0f93827665f0ddaed46f,1,4030942489185652392,drcpu.eth
787,729,43,0xc751fb28553c9d482af92f57aaaf72d79cec70dc,1,9395328346554322,
781,540,43,0xa519a7ce7b24333055781133b13532aeabfac81b,1,2108400000000000000,llamacommunity.eth
788,587,43,0xaf5b16f740bed90af42df6c28e5cd79458c102f1,1,2000000000000000000,
793,458,43,0x95f50cf888dfec90321dc376c1e695f15b081595,1,300000000000000,xf0707.eth
790,521,43,0xa44423295590a9d9f95ab0b1c3e9ff2fd1ffc909,1,500000000000000,hehe555.eth
791,229,43,0x4a3e6e66f8c32bc05a50879f872b1177a1573cdf,1,1508821983431022067,taliskye.eth
792,31,43,0x070330e027a3e4327ba69f0c8a1885df4b545837,1,304058149781,unicorrnmorris.eth
794,159,43,0x364f4b2eee8920b6e476dfd4e531b6fd6bfc14cf,1,0,tvasahi.eth
795,773,43,0xca768c37ba6ec3d67be7b47bbe1f1c94ca216f46,1,2702519132397998438,langos.eth
796,812,43,0xd2b2f14e25ccf9e7d62611586c2fee55bd96436a,1,300000000000000,liling0509.eth
797,654,43,0xbed050c15224a53a12815fa79f2b1ef431887eb2,1,200000000000000,neverless008.eth
798,28,43,0x06f398ce76acc1fce97b7cab0eb2a96ba9230c9b,1,788123520727442,marsdao.eth
789,901,43,0xf3f56af54dc1c855d1e1717ae9c571bf58ae17b1,0,4030000000000000000,
786,170,43,0x3994537274f3ff3eefc413e0d669b05d6446d46b,1,1700000000000000000,timcox.eth
782,501,43,0x9f36a6bb398118bdcd5b1bc3343d8feb6d7d02b9,1,2500000000000000000,tjark.eth
