,id_proposal,support_votes
141,"('0x31bb847e1c0e34889642085d7bb4eef28662ec0b', '1')","(1, '0')"
655,"('0xc0abd6dc4f6fe64bc35bc51b1495fb0eff08e1eb', '1')","(1, '67943602000000000000')"
389,"('0x7bc1d6e8150d4c96917901c26c922dd64654b3c3', '1')","(1, '0')"
640,"('0xbd6c934afa35452c30b833533a59d4986031085c', '1')","(1, '0')"
637,"('0xbbc02dbd39941fffa605171a977d44c6baf915c2', '1')","(0, '42409816000000000000')"
393,"('0x7cc4590e8f36b4f9d7153a71d31fbecaa0cd38e4', '1')","(1, '0')"
115,"('0x28849b0d0a126df896ff2f69ebe9b1373b16ccbe', '1')","(0, '0')"
397,"('0x7f8c1877ed0da352f78be4fe4cda58bb804a30df', '1')","(1, '485238903793708046297')"
408,"('0x86e899c25516846689c341a4470eeb97fb3e2156', '1')","(0, '0')"
409,"('0x8797385d3b72c34d6d3c4cdddd149fccd357a7de', '1')","(1, '100024267298129232874')"
631,"('0xb75eb924568d4ebf65d9bb932c589c3c06a59655', '1')","(1, '0')"
627,"('0xb6605f98a5562b1ac821bc5f2b75934239e8c6d6', '1')","(1, '0')"
122,"('0x2b5a0be5940b63de1eddccca7bd977357e2488ed', '1')","(1, '0')"
623,"('0xb532fe24310aa59fb428a3dd02dc61b86bf953fa', '1')","(1, '3103140546048259373922')"
622,"('0xb43b36b72c57842e5cc4b70d85f99117b122c2b5', '1')","(1, '0')"
620,"('0xb403b4005bdc98391fd06c13f47b8c74957c1e16', '1')","(1, '0')"
657,"('0xc15ef37b6c187b140db5dc86ac5258f7d199d10a', '1')","(1, '0')"
659,"('0xc426f7adb8c15771cdc6df55d31518056c04d63e', '1')","(1, '2641051990000000000000')"
106,"('0x22e3f2c7b800f04227fd01075618725c211e2f4d', '1')","(1, '310526024579512769562')"
104,"('0x221208ba3781c1aaaeb5e31f1670d42ec3550020', '1')","(1, '0')"
352,"('0x6f69286d7c51de0f0cf5f3c03c8ca3eda8a322f9', '1')","(1, '176127040114415001649')"
85,"('0x19cf388796c31fa7a583270d82659ecd2b4fd490', '1')","(1, '0')"
732,"('0xc7e36bc2f80543b6c244b147606f9501da6c6561', '1')","(1, '0')"
87,"('0x1a1ca7f86e3dc901e2ffe532c4484e9e57d99fba', '1')","(1, '25000000000000000000')"
356,"('0x709a71cd574e6c1c7064ff62e0dae652b7c9e359', '1')","(0, '0')"
177,"('0x3db69bf6ac1735509a60490d338c999252fa153a', '1')","(1, '15685598662952093737')"
360,"('0x72ce49999c12ff248d40f70675f0c3ef6dcb9eb5', '1')","(1, '0')"
127,"('0x2f4621afba511f01063ce753df0c1be8214688a2', '1')","(1, '479883414000000000000')"
371,"('0x7929e033554d7d284d62a2f33856df31b4089999', '1')","(1, '0')"
376,"('0x79927e10304d4290b42425ae1232a76a1b2e7232', '1')","(0, '0')"
380,"('0x7aedc2d3a4aa945e22f2aaf4f0716c674b969ffa', '1')","(1, '0')"
99,"('0x2185f44a28e18318ce6ec792e50575a4293d4381', '1')","(0, '0')"
683,"('0xc5a61d56ca395fcb87f148532369595e31286d0e', '1')","(1, '0')"
676,"('0xc4b58654979382b02c65b8786f6b0242b7f6648c', '1')","(1, '398675325089513475312')"
381,"('0x7af7ca67aa827f58e0659c52a641aee55a43b535', '1')","(1, '473022799000000000000')"
669,"('0xc45230120f7f4642b27b6b48197e4f6934bbc349', '1')","(0, '0')"
690,"('0xc6a0d93a696b3cb60a3d1adc7852bb3131639671', '1')","(1, '1989345501980304234068')"
735,"('0xc8f88b4aef57ac93fe41390194c3a4d77d7df744', '1')","(0, '2871684442907756510661')"
617,"('0xb37795f39c546d3511ba061d04783d987d1259a4', '1')","(1, '0')"
411,"('0x88013a2d1883939e3b758491f4bf5aa2b74d07fe', '1')","(1, '1201491705000000000000')"
522,"('0xa4b06dd6316800bbab250d7486c57c982dee6e6a', '1')","(1, '0')"
160,"('0x3688b712bb6659d64740d55c5b000711e484c4be', '1')","(0, '0')"
519,"('0xa353d2a64d2df16a024ba81e73982df5ff8f26b5', '1')","(1, '0')"
187,"('0x3f25bb52ffc4bfd24e619740db6d9e6306c93aad', '1')","(1, '0')"
517,"('0xa31cd363cd2867e98fb0102e07e0c226f8346e48', '1')","(1, '5596029000000000000')"
509,"('0xa31c2232842e631ccb2d2e4110b356bab21e6020', '1')","(0, '200411109000000000000')"
165,"('0x392027fdc620d397ca27f0c1c3dcb592f27a4dc3', '1')","(1, '654590416239704628192')"
454,"('0x939696e968998cf5b74d64ce4abcc822d8b1b77f', '1')","(1, '0')"
502,"('0x9f3ef50ea64adad5b33f1f8222760cfbf42007f7', '1')","(0, '50360541131482398363')"
490,"('0x9e2c900d2e4882c1da90c4285b94430b1b3cba63', '1')","(1, '100711066000000000000')"
487,"('0x9cca0d5cadd9871fbe79333fcb73a7e207442f30', '1')","(1, '28143555000000000000')"
476,"('0x9a72b97137065b3816d091310e483811baa1be0f', '1')","(1, '0')"
469,"('0x992b9b3acc35b0fdfd4572bb2f5dc54ed2cffa84', '1')","(1, '404820101000000000000')"
181,"('0x3ec44a823e07555b5f889d8d954eec736eb5865b', '1')","(1, '100000000000000000000')"
460,"('0x964e58e3081d6e5de4182289ef8ce2c32e9a96fb', '1')","(1, '0')"
528,"('0xa4b8339d2162125b33a667b0d40ac5dec27e924b', '1')","(0, '17412188262912443871521')"
447,"('0x91d70fd5006a5a29c66b57a7b1703f49bde957e5', '1')","(1, '0')"
153,"('0x35640d73401254601704ec94b564469bb6e00cd4', '1')","(1, '0')"
444,"('0x8ea8721f27efcaabb3901ed6756505ab873f15a7', '1')","(1, '0')"
596,"('0xb0dc0c7a91c34ac1698f9e7ec03104bdb3b42de3', '1')","(1, '4144470823990895163060')"
134,"('0x2ff28a33a9f4a51108a31b2b205abebc2092b25b', '1')","(1, '0')"
430,"('0x8c6b10d42ff08e56133fca0dac75e1931b1fcc23', '1')","(1, '0')"
136,"('0x301605c95acbed7a1fd9c2c0deee964e2afbd0c3', '1')","(1, '384087761000000000000')"
592,"('0xb0623c91c65621df716ab8afe5f66656b21a9108', '1')","(1, '1295392204065010783350')"
590,"('0xb03f5438f9a243de5c3b830b7841ec315034cd5f', '1')","(1, '0')"
583,"('0xad59ed7e1231539bbc4822835b3b9dab74cc8390', '1')","(0, '0')"
606,"('0xb0e37fca4864ae1083ab7202b891451264fd2605', '1')","(0, '0')"
199,"('0x48f29b6fa6e33c6ba0606297ad3395377f780574', '1')","(1, '70189769000000000000')"
437,"('0x8d899892410cdbd8d27e251ca699672b94730ec4', '1')","(0, '0')"
570,"('0xab5886f50263de85ccc8d3f10cafa6bdc7153a82', '1')","(1, '100920325000000000000')"
567,"('0xab5309888c39646bb222a70e0bc1c69e3326ee77', '1')","(1, '523812204000000000000')"
197,"('0x47348ee228197b5f4158e08e72a82144affca196', '1')","(1, '0')"
196,"('0x464234fa9b1122413677ac87e8436d2f42d1b3b7', '1')","(1, '0')"
441,"('0x8e77c563c2b2f35cd5560828e197e4ec57556687', '1')","(1, '0')"
443,"('0x8e9a785039ed7069e59f8a6ee02f8b9ffd8bbe18', '1')","(0, '0')"
574,"('0xabb9f91560f3c90c1aabf2852f827c91127ef924', '1')","(1, '0')"
79,"('0x16bdbb3ca54f9a05dde8f9bd53885d622c3208f7', '1')","(1, '0')"
359,"('0x718fdf375e1930ba386852e35f5bafc31df3ae66', '1')","(0, '0')"
264,"('0x56656ada4da72e587408d330e66a85b35516ee20', '1')","(0, '644519452000000000000')"
875,"('0xe5f3adb93eacede82eb7f0c5e0c3faeaec42cfb6', '1')","(1, '0')"
864,"('0xe507f2d7de97c783a60fef9f1c4a4dade2b0a989', '1')","(1, '10000000000000000000000')"
311,"('0x63c9a867d704df159bbbb88eeee1609196b1995e', '1')","(1, '386975395000000000000')"
861,"('0xe3e39161d35e9a81edec667a5387bfae85752854', '1')","(1, '0')"
312,"('0x64115952aafeeba2d8006f54c49669afdbd860b2', '1')","(1, '0')"
855,"('0xe2f6e3565a96cd24d6ba985563a26fb3c93cad04', '1')","(1, '0')"
851,"('0xe2e8fee9ac2af4352a0e424650b77da25c36bf80', '1')","(0, '0')"
844,"('0xde88d54819c4ae692fbb8f5f914ac5723951ee65', '1')","(1, '422964966000000000000')"
841,"('0xdd78aa83eb209d3a83330368daffa80a393285a5', '1')","(0, '0')"
839,"('0xdd11b416c5c5b9f5394b7e7ef5ed30a1d065f474', '1')","(1, '0')"
350,"('0x6f53678864e355b4ae7bf3ff4a9ecb1e5107010a', '1')","(1, '0')"
313,"('0x64db074a4c1bd6ed38e2751fc75a31c5f6ad4090', '1')","(0, '32527652000000000000')"
828,"('0xd90ec9dc6f220be43ad88f3eff78fbd00d8fd1d6', '1')","(1, '947458015000000000000')"
825,"('0xd8ff36bd818bcae0278f0904d527206363795082', '1')","(1, '100030422000000000000')"
315,"('0x654e294458421e5c6d533e1ce3a1484206bfbef8', '1')","(1, '48000975939610847370')"
298,"('0x61a538988fa6e215b6a96988bd684dd013b8b0ad', '1')","(1, '20000000000000000000')"
270,"('0x57edc3a856a69a1b086ab097c22792b0d5bb2ff2', '1')","(1, '0')"
879,"('0xeae2bb84a160f7597f5792b5c6723e3cbab006cc', '1')","(1, '0')"
297,"('0x5fbdc0153f7e0afa07c167caa4a958070d763fef', '1')","(0, '0')"
922,"('0xfc655427c568bcb837c05cec13e4956524ca83e0', '1')","(0, '0')"
285,"('0x5a845ebd2bbf857e9b9a478bf4d6ed9b74f96357', '1')","(0, '180000610000000000000')"
287,"('0x5b5398d04f6de67614403e8432c791b9eaae956a', '1')","(1, '30338285561496216592')"
290,"('0x5bdce60ba4fe9867eff2d0ec1dfe74abb4bc8249', '1')","(1, '0')"
915,"('0xf94f7b6b956225bce60a5f0c7b82d347071e48dc', '1')","(0, '0')"
911,"('0xf8edada7d508607b9526f8009f7d7fcbe7e5ab45', '1')","(1, '0')"
278,"('0x5a72bfaf8dd5b251bd008fdc0b4656319ac0509b', '1')","(0, '351604938341571825729')"
316,"('0x65f1db465d9b73779f3b2fc7561573a7a22f2388', '1')","(1, '203538791272719990245')"
910,"('0xf775a11b06a64c892ddde57357b7afd71fabfcef', '1')","(1, '0')"
10,"('0x03000a0ecb1898040c26cd418570cd480775f0da', '1')","(1, '67830496255069226436')"
907,"('0xf5fe364d18f4a5a53badce9a046ba74cfc97f6fb', '1')","(1, '122771519000000000000')"
905,"('0xf56b7c1194e11f941a9ee681d0a4bffa12a7924a', '1')","(0, '0')"
899,"('0xf33230c25e28e4767e7099205dfe401daa49b22e', '1')","(1, '0')"
16,"('0x046143f1915e51da6397dbbc23bc1da0236ad8a0', '1')","(1, '10810645000000000000')"
17,"('0x066a2edcc0b7278a2cf5bf2a040b4a54a41a9550', '1')","(1, '0')"
19,"('0x0687a571be482c7ac4a7e501df247190acc763a2', '1')","(1, '24380626000000000000')"
909,"('0xf6210b4bb2fe841630eb50001e688c4bc058b602', '1')","(1, '0')"
319,"('0x66ab525022c5291c0c3d7a7199a38b827586f30c', '1')","(1, '0')"
462,"('0x965ce531fbcc1673050301594ad6e14ee98a9357', '1')","(1, '0')"
66,"('0x1125a9f95f2338f53d91278ba313194c6cbf2bec', '1')","(1, '220000050000000000000')"
335,"('0x6a03f69c9a3a45a716a5c3eca44d57159c6c4948', '1')","(0, '0')"
822,"('0xd82de84a0e70c0fe6d4344a8594ff3756cd11203', '1')","(1, '0')"
64,"('0x1084b55cb63de549806a521036f7dad2d37e3fae', '1')","(1, '0')"
786,"('0xcc7b3f37194c7bdc51cbf89c844472b830dadaca', '1')","(1, '0')"
346,"('0x6e9a88971e957abb41bae4e2677cae258f0c1e76', '1')","(1, '0')"
747,"('0xca768c37ba6ec3d67be7b47bbe1f1c94ca216f46', '1')","(1, '3803943118395745209796')"
61,"('0x0d8a282f1c5a2a0d9a078865fae419b576ad4a1b', '1')","(1, '0')"
791,"('0xcd3eb0327930828504a9107bebb163646d0b5a0f', '1')","(1, '22282129000000000000')"
796,"('0xd02ae906edc339872b8300020fc4411c4f4036e1', '1')","(1, '1117259203000000000000')"
58,"('0x0c31b6605686aa26df47eb45af0e4aa6639a5fd6', '1')","(1, '1')"
74,"('0x1476ac3a5fe25c2a5edf4889b877f4f9639b8a21', '1')","(1, '21198944000000000000')"
57,"('0x0b7c75a9689a84854256c7d5db7c87feb1bbbb8b', '1')","(0, '20764979000000000000')"
239,"('0x4d3877abc39d131a39ce21dd0675ad3c1e3f3f32', '1')","(1, '0')"
55,"('0x0a10871a80cf1329cc5943c4f0746e2b02082311', '1')","(1, '0')"
744,"('0xca4c08135366201d6afaed66e5422db8865bbb39', '1')","(1, '0')"
50,"('0x08e166bddc849cfd91084e828b5096085e8e0875', '1')","(1, '0')"
818,"('0xd6a6027d168ce1f8036d8d01c2918f8cb610271b', '1')","(1, '0')"
332,"('0x69b552292fb5e71632bfecbd592c03d7998259ba', '1')","(1, '264727197000000000000')"
255,"('0x565b93a15d38acd79c120b15432d21e21ed274d6', '1')","(1, '14519749701243707486534')"
249,"('0x52b9783f1f955ac10d50c7d4ab62d7f2288d6446', '1')","(1, '0')"
52,"('0x0900a13fb9382c6668a74500ccce70eb96385e0c', '1')","(1, '156285363000000000000')"
237,"('0x4c1bcc8f570e9f98fab0eae6b14f4df6e90cb8f7', '1')","(1, '0')"
455,"('0x94f890e53a8b98c5833ec668b7986b873d83e3a8', '10')","(1, '3671686305169699302')"
44,"('0x070a96fe4ad5155ea91d409e8afec6b2f3c729c0', '10')","(1, '483847820970574739593476')"
850,"('0xe264886feb92e9c6a92fa196dfdc09d330b66c17', '10')","(1, '0')"
781,"('0xca768c37ba6ec3d67be7b47bbe1f1c94ca216f46', '10')","(1, '19117061297805738184186')"
563,"('0xaa13905714dc09e1c51926869ddf2f3f2f1f3133', '10')","(1, '1004539742479496292')"
233,"('0x4a3e6e66f8c32bc05a50879f872b1177a1573cdf', '10')","(1, '15052079206181761044510')"
715,"('0xc6a0d93a696b3cb60a3d1adc7852bb3131639671', '10')","(1, '31994941295539429776401')"
472,"('0x992b9b3acc35b0fdfd4572bb2f5dc54ed2cffa84', '11')","(1, '50820101000000000000')"
456,"('0x94f890e53a8b98c5833ec668b7986b873d83e3a8', '11')","(1, '3671686305169699302')"
547,"('0xa72511883e1d69b63ec7c744dca756a7a698d0ae', '11')","(1, '684931387125879898646')"
782,"('0xca768c37ba6ec3d67be7b47bbe1f1c94ca216f46', '11')","(1, '19117061297805738184186')"
718,"('0xc6c9d802bc16d8746aafcac4781f9a8d442d585d', '11')","(1, '5735374925559439309')"
898,"('0xf2daebd70beb828ab7480bd12f289d42af48ebb2', '11')","(1, '551773796424709722680')"
716,"('0xc6a0d93a696b3cb60a3d1adc7852bb3131639671', '11')","(1, '32013699112807668354589')"
234,"('0x4a3e6e66f8c32bc05a50879f872b1177a1573cdf', '11')","(1, '15052079206181761044510')"
742,"('0xc8f88b4aef57ac93fe41390194c3a4d77d7df744', '11')","(1, '15748999235622649711278')"
190,"('0x4059457092cc3812d56676df6a75fd21204fbe2f', '11')","(1, '5108751887607133866')"
274,"('0x588031347beaa0d43978bc8c0094138a67d1a071', '11')","(1, '8177471113592527463')"
821,"('0xd7dc6d34d12a49d6c0eae055e948014901329cd1', '11')","(1, '51464185000000000000')"
295,"('0x5f00742d6674d7b1ae724114907dd21f49786034', '11')","(1, '154033048000000000000')"
626,"('0xb532fe24310aa59fb428a3dd02dc61b86bf953fa', '11')","(1, '1089701216120477598444')"
262,"('0x565b93a15d38acd79c120b15432d21e21ed274d6', '11')","(1, '10190569958499433695269')"
246,"('0x50c25a4f9d19c8f704f2e5d77c00f9cbe6dbb357', '11')","(1, '711076099722434738222')"
379,"('0x79927e10304d4290b42425ae1232a76a1b2e7232', '11')","(1, '2716836954517717929579')"
299,"('0x61a538988fa6e215b6a96988bd684dd013b8b0ad', '11')","(1, '10000000000000000000')"
551,"('0xa8c7372dc993d7510c9c45425807d463967cbb12', '11')","(1, '314740102621096265544')"
668,"('0xc426f7adb8c15771cdc6df55d31518056c04d63e', '11')","(1, '4377546097190420046559')"
656,"('0xc15753ae3b6099b8a3366b836433d6542645b876', '11')","(1, '495665462946575024567')"
595,"('0xb0623c91c65621df716ab8afe5f66656b21a9108', '11')","(1, '427153264031720652336')"
235,"('0x4a3e6e66f8c32bc05a50879f872b1177a1573cdf', '12')","(1, '15052079206181761044510')"
263,"('0x565b93a15d38acd79c120b15432d21e21ed274d6', '12')","(1, '10190569958499433695269')"
436,"('0x8d07d225a769b7af3a923481e1fdf49180e6a265', '12')","(1, '50000000000000000000')"
247,"('0x50c25a4f9d19c8f704f2e5d77c00f9cbe6dbb357', '12')","(1, '779677298108842205809')"
296,"('0x5f00742d6674d7b1ae724114907dd21f49786034', '12')","(1, '154033048000000000000')"
342,"('0x6c8acc7ece36bdbe0b3edb98f781eec3105b98e5', '12')","(1, '518785955794442000')"
294,"('0x5c51ec4986e5fc0e92b309602fe288cc00cd822e', '12')","(1, '1532945532469737700')"
191,"('0x4059457092cc3812d56676df6a75fd21204fbe2f', '12')","(1, '5108751887607133866')"
428,"('0x8c340ad3e0ca75edf7c023e3d128eebfc4d7f2c0', '12')","(1, '12223566320910951668788')"
400,"('0x7ffd3b2ba34fd52d63d4f3bf7a21846f45829b5e', '12')","(1, '25055293973791294600')"
463,"('0x97e6e59baf7c21a833fdb658d82357f3b11679f9', '12')","(1, '48435777555951259202')"
783,"('0xca768c37ba6ec3d67be7b47bbe1f1c94ca216f46', '12')","(1, '19117061297805738184186')"
605,"('0xb0dc0c7a91c34ac1698f9e7ec03104bdb3b42de3', '12')","(1, '15313879083093619673744')"
717,"('0xc6a0d93a696b3cb60a3d1adc7852bb3131639671', '12')","(1, '31994941295539429776401')"
719,"('0xc6c9d802bc16d8746aafcac4781f9a8d442d585d', '12')","(1, '5735374925559439309')"
877,"('0xeaa11e489dbb1073fd5a9732c9c1bcaf48a7abb9', '12')","(1, '314065824025249660967')"
743,"('0xc8f88b4aef57ac93fe41390194c3a4d77d7df744', '12')","(1, '15748999235622649711278')"
552,"('0xa8c7372dc993d7510c9c45425807d463967cbb12', '12')","(1, '314740102621096265544')"
586,"('0xae9d5647400ce620dcf954b0f822976ced9a6504', '12')","(1, '395388619417234252')"
464,"('0x97e6e59baf7c21a833fdb658d82357f3b11679f9', '13')","(1, '38462603330464103026')"
283,"('0x5a72bfaf8dd5b251bd008fdc0b4656319ac0509b', '13')","(1, '351604938341571825729')"
45,"('0x070a96fe4ad5155ea91d409e8afec6b2f3c729c0', '13')","(1, '538114752495904943858862')"
890,"('0xef933ce7f92ab3d851013fb3473086e5c4801cd5', '13')","(1, '18071950410654519208')"
188,"('0x3f91fde8dca11a6208f1bbfb6797fe50e5dca663', '13')","(1, '4167100000000000000')"
326,"('0x6808c8f473363d085d8d8ece4b53966cad81ee4a', '14')","(1, '391501270302422179917')"
46,"('0x070a96fe4ad5155ea91d409e8afec6b2f3c729c0', '14')","(1, '537782264510472642120789')"
891,"('0xef933ce7f92ab3d851013fb3473086e5c4801cd5', '14')","(1, '18071950410654519208')"
369,"('0x79198fec001e269a85ae1496e3394d22b00b14a1', '14')","(1, '78432515758264825977')"
917,"('0xfb808b3a5c074f2c6475d6926f4330b8044552e9', '14')","(1, '4734639611707877')"
284,"('0x5a72bfaf8dd5b251bd008fdc0b4656319ac0509b', '14')","(1, '351604938341571825729')"
465,"('0x97e6e59baf7c21a833fdb658d82357f3b11679f9', '14')","(1, '38462603330464103026')"
505,"('0x9fff03a69ab706415f425c21820b4644d2577f7f', '14')","(1, '341638240921477090261')"
450,"('0x92db1a82dc9cc4a3d4e3df5246c8853114928bba', '14')","(1, '5000000000000')"
720,"('0xc70f6273f7edf28f28810ea0b8dec35eb00bca81', '15')","(1, '384297327000000000000')"
336,"('0x6a43e60d5520912d20f19eb29a011e82a6ee50ae', '15')","(1, '129946211714377232762')"
831,"('0xda3611f57f540873a1f836ede74bf67a396139b6', '15')","(1, '570245540000000000000')"
687,"('0xc5bc4606d634da2708e9559523efefe46521f30b', '15')","(1, '1987486800684011200')"
451,"('0x92db1a82dc9cc4a3d4e3df5246c8853114928bba', '15')","(1, '5000000000000')"
370,"('0x79198fec001e269a85ae1496e3394d22b00b14a1', '15')","(1, '78432515758264825977')"
863,"('0xe4a77604802ee95603ec22ca0e4ebf981f6134a3', '15')","(1, '40697710000000000000')"
47,"('0x070a96fe4ad5155ea91d409e8afec6b2f3c729c0', '15')","(1, '523608296298347205757401')"
84,"('0x192420795e6a2c80c4a90f8a380d792145985f27', '15')","(1, '68101558068821275238')"
518,"('0xa31cd363cd2867e98fb0102e07e0c226f8346e48', '15')","(1, '3596029000000000000')"
253,"('0x52ef83e77243970e74680fc5814d4a7b984d4b89', '15')","(1, '210163286759222856946')"
814,"('0xd2c404a6224cd327868c0a9388ff0f75c2a5bf81', '15')","(1, '33850336000000000000')"
349,"('0x6e9a88971e957abb41bae4e2677cae258f0c1e76', '15')","(1, '80000000000000000000')"
790,"('0xccd72bea12f3927063be3d8798a4b74082713cb5', '15')","(1, '55325000000000000000000')"
784,"('0xca768c37ba6ec3d67be7b47bbe1f1c94ca216f46', '15')","(1, '18598187803320352067404')"
554,"('0xa99c377ac478a79fb60ffce3545c8b18c255b9c5', '15')","(1, '5220787249561804063')"
391,"('0x7bf49814598924b1ab2a33ad815054b6367cddd0', '15')","(1, '53955183000000000000')"
548,"('0xa72511883e1d69b63ec7c744dca756a7a698d0ae', '15')","(1, '167012590935980030498')"
878,"('0xeaa11e489dbb1073fd5a9732c9c1bcaf48a7abb9', '15')","(1, '4065824025249660967')"
897,"('0xf02f24d3b531dcc7414df353ec13ff1c1c69045c', '15')","(1, '10125136000000000000')"
406,"('0x84bd9ed56a1c9e4bb367fe655134a5d0e0fe1b13', '15')","(1, '20000000000000000000')"
921,"('0xfc5722f34a48803adf8cd9b2e9b597c11d3a4993', '15')","(1, '237609611000000000000')"
407,"('0x85d10d3c539bc4bbe13fd1631fa09d14e742eb71', '15')","(1, '27391229000000000000')"
135,"('0x2ff28a33a9f4a51108a31b2b205abebc2092b25b', '15')","(1, '262322406000000000000')"
119,"('0x29262a827ebacadeedf43ca3b0ec6fbf4380fec1', '15')","(1, '24568908000000000000')"
564,"('0xaa13905714dc09e1c51926869ddf2f3f2f1f3133', '15')","(1, '1005709520990370190')"
429,"('0x8c340ad3e0ca75edf7c023e3d128eebfc4d7f2c0', '15')","(1, '87142850244835232394')"
300,"('0x61a538988fa6e215b6a96988bd684dd013b8b0ad', '15')","(1, '10000000000000000000')"
7,"('0x0087a081a9b430fd8f688c6ac5dd24421bfb060d', '15')","(1, '243354139060753307568')"
466,"('0x97e6e59baf7c21a833fdb658d82357f3b11679f9', '15')","(1, '462603330464103026')"
204,"('0x4a160e45aa802cd9efdef7554ef50b177f384fba', '15')","(1, '847385975355919480')"
874,"('0xe510058152640c40266d910eea4c42bf58ced7f2', '16')","(1, '6035824940711437524')"
785,"('0xcb77c5d5d7d6974435eb3a6931d06318d3501643', '16')","(1, '578501630000000000000')"
250,"('0x52ef83e77243970e74680fc5814d4a7b984d4b89', '16')","(1, '221963423822299993878')"
277,"('0x5a72bfaf8dd5b251bd008fdc0b4656319ac0509b', '16')","(0, '340004938341571825729')"
920,"('0xfc5722f34a48803adf8cd9b2e9b597c11d3a4993', '16')","(1, '237609611000000000000')"
817,"('0xd6112bb75d036a4af8d1fae4eb6cb01e9731f703', '16')","(1, '0')"
292,"('0x5c51ec4986e5fc0e92b309602fe288cc00cd822e', '16')","(1, '1532945532469737700')"
314,"('0x654e294458421e5c6d533e1ce3a1484206bfbef8', '16')","(1, '48000975939610847370')"
830,"('0xda3611f57f540873a1f836ede74bf67a396139b6', '16')","(0, '570245540000000000000')"
331,"('0x69b552292fb5e71632bfecbd592c03d7998259ba', '16')","(1, '64726243000000000000')"
834,"('0xdc2f48f5b303d7412aa5ab8e02a178534b560a18', '16')","(1, '616332865615978430615')"
565,"('0xaa6444dbaf86f16b894ef29d2fddff7ab7cfcd43', '16')","(1, '0')"
573,"('0xab7b49bacd43bd4cfa41433d477f690bb9e1fb26', '16')","(1, '43858235000000000000')"
206,"('0x4a3e6e66f8c32bc05a50879f872b1177a1573cdf', '16')","(1, '15000079206181761044510')"
423,"('0x8c340ad3e0ca75edf7c023e3d128eebfc4d7f2c0', '16')","(1, '87142850244835232394')"
405,"('0x84bd9ed56a1c9e4bb367fe655134a5d0e0fe1b13', '16')","(1, '20000000000000000000')"
633,"('0xb9a28ce32dca69ad25e17212bc6d3d753e795aae', '16')","(1, '57486654000000000000')"
116,"('0x29262a827ebacadeedf43ca3b0ec6fbf4380fec1', '16')","(1, '24568908000000000000')"
390,"('0x7bf49814598924b1ab2a33ad815054b6367cddd0', '16')","(1, '53955183000000000000')"
344,"('0x6dbb9d989289bdd2f11ae7b65783ba8cac6027d0', '16')","(0, '999399041153787246')"
675,"('0xc4b58654979382b02c65b8786f6b0242b7f6648c', '16')","(1, '300592468256333176485')"
688,"('0xc6597e56a12af557f98df3bb899ad584a85a8d4e', '16')","(1, '5147644000000000000')"
689,"('0xc6a0d93a696b3cb60a3d1adc7852bb3131639671', '16')","(1, '32109259527217354075362')"
440,"('0x8e5539996a21fa05f7e553cb43d25f373ba6a1fa', '16')","(1, '0')"
345,"('0x6e9a88971e957abb41bae4e2677cae258f0c1e76', '16')","(1, '30000000000000000000')"
553,"('0xa99c377ac478a79fb60ffce3545c8b18c255b9c5', '16')","(1, '5220787249561804063')"
555,"('0xaa13905714dc09e1c51926869ddf2f3f2f1f3133', '16')","(1, '1005709520990370190')"
734,"('0xc8f88b4aef57ac93fe41390194c3a4d77d7df744', '16')","(1, '15489713284324386736398')"
81,"('0x192420795e6a2c80c4a90f8a380d792145985f27', '16')","(1, '68101558068821275238')"
73,"('0x1476ac3a5fe25c2a5edf4889b877f4f9639b8a21', '16')","(1, '21327640101280680488')"
80,"('0x16e3a8d05dd429c603ea88d5c898d822ac5a7469', '16')","(1, '587371816957181131')"
746,"('0xca768c37ba6ec3d67be7b47bbe1f1c94ca216f46', '16')","(1, '18282376755754732686080')"
432,"('0x8d07d225a769b7af3a923481e1fdf49180e6a265', '17')","(1, '50000000000000000000')"
593,"('0xb0623c91c65621df716ab8afe5f66656b21a9108', '17')","(1, '515651679513017030198')"
748,"('0xca768c37ba6ec3d67be7b47bbe1f1c94ca216f46', '17')","(1, '16263476425635785719236')"
419,"('0x8ac5c1cbafc564fbd01ee4b116dea85e6a593ab4', '17')","(1, '0')"
632,"('0xb7d672703e7987715912a0784be91b27d1098c89', '17')","(1, '168212772884756809658')"
808,"('0xd1412b9db3c9667af10ca11ff3579e9e14ebb228', '17')","(1, '2081347833590573694058')"
892,"('0xf02f24d3b531dcc7414df353ec13ff1c1c69045c', '17')","(1, '10125136000000000000')"
467,"('0x980e2bf8368b26e070d12438c3ce9ab8cac60c65', '17')","(1, '1000000000000000000')"
321,"('0x67b98fa27f40028e9caaf5a02535cf112db833aa', '17')","(1, '1009522224487312321403')"
556,"('0xaa13905714dc09e1c51926869ddf2f3f2f1f3133', '17')","(1, '1004791433352884821')"
506,"('0xa21df89c3f7375ebe7381cc858e0aa0b7c83aee0', '17')","(1, '1007994903792064194')"
395,"('0x7e1bda944017ab34ffe87f70944afc465e940f31', '17')","(1, '4167732682419370000')"
634,"('0xb9a28ce32dca69ad25e17212bc6d3d753e795aae', '17')","(1, '32486654000000000000')"
860,"('0xe34e1fd01f5d2d5533a586941f22dc8d4894a0d3', '17')","(1, '5619155118838')"
327,"('0x684f49bc1e04339d84f2370f14dc1491a3b4f113', '17')","(1, '106561017000000000000')"
641,"('0xbd8a922be2101c8a20286a7a3046279a0cf23eaf', '17')","(1, '89106655900852386761')"
691,"('0xc6a0d93a696b3cb60a3d1adc7852bb3131639671', '17')","(1, '31827457820147086231479')"
885,"('0xee4e5951a40aacf2ab525a664b7b4677eb335a17', '17')","(1, '84060004000000000000')"
835,"('0xdc2f48f5b303d7412aa5ab8e02a178534b560a18', '17')","(1, '90494738119456894934')"
0,"('0x0057bd83a142da84b6404616c683e21e7dd6fa5f', '17')","(1, '2059645750373962792')"
130,"('0x2fae7ca03363a8722df266fcc1df74f3957408a8', '17')","(1, '1000000000000000000')"
32,"('0x070a96fe4ad5155ea91d409e8afec6b2f3c729c0', '17')","(1, '531442439190759432573161')"
269,"('0x5723fb463167b6d5b7a3cf4a9d7623c8e1e5c664', '17')","(1, '284424546000000000000')"
60,"('0x0d5ef5088ffdedb05cfa80ea1b4f5992a3b7b4af', '17')","(1, '97138396495032304767')"
117,"('0x29262a827ebacadeedf43ca3b0ec6fbf4380fec1', '17')","(1, '24568908000000000000')"
273,"('0x588031347beaa0d43978bc8c0094138a67d1a071', '17')","(1, '3774969727731173986')"
275,"('0x59240e33416fdb8a09702b754712384d2a911412', '17')","(1, '1847260034131131450')"
195,"('0x4636e19f6e68bc6cc0f7bfa2d5f2ec3cf9413c0e', '17')","(1, '249807713021689203')"
162,"('0x3727321b9b1318c2716b743e4eea28e0c8fc7f58', '17')","(1, '71895071404031495')"
207,"('0x4a3e6e66f8c32bc05a50879f872b1177a1573cdf', '17')","(1, '15004747618214874324715')"
97,"('0x20b66765e8b16804090a2856023b43c3802aca72', '17')","(1, '1914399904452465140')"
105,"('0x22c0259870aac800347d8e20870b9ecf40665959', '17')","(1, '1000000000000000000')"
251,"('0x52ef83e77243970e74680fc5814d4a7b984d4b89', '17')","(1, '3739028504960282082')"
847,"('0xe0f83402b0266f3abc45a8b09baf424c303e853c', '18')","(1, '0')"
809,"('0xd1412b9db3c9667af10ca11ff3579e9e14ebb228', '18')","(0, '2081347833590573694058')"
446,"('0x8f931fc620cd320775687bc6c8f2cbdbde3dcf22', '18')","(1, '68700341922014121')"
33,"('0x070a96fe4ad5155ea91d409e8afec6b2f3c729c0', '18')","(1, '629844627203255450065677')"
198,"('0x48a9789428f2067338d02b1ef3612df64f05feb7', '18')","(1, '1000000000000000000')"
682,"('0xc5936887ac79ea0457c286ee586cc0066b6e6cd5', '18')","(1, '6086321642865164430')"
155,"('0x35ac1fca4d919e864e2fdf10297cf09939ef5a4d', '18')","(1, '30231355553601517191')"
1,"('0x0057bd83a142da84b6404616c683e21e7dd6fa5f', '18')","(1, '2059645750373962792')"
749,"('0xca768c37ba6ec3d67be7b47bbe1f1c94ca216f46', '18')","(1, '16253476425635785719236')"
557,"('0xaa13905714dc09e1c51926869ddf2f3f2f1f3133', '18')","(1, '1004791433352884821')"
208,"('0x4a3e6e66f8c32bc05a50879f872b1177a1573cdf', '18')","(1, '15004747618214874324715')"
200,"('0x497cfe918001c1aceb139ce32ae933521739f11f', '18')","(1, '1662487000000000000')"
75,"('0x1476ac3a5fe25c2a5edf4889b877f4f9639b8a21', '18')","(1, '21327640101280680488')"
597,"('0xb0dc0c7a91c34ac1698f9e7ec03104bdb3b42de3', '19')","(0, '15094918026000000000000')"
328,"('0x684f49bc1e04339d84f2370f14dc1491a3b4f113', '19')","(1, '124666026955324138762')"
508,"('0xa2e7002e0ffc42e4228292d67c13a81fdd191870', '19')","(1, '0')"
347,"('0x6e9a88971e957abb41bae4e2677cae258f0c1e76', '19')","(1, '400000000000000000000')"
481,"('0x9b06ffcb22773a854c0467b2c05f1b5427133be8', '19')","(1, '22865961186109633247')"
82,"('0x192420795e6a2c80c4a90f8a380d792145985f27', '19')","(1, '3859614390631208970')"
843,"('0xde67adf51408acca6bee2abe20dbfff2dddfed33', '19')","(1, '45817633502571037')"
730,"('0xc75f1ad2eaef79b729c8dd8bcbaeddd893f5a761', '19')","(1, '0')"
449,"('0x92db1a82dc9cc4a3d4e3df5246c8853114928bba', '19')","(1, '5000000000000')"
34,"('0x070a96fe4ad5155ea91d409e8afec6b2f3c729c0', '19')","(1, '682641094975204863131339')"
635,"('0xbb55ebe9a672ee9e93491c40124c530241910554', '19')","(1, '4000000000000000000')"
118,"('0x29262a827ebacadeedf43ca3b0ec6fbf4380fec1', '19')","(1, '24568908000000000000')"
893,"('0xf02f24d3b531dcc7414df353ec13ff1c1c69045c', '19')","(1, '12832075032387992781')"
416,"('0x8abaf5733742b1506f6a1255de0e37aec76b7940', '19')","(1, '0')"
750,"('0xca768c37ba6ec3d67be7b47bbe1f1c94ca216f46', '19')","(1, '16248092904006663730479')"
558,"('0xaa13905714dc09e1c51926869ddf2f3f2f1f3133', '19')","(1, '1008479193166429414')"
692,"('0xc6a0d93a696b3cb60a3d1adc7852bb3131639671', '19')","(1, '31833738029250362753410')"
149,"('0x33fd5f04fa5e2f9df117e3a7389fcfc247c24bb7', '19')","(1, '10000000000000000000000')"
788,"('0xccd72bea12f3927063be3d8798a4b74082713cb5', '19')","(1, '3781618978968679222376')"
810,"('0xd1412b9db3c9667af10ca11ff3579e9e14ebb228', '19')","(1, '2081347833590573694058')"
545,"('0xa72511883e1d69b63ec7c744dca756a7a698d0ae', '19')","(1, '106340000000000000000')"
585,"('0xae7758ba4157d0b6fd00c405169ee62678acc58a', '19')","(1, '71425106000000000000')"
575,"('0xabb9f91560f3c90c1aabf2852f827c91127ef924', '2')","(1, '164150328541763714316')"
846,"('0xe0ba6c4c82376c76386d1ca2ae2516ab18882e3c', '2')","(1, '68322544000000000000')"
448,"('0x91d70fd5006a5a29c66b57a7b1703f49bde957e5', '2')","(1, '0')"
797,"('0xd02ae906edc339872b8300020fc4411c4f4036e1', '2')","(1, '1117259203000000000000')"
571,"('0xab5886f50263de85ccc8d3f10cafa6bdc7153a82', '2')","(1, '100920325000000000000')"
845,"('0xde88d54819c4ae692fbb8f5f914ac5723951ee65', '2')","(1, '422964966000000000000')"
59,"('0x0c31b6605686aa26df47eb45af0e4aa6639a5fd6', '2')","(1, '1159493203983697552')"
442,"('0x8e77c563c2b2f35cd5560828e197e4ec57556687', '2')","(1, '0')"
194,"('0x461cde402c6b945036df1b49f2703fca22b23d7b', '2')","(1, '69501356000000000000')"
543,"('0xa6b31b0b7cd3660d4d6633223b6a27af83db85df', '2')","(1, '0')"
852,"('0xe2e8fee9ac2af4352a0e424650b77da25c36bf80', '2')","(1, '426710231376185643317')"
438,"('0x8d899892410cdbd8d27e251ca699672b94730ec4', '2')","(1, '675667088000000000000')"
65,"('0x1084b55cb63de549806a521036f7dad2d37e3fae', '2')","(1, '200930193000000000000')"
51,"('0x08e166bddc849cfd91084e828b5096085e8e0875', '2')","(1, '853860893000000000000')"
120,"('0x2b4ef02dc7dbca60f4978ad70df28a956df5b63d', '2')","(1, '5768010000000000000')"
628,"('0xb6605f98a5562b1ac821bc5f2b75934239e8c6d6', '2')","(1, '26158009886058416460')"
412,"('0x8917297f98718541ea6e607462b9cd7b7eea2ab3', '2')","(1, '0')"
147,"('0x330e75e1f48b1ee968197cc870511665a4a5a832', '2')","(1, '36424406534317114879330')"
414,"('0x8a2971ec277ff9ca03ede81f9ae12dc08dcfdf56', '2')","(1, '3318034769725940213550')"
415,"('0x8a4bdd77b75792f3327df1ed106cf2df91f79369', '2')","(1, '0')"
787,"('0xcc7b3f37194c7bdc51cbf89c844472b830dadaca', '2')","(1, '0')"
62,"('0x0d8a282f1c5a2a0d9a078865fae419b576ad4a1b', '2')","(1, '0')"
144,"('0x3274d89c5c27c33bf44ff44c027a6f986e4e7bd8', '2')","(1, '0')"
862,"('0xe4a77604802ee95603ec22ca0e4ebf981f6134a3', '2')","(1, '0')"
856,"('0xe2f6e3565a96cd24d6ba985563a26fb3c93cad04', '2')","(1, '792073005675633143993')"
151,"('0x34d8575ec66968ab4ea07f7031ed6a74c213b704', '2')","(1, '21738597000000000000')"
203,"('0x49f4e3c8b59689767b988c333adde1a02d3a78ba', '2')","(1, '0')"
154,"('0x35640d73401254601704ec94b564469bb6e00cd4', '2')","(1, '0')"
431,"('0x8c6b10d42ff08e56133fca0dac75e1931b1fcc23', '2')","(1, '8888663535293015402569')"
792,"('0xcded63761b601f817fc8c7b4a03f15328e45f448', '2')","(1, '0')"
146,"('0x32e61203d6ef64a329bb0db488680c64f2941302', '2')","(1, '216838987492749749226')"
67,"('0x1200eb4fa3df9903fc6eff1d7a4a5d17502329b2', '2')","(1, '0')"
69,"('0x12f5d55526597de9eea0ae9df30f837d83a0bdd2', '2')","(1, '0')"
182,"('0x3ec44a823e07555b5f889d8d954eec736eb5865b', '2')","(1, '100000000000000000000')"
488,"('0x9cca0d5cadd9871fbe79333fcb73a7e207442f30', '2')","(1, '28143555000000000000')"
616,"('0xb3696bfd947104624a838dd0ae1282756e47ea39', '2')","(1, '0')"
607,"('0xb21731d830b7e8460e5d6c66dc1ccc0a5d0a6b87', '2')","(1, '0')"
826,"('0xd8ff36bd818bcae0278f0904d527206363795082', '2')","(1, '100030422000000000000')"
823,"('0xd82de84a0e70c0fe6d4344a8594ff3756cd11203', '2')","(1, '0')"
764,"('0xca768c37ba6ec3d67be7b47bbe1f1c94ca216f46', '2')","(1, '4559010738119587611270')"
503,"('0x9f3ef50ea64adad5b33f1f8222760cfbf42007f7', '2')","(1, '50360541131482398363')"
504,"('0x9f7610115501abd147d1d82ce92cea2a716690ed', '2')","(1, '0')"
166,"('0x3951498c5551e7552e536f63ed3e7c861b0f8d93', '2')","(1, '0')"
600,"('0xb0dc0c7a91c34ac1698f9e7ec03104bdb3b42de3', '2')","(1, '4144470823990895163060')"
523,"('0xa4b06dd6316800bbab250d7486c57c982dee6e6a', '2')","(1, '453852869000000000000')"
819,"('0xd6a6027d168ce1f8036d8d01c2918f8cb610271b', '2')","(1, '0')"
510,"('0xa31c2232842e631ccb2d2e4110b356bab21e6020', '2')","(1, '200411109000000000000')"
591,"('0xb03f5438f9a243de5c3b830b7841ec315034cd5f', '2')","(1, '0')"
161,"('0x368c4e8933cf3577ccc394b4e05b4e03691493f1', '2')","(1, '0')"
410,"('0x87d83ea617bc2f12ea0ea7760f8a82f2c5f19d2f', '2')","(1, '0')"
53,"('0x0900a13fb9382c6668a74500ccce70eb96385e0c', '2')","(1, '156285363000000000000')"
128,"('0x2f8c2239e53492584420ffea44b66cf26c45b40a', '2')","(1, '0')"
482,"('0x9c2731b4a9adae8b65402e7036318a607496db45', '2')","(1, '0')"
529,"('0xa4b8339d2162125b33a667b0d40ac5dec27e924b', '2')","(1, '19057417602322303003072')"
180,"('0x3e5a90f582d45cf83e0446d53b3069e86162003b', '2')","(1, '0')"
461,"('0x964e58e3081d6e5de4182289ef8ce2c32e9a96fb', '2')","(1, '732032697721839373950')"
123,"('0x2b5a0be5940b63de1eddccca7bd977357e2488ed', '2')","(1, '0')"
178,"('0x3db69bf6ac1735509a60490d338c999252fa153a', '2')","(1, '15685598662952093737')"
176,"('0x3d158a518b2893fcbf21bfbd2544d8c8582909dc', '2')","(1, '0')"
174,"('0x3af9fe35d280ada5a5edb1bef3ed872a3231d73c', '2')","(1, '0')"
840,"('0xdd45ca901067d65860b54d4310e37371cd92fb09', '2')","(1, '0')"
470,"('0x992b9b3acc35b0fdfd4572bb2f5dc54ed2cffa84', '2')","(1, '204820101000000000000')"
624,"('0xb532fe24310aa59fb428a3dd02dc61b86bf953fa', '2')","(1, '5208037806642925293794')"
836,"('0xdce21f796ffed3cb780895ed4109f548cdf5548c', '2')","(1, '0')"
171,"('0x399a0e98343a22a15af031e3e206d7e6055c514b', '2')","(1, '0')"
477,"('0x9a72b97137065b3816d091310e483811baa1be0f', '2')","(1, '0')"
56,"('0x0a10871a80cf1329cc5943c4f0746e2b02082311', '2')","(1, '0')"
588,"('0xafa5dfeb5b3b16840a92d5fec1f5ece29128696f', '2')","(1, '0')"
618,"('0xb37795f39c546d3511ba061d04783d987d1259a4', '2')","(1, '717376905000000000000')"
829,"('0xd90ec9dc6f220be43ad88f3eff78fbd00d8fd1d6', '2')","(1, '947458015000000000000')"
859,"('0xe33611b07b9f08df79c304c48e5b80b75fa722a9', '2')","(1, '0')"
353,"('0x6f69286d7c51de0f0cf5f3c03c8ca3eda8a322f9', '2')","(1, '176127040114415001649')"
343,"('0x6daf8011d8fe4ed8ebc00a4042a0eea4688f6097', '2')","(1, '45998144000000000000')"
242,"('0x4e3d9399c28c724293dd545225ec843ac4c9e953', '2')","(1, '0')"
402,"('0x81d98c8fda0410ee3e9d7586cb949cd19fa4cf38', '2')","(1, '61202177000000000000')"
240,"('0x4d3877abc39d131a39ce21dd0675ad3c1e3f3f32', '2')","(1, '767969703033437510774')"
238,"('0x4c1bcc8f570e9f98fab0eae6b14f4df6e90cb8f7', '2')","(1, '25258150998489617320')"
902,"('0xf53a69e7b19d3a92ceae7efb9c621d01d5ab365a', '2')","(1, '287247841000000000000')"
351,"('0x6f53678864e355b4ae7bf3ff4a9ecb1e5107010a', '2')","(1, '0')"
95,"('0x1dce25415d54e6bc694aafa6cd5e650d28bb786a', '2')","(1, '0')"
674,"('0xc4a69b137d22b52a36328f3ac6d5aa9984faab8e', '2')","(1, '0')"
14,"('0x03de28456f987281df43137f0a281152be77aae4', '2')","(1, '0')"
276,"('0x5993fecb0ff732118e9e609c37e0f550e263598d', '2')","(1, '0')"
357,"('0x709a71cd574e6c1c7064ff62e0dae652b7c9e359', '2')","(1, '2111868793914842689')"
358,"('0x70f8c26c5288d170adbac1e23b6d2904232051d6', '2')","(1, '0')"
894,"('0xf02f24d3b531dcc7414df353ec13ff1c1c69045c', '2')","(1, '0')"
18,"('0x066a2edcc0b7278a2cf5bf2a040b4a54a41a9550', '2')","(1, '22703533000000000000')"
670,"('0xc45230120f7f4642b27b6b48197e4f6934bbc349', '2')","(1, '155286798000000000000')"
86,"('0x19cf388796c31fa7a583270d82659ecd2b4fd490', '2')","(1, '0')"
243,"('0x4e61f6c5aeb9bc5480e0929e6a47b9bf523d0b15', '2')","(1, '139571050803098833935')"
12,"('0x03000a0ecb1898040c26cd418570cd480775f0da', '2')","(1, '67830496255069226436')"
271,"('0x57edc3a856a69a1b086ab097c22792b0d5bb2ff2', '2')","(1, '1193928945000000000000')"
338,"('0x6b27a28d13b4b82d38e57100b5dc82f8ef3c074d', '2')","(1, '52061642539660327139')"
310,"('0x63421ae93c44f5f3f58b7e3ad1245e955db49897', '2')","(1, '752450106000000000000')"
265,"('0x56656ada4da72e587408d330e66a85b35516ee20', '2')","(1, '644519452000000000000')"
916,"('0xfa152bdc58e9432ad955987b794ec6429414c4c1', '2')","(1, '0')"
88,"('0x1a1ca7f86e3dc901e2ffe532c4484e9e57d99fba', '2')","(1, '25000000000000000000')"
258,"('0x565b93a15d38acd79c120b15432d21e21ed274d6', '2')","(1, '15450996337507081768682')"
684,"('0xc5a61d56ca395fcb87f148532369595e31286d0e', '2')","(1, '2441524389659986267228')"
100,"('0x2185f44a28e18318ce6ec792e50575a4293d4381', '2')","(1, '154766220201337268690')"
320,"('0x66ab525022c5291c0c3d7a7199a38b827586f30c', '2')","(1, '0')"
733,"('0xc7e36bc2f80543b6c244b147606f9501da6c6561', '2')","(1, '616459500580748998049')"
912,"('0xf8f40dbf4e35cdbc404bcd8795dca3b721d6ae08', '2')","(1, '0')"
8,"('0x01222a114552e89e4c548170f8c1f4d5460d255a', '2')","(1, '16490627582419126570')"
329,"('0x6905b7a65ede4a9b1181f6abfb5cbc122c661f52', '2')","(1, '1427909109520497080012')"
908,"('0xf5fe364d18f4a5a53badce9a046ba74cfc97f6fb', '2')","(1, '122771519000000000000')"
333,"('0x69b552292fb5e71632bfecbd592c03d7998259ba', '2')","(1, '264727197000000000000')"
2,"('0x0057bd83a142da84b6404616c683e21e7dd6fa5f', '2')","(1, '0')"
245,"('0x50c25a4f9d19c8f704f2e5d77c00f9cbe6dbb357', '2')","(1, '0')"
906,"('0xf56b7c1194e11f941a9ee681d0a4bffa12a7924a', '2')","(1, '8478792808893988171')"
679,"('0xc4b58654979382b02c65b8786f6b0242b7f6648c', '2')","(1, '398675325089513475312')"
323,"('0x6808c8f473363d085d8d8ece4b53966cad81ee4a', '2')","(1, '0')"
372,"('0x7929e033554d7d284d62a2f33856df31b4089999', '2')","(1, '7091255827230273260897')"
96,"('0x205389a3a0ba0928f9c696fb29cbb3edc66183be', '2')","(1, '0')"
288,"('0x5b5398d04f6de67614403e8432c791b9eaae956a', '2')","(1, '20338285561496216592')"
398,"('0x7f8c1877ed0da352f78be4fe4cda58bb804a30df', '2')","(1, '750006226008437862143')"
876,"('0xea2c3a53a679535d882ce8b2a603a5603349b036', '2')","(1, '0')"
377,"('0x79927e10304d4290b42425ae1232a76a1b2e7232', '2')","(1, '1890006706443156711191')"
870,"('0xe507f2d7de97c783a60fef9f1c4a4dade2b0a989', '2')","(1, '10144102686000000000000')"
382,"('0x7af7ca67aa827f58e0659c52a641aee55a43b535', '2')","(1, '473022799000000000000')"
919,"('0xfc17b4011c116cd8d9298a556108a79a2bacbdd0', '2')","(1, '0')"
394,"('0x7d3bf2cb39f5ceeeca91ecc8201dc01616ad089f', '2')","(1, '0')"
388,"('0x7b3013f95566aebeba4a16998ec1a6f3b0fc5c5d', '2')","(1, '0')"
642,"('0xbd8a922be2101c8a20286a7a3046279a0cf23eaf', '2')","(1, '544955706000000000000')"
745,"('0xca4c08135366201d6afaed66e5422db8865bbb39', '2')","(1, '0')"
703,"('0xc6a0d93a696b3cb60a3d1adc7852bb3131639671', '2')","(1, '2385453218820517959884')"
923,"('0xfc655427c568bcb837c05cec13e4956524ca83e0', '2')","(1, '733162588174711407')"
660,"('0xc426f7adb8c15771cdc6df55d31518056c04d63e', '2')","(1, '2641051990000000000000')"
880,"('0xeae2bb84a160f7597f5792b5c6723e3cbab006cc', '2')","(1, '35446431000000000000')"
126,"('0x2ea6fec9d00dcfdfc302417a4f954ba1dbaffed9', '20')","(1, '1194645028323413096')"
478,"('0x9abad5d367565425a11ab0446cdc1cd3f38a0bd8', '20')","(1, '340000000000000000000000')"
11,"('0x03000a0ecb1898040c26cd418570cd480775f0da', '20')","(1, '22968288776274537543')"
693,"('0xc6a0d93a696b3cb60a3d1adc7852bb3131639671', '20')","(1, '32388462929094728261994')"
417,"('0x8abaf5733742b1506f6a1255de0e37aec76b7940', '20')","(1, '10103147518014647865')"
209,"('0x4a3e6e66f8c32bc05a50879f872b1177a1573cdf', '20')","(1, '15128780614656372414545')"
677,"('0xc4b58654979382b02c65b8786f6b0242b7f6648c', '20')","(1, '300592468256333176485')"
366,"('0x79198fec001e269a85ae1496e3394d22b00b14a1', '20')","(1, '78432515758264825977')"
865,"('0xe507f2d7de97c783a60fef9f1c4a4dade2b0a989', '20')","(1, '10080102686000000000000')"
751,"('0xca768c37ba6ec3d67be7b47bbe1f1c94ca216f46', '20')","(1, '16272333929009961988707')"
83,"('0x192420795e6a2c80c4a90f8a380d792145985f27', '20')","(1, '3859614390631208970')"
289,"('0x5b9f96ba92fcf03d4bb22dcb658a07f702008e52', '20')","(1, '39747661207321092929')"
866,"('0xe507f2d7de97c783a60fef9f1c4a4dade2b0a989', '21')","(1, '10080102686000000000000')"
111,"('0x285b7eea81a5b66b62e7276a24c1e0f83f7409c1', '21')","(1, '2432925940178558443576')"
621,"('0xb40e89de9db9c68697b41cc8c79346b3c2db7cff', '21')","(1, '785340952197037')"
736,"('0xc8f88b4aef57ac93fe41390194c3a4d77d7df744', '21')","(1, '15443229950725161648052')"
608,"('0xb2829b5955bf4d4a193cc9b15a7d315c2629ece0', '21')","(1, '112637450440306508165114')"
433,"('0x8d07d225a769b7af3a923481e1fdf49180e6a265', '21')","(1, '50000000000000000000')"
193,"('0x461cde402c6b945036df1b49f2703fca22b23d7b', '21')","(1, '170000000000000000063')"
752,"('0xca768c37ba6ec3d67be7b47bbe1f1c94ca216f46', '21')","(1, '16572333929009961988707')"
210,"('0x4a3e6e66f8c32bc05a50879f872b1177a1573cdf', '21')","(1, '15128780614656372414545')"
256,"('0x565b93a15d38acd79c120b15432d21e21ed274d6', '21')","(1, '10067701458995535246533')"
15,"('0x043bd8f57401e46a5da19545ffb50370202cc179', '21')","(1, '0')"
658,"('0xc2f82a1f287b5b5aebff7c19e83e0a16cf3bd041', '21')","(1, '267230962964809523458')"
694,"('0xc6a0d93a696b3cb60a3d1adc7852bb3131639671', '21')","(1, '32106995792056818574616')"
9,"('0x014607f2d6477badd9d74bf2c5d6356e29a9b957', '21')","(1, '0')"
598,"('0xb0dc0c7a91c34ac1698f9e7ec03104bdb3b42de3', '22')","(1, '15094918026000000000000')"
131,"('0x2fae7ca03363a8722df266fcc1df74f3957408a8', '22')","(1, '27229115296400282167')"
158,"('0x35dc3ae8ab20501a720c6b8e247d7ef86f111872', '22')","(1, '0')"
211,"('0x4a3e6e66f8c32bc05a50879f872b1177a1573cdf', '22')","(1, '15046490230816594377107')"
695,"('0xc6a0d93a696b3cb60a3d1adc7852bb3131639671', '22')","(1, '32125545201071509977569')"
867,"('0xe507f2d7de97c783a60fef9f1c4a4dade2b0a989', '22')","(1, '10080102686000000000000')"
112,"('0x285b7eea81a5b66b62e7276a24c1e0f83f7409c1', '22')","(1, '2993174559128775873617')"
254,"('0x54f9b53c8012e83e8fe5aaa28f35b1b9dd8be667', '22')","(1, '1714815737850767647')"
445,"('0x8ea8721f27efcaabb3901ed6756505ab873f15a7', '22')","(1, '710000000000000000')"
613,"('0xb3152182472ba2e46b11c75440a72d087f0750b6', '22')","(1, '10003682045268285613867')"
559,"('0xaa13905714dc09e1c51926869ddf2f3f2f1f3133', '22')","(1, '1008479193166429414')"
753,"('0xca768c37ba6ec3d67be7b47bbe1f1c94ca216f46', '22')","(1, '16572333929009961988707')"
367,"('0x79198fec001e269a85ae1496e3394d22b00b14a1', '22')","(1, '78432515758264825977')"
35,"('0x070a96fe4ad5155ea91d409e8afec6b2f3c729c0', '23')","(1, '1005767509529243235792622')"
560,"('0xaa13905714dc09e1c51926869ddf2f3f2f1f3133', '23')","(1, '1008479193166429414')"
754,"('0xca768c37ba6ec3d67be7b47bbe1f1c94ca216f46', '23')","(1, '16732344300213968026673')"
212,"('0x4a3e6e66f8c32bc05a50879f872b1177a1573cdf', '23')","(1, '15101650230816594377107')"
348,"('0x6e9a88971e957abb41bae4e2677cae258f0c1e76', '23')","(1, '10000000000000000000')"
696,"('0xc6a0d93a696b3cb60a3d1adc7852bb3131639671', '23')","(1, '32179094927861277854703')"
599,"('0xb0dc0c7a91c34ac1698f9e7ec03104bdb3b42de3', '23')","(1, '19316092938581763415678')"
36,"('0x070a96fe4ad5155ea91d409e8afec6b2f3c729c0', '24')","(1, '972646514360715606059153')"
213,"('0x4a3e6e66f8c32bc05a50879f872b1177a1573cdf', '24')","(1, '15000350401670381241928')"
434,"('0x8d07d225a769b7af3a923481e1fdf49180e6a265', '24')","(1, '50000000000000000000')"
697,"('0xc6a0d93a696b3cb60a3d1adc7852bb3131639671', '24')","(1, '32340775626318742374853')"
755,"('0xca768c37ba6ec3d67be7b47bbe1f1c94ca216f46', '24')","(1, '16832344300213968026673')"
214,"('0x4a3e6e66f8c32bc05a50879f872b1177a1573cdf', '25')","(1, '15000350401670381241928')"
76,"('0x1476ac3a5fe25c2a5edf4889b877f4f9639b8a21', '25')","(1, '467029874084859088')"
756,"('0xca768c37ba6ec3d67be7b47bbe1f1c94ca216f46', '25')","(1, '16832344300213968026673')"
37,"('0x070a96fe4ad5155ea91d409e8afec6b2f3c729c0', '25')","(1, '982481238541580154594141')"
609,"('0xb2829b5955bf4d4a193cc9b15a7d315c2629ece0', '26')","(1, '112795074737271528281900')"
757,"('0xca768c37ba6ec3d67be7b47bbe1f1c94ca216f46', '26')","(1, '17310548245908372056768')"
215,"('0x4a3e6e66f8c32bc05a50879f872b1177a1573cdf', '26')","(1, '15000350401670381241928')"
698,"('0xc6a0d93a696b3cb60a3d1adc7852bb3131639671', '26')","(1, '32492463588338135196193')"
737,"('0xc8f88b4aef57ac93fe41390194c3a4d77d7df744', '27')","(1, '16425011359398355829678')"
699,"('0xc6a0d93a696b3cb60a3d1adc7852bb3131639671', '27')","(1, '32860081664286575498485')"
216,"('0x4a3e6e66f8c32bc05a50879f872b1177a1573cdf', '27')","(1, '15000350401670381241928')"
868,"('0xe507f2d7de97c783a60fef9f1c4a4dade2b0a989', '27')","(1, '10125264168792515600108')"
257,"('0x565b93a15d38acd79c120b15432d21e21ed274d6', '27')","(1, '9437418653490730300487')"
758,"('0xca768c37ba6ec3d67be7b47bbe1f1c94ca216f46', '27')","(1, '16830491431213968026673')"
678,"('0xc4b58654979382b02c65b8786f6b0242b7f6648c', '27')","(1, '303515517680198582052')"
546,"('0xa72511883e1d69b63ec7c744dca756a7a698d0ae', '28')","(1, '106340000000000000000')"
869,"('0xe507f2d7de97c783a60fef9f1c4a4dade2b0a989', '28')","(1, '10125264168792515600108')"
217,"('0x4a3e6e66f8c32bc05a50879f872b1177a1573cdf', '28')","(1, '15000350401670381241928')"
759,"('0xca768c37ba6ec3d67be7b47bbe1f1c94ca216f46', '28')","(1, '16830491431213968026673')"
38,"('0x070a96fe4ad5155ea91d409e8afec6b2f3c729c0', '28')","(1, '971048677664821702032263')"
887,"('0xef5ad662a5a42c3023e009035ee235082800b924', '28')","(1, '6841000000000000')"
760,"('0xca768c37ba6ec3d67be7b47bbe1f1c94ca216f46', '29')","(1, '16859896757947600890724')"
39,"('0x070a96fe4ad5155ea91d409e8afec6b2f3c729c0', '29')","(1, '761819646436652359447057')"
700,"('0xc6a0d93a696b3cb60a3d1adc7852bb3131639671', '29')","(1, '32654797007097193123607')"
550,"('0xa888f9f1df01c65d7b164f4e3368f482eda0ee8a', '29')","(1, '1000000000000000000')"
568,"('0xab5309888c39646bb222a70e0bc1c69e3326ee77', '3')","(1, '520000204000000000000')"
92,"('0x1c175fdca70f2f1bbe04e3075aa9f968d35e6eb8', '3')","(1, '15144766000000000000')"
63,"('0x0d8a282f1c5a2a0d9a078865fae419b576ad4a1b', '3')","(1, '22321483000000000000')"
572,"('0xab5886f50263de85ccc8d3f10cafa6bdc7153a82', '3')","(1, '100920325000000000000')"
101,"('0x2185f44a28e18318ce6ec792e50575a4293d4381', '3')","(1, '154766220201337268690')"
142,"('0x31d173ea66fa8fba38b3ddb798c1c1098f3ae8c5', '3')","(1, '500000979000000000000')"
114,"('0x285b7eea81a5b66b62e7276a24c1e0f83f7409c1', '3')","(1, '17526047308597452245931')"
77,"('0x1476ac3a5fe25c2a5edf4889b877f4f9639b8a21', '3')","(1, '21198944000000000000')"
738,"('0xc8f88b4aef57ac93fe41390194c3a4d77d7df744', '3')","(1, '16894906050529423504863')"
109,"('0x25be2dbcf1669cddf3f0ed0f9e01223aed3d1209', '3')","(1, '0')"
108,"('0x23598029a695c5a622f09206d64c4efbcc366c87', '3')","(1, '40000000000000000000')"
107,"('0x22e3f2c7b800f04227fd01075618725c211e2f4d', '3')","(1, '310526024579512769562')"
661,"('0xc426f7adb8c15771cdc6df55d31518056c04d63e', '3')","(1, '6817660551586429356652')"
671,"('0xc45230120f7f4642b27b6b48197e4f6934bbc349', '3')","(1, '220878105975168671090')"
672,"('0xc4590e9dbcf47cb55f50ec2a504c026866ed78c1', '3')","(1, '70126666000000000000')"
124,"('0x2b5a0be5940b63de1eddccca7bd977357e2488ed', '3')","(1, '54121181350640305866')"
619,"('0xb37795f39c546d3511ba061d04783d987d1259a4', '3')","(1, '717376905000000000000')"
129,"('0x2f8c2239e53492584420ffea44b66cf26c45b40a', '3')","(1, '50776453911366243185')"
601,"('0xb0dc0c7a91c34ac1698f9e7ec03104bdb3b42de3', '3')","(1, '19219470823990895163060')"
680,"('0xc4b58654979382b02c65b8786f6b0242b7f6648c', '3')","(1, '398675325089513475312')"
132,"('0x2fae7ca03363a8722df266fcc1df74f3957408a8', '3')","(1, '540000000000000000000')"
589,"('0xafa5dfeb5b3b16840a92d5fec1f5ece29128696f', '3')","(1, '92549099521489737452')"
139,"('0x30eb4c1a534351662c1ae273b8986862b60fa079', '3')","(1, '1000000019968518318074')"
685,"('0xc5a61d56ca395fcb87f148532369595e31286d0e', '3')","(1, '2441524389659986267228')"
774,"('0xca768c37ba6ec3d67be7b47bbe1f1c94ca216f46', '3')","(1, '20227338556838243623962')"
68,"('0x1200eb4fa3df9903fc6eff1d7a4a5d17502329b2', '3')","(1, '0')"
576,"('0xabb9f91560f3c90c1aabf2852f827c91127ef924', '3')","(1, '164150328541763714316')"
143,"('0x322ffce13679647e5206a09d129aa834567b8993', '3')","(1, '138796554000000000000')"
145,"('0x3274d89c5c27c33bf44ff44c027a6f986e4e7bd8', '3')","(1, '74903903000000000000')"
708,"('0xc6a0d93a696b3cb60a3d1adc7852bb3131639671', '3')","(1, '32096090341743263959386')"
150,"('0x33fd5f04fa5e2f9df117e3a7389fcfc247c24bb7', '3')","(1, '10000000000000000000000')"
383,"('0x7af7ca67aa827f58e0659c52a641aee55a43b535', '3')","(1, '473022799000000000000')"
566,"('0xaaea73b45fd8028b3b27491c475bc5f54ce75679', '3')","(1, '62000703000000000000')"
399,"('0x7f8c1877ed0da352f78be4fe4cda58bb804a30df', '3')","(1, '200000000000000000000')"
424,"('0x8c340ad3e0ca75edf7c023e3d128eebfc4d7f2c0', '3')","(1, '1000650188339688998286')"
857,"('0xe2f6e3565a96cd24d6ba985563a26fb3c93cad04', '3')","(1, '600073005675633143993')"
205,"('0x4a29875994adf15abd11dd79e5923ca666d0f8ac', '3')","(1, '257572930000000000000')"
853,"('0xe2e8fee9ac2af4352a0e424650b77da25c36bf80', '3')","(1, '606103164048573551484')"
183,"('0x3ec44a823e07555b5f889d8d954eec736eb5865b', '3')","(1, '100000000000000000000')"
179,"('0x3db69bf6ac1735509a60490d338c999252fa153a', '3')","(1, '15685598662952093737')"
925,"('0xff2ddf66360f50bc719761959d19dc402d8c2811', '3')","(1, '0')"
175,"('0x3af9fe35d280ada5a5edb1bef3ed872a3231d73c', '3')","(1, '16180199000000000000')"
471,"('0x992b9b3acc35b0fdfd4572bb2f5dc54ed2cffa84', '3')","(1, '100820101000000000000')"
837,"('0xdce21f796ffed3cb780895ed4109f548cdf5548c', '3')","(1, '435057211000000000000')"
483,"('0x9c2731b4a9adae8b65402e7036318a607496db45', '3')","(1, '700778280000000000000')"
41,"('0x070a96fe4ad5155ea91d409e8afec6b2f3c729c0', '3')","(1, '48069673520633358397037')"
881,"('0xeae2bb84a160f7597f5792b5c6723e3cbab006cc', '3')","(1, '35446431000000000000')"
373,"('0x7929e033554d7d284d62a2f33856df31b4089999', '3')","(1, '7091255827230273260897')"
884,"('0xeccc484dd4093f62fc24c4725800013fbc2c1d15', '3')","(1, '0')"
889,"('0xef62275a246950d5e4ef9b7ed207d2e0ad41f307', '3')","(1, '78388272000000000000')"
924,"('0xfc655427c568bcb837c05cec13e4956524ca83e0', '3')","(1, '733162588174711407')"
279,"('0x5a72bfaf8dd5b251bd008fdc0b4656319ac0509b', '3')","(1, '351604938341571825729')"
291,"('0x5bfa69517e17411beda54ea2d3672709f4867254', '3')","(1, '118887968358771027815')"
272,"('0x57edc3a856a69a1b086ab097c22792b0d5bb2ff2', '3')","(1, '1193928945000000000000')"
3,"('0x0057bd83a142da84b6404616c683e21e7dd6fa5f', '3')","(1, '57219867043298104099')"
266,"('0x56656ada4da72e587408d330e66a85b35516ee20', '3')","(1, '644519452000000000000')"
259,"('0x565b93a15d38acd79c120b15432d21e21ed274d6', '3')","(1, '15320746316308656545883')"
489,"('0x9cdbddf646a86ec987394c807defed498dbc7df4', '3')","(1, '21219139000000000000')"
317,"('0x66a8ca433b6af14bbff7ce6ac1bfc024efe75c2d', '3')","(1, '1000000000000000000')"
324,"('0x6808c8f473363d085d8d8ece4b53966cad81ee4a', '3')","(1, '0')"
330,"('0x6905b7a65ede4a9b1181f6abfb5cbc122c661f52', '3')","(1, '1114936923134473688599')"
337,"('0x6aa29bcb6146b466a064582bbca829cd793af377', '3')","(1, '724134000000000000')"
339,"('0x6b27a28d13b4b82d38e57100b5dc82f8ef3c074d', '3')","(1, '32061642539660327139')"
903,"('0xf53a69e7b19d3a92ceae7efb9c621d01d5ab365a', '3')","(1, '287247841000000000000')"
241,"('0x4d3877abc39d131a39ce21dd0675ad3c1e3f3f32', '3')","(1, '0')"
895,"('0xf02f24d3b531dcc7414df353ec13ff1c1c69045c', '3')","(1, '60125136000000000000')"
913,"('0xf9454638f98c35b429a9ecd19fabe7578ce56684', '3')","(1, '1000000000000000000')"
827,"('0xd8ff36bd818bcae0278f0904d527206363795082', '3')","(1, '100030422000000000000')"
396,"('0x7e790ca3c053bd46c52eb6c73294ecf80b541ed4', '3')","(1, '38720445000000000000')"
48,"('0x088e11cf7030680f1e889de192d2c27c391076bd', '3')","(1, '1000000000000000000')"
541,"('0xa5a2a35fa9404f3603505984506206ccf208489f', '3')","(1, '1000000000000000000')"
163,"('0x37d2f33c9b7adf3ff90903086ff95d842758a5b3', '3')","(1, '1000000000000000000')"
793,"('0xcded63761b601f817fc8c7b4a03f15328e45f448', '3')","(1, '665789352179130012225')"
54,"('0x097a39dcb7b2306c164dedba73832d15c50724d0', '3')","(1, '102975628635876679955')"
804,"('0xd02ae906edc339872b8300020fc4411c4f4036e1', '3')","(1, '694531234000000000000')"
549,"('0xa7bb51411a3d11323478f2e3fb4b540514060f97', '3')","(1, '187285864000000000000')"
530,"('0xa4b8339d2162125b33a667b0d40ac5dec27e924b', '3')","(1, '22067282489465255066247')"
524,"('0xa4b06dd6316800bbab250d7486c57c982dee6e6a', '3')","(1, '453852869000000000000')"
761,"('0xca768c37ba6ec3d67be7b47bbe1f1c94ca216f46', '30')","(1, '16859896757947600890724')"
218,"('0x4a3e6e66f8c32bc05a50879f872b1177a1573cdf', '30')","(1, '15000350401670381241928')"
701,"('0xc6a0d93a696b3cb60a3d1adc7852bb3131639671', '30')","(1, '34301819835145747125855')"
479,"('0x9abad5d367565425a11ab0446cdc1cd3f38a0bd8', '30')","(1, '340000000000000000000000')"
20,"('0x06c4865ab16c9c760622f19a313a2e637e2e66a2', '31')","(1, '1000000000000000000')"
762,"('0xca768c37ba6ec3d67be7b47bbe1f1c94ca216f46', '31')","(1, '16859896757947600890724')"
219,"('0x4a3e6e66f8c32bc05a50879f872b1177a1573cdf', '31')","(1, '15000350401670381241928')"
480,"('0x9abad5d367565425a11ab0446cdc1cd3f38a0bd8', '31')","(1, '340000000000000000000000')"
40,"('0x070a96fe4ad5155ea91d409e8afec6b2f3c729c0', '32')","(1, '797974106934305870584482')"
763,"('0xca768c37ba6ec3d67be7b47bbe1f1c94ca216f46', '32')","(1, '16859896757947600890724')"
21,"('0x06c4865ab16c9c760622f19a313a2e637e2e66a2', '32')","(1, '1000000000000000000')"
220,"('0x4a3e6e66f8c32bc05a50879f872b1177a1573cdf', '32')","(1, '15071445784944433854909')"
644,"('0xbe9e265c78a22e31d6a41fc2710d9590ed2d5a96', '32')","(1, '5020094616939864986')"
533,"('0xa519a7ce7b24333055781133b13532aeabfac81b', '32')","(1, '1084000000000000000000')"
702,"('0xc6a0d93a696b3cb60a3d1adc7852bb3131639671', '32')","(1, '32535545530634395262304')"
645,"('0xbe9e265c78a22e31d6a41fc2710d9590ed2d5a96', '33')","(1, '10005020094616939864986')"
765,"('0xca768c37ba6ec3d67be7b47bbe1f1c94ca216f46', '33')","(1, '26859896757947600890724')"
511,"('0xa31c2232842e631ccb2d2e4110b356bab21e6020', '33')","(1, '10000000000000000000000')"
721,"('0xc734011dbd90677eb42c0f93827665f0ddaed46f', '33')","(1, '40283697498354172778190')"
795,"('0xcf61ebd3613684a53e48ee85d8fbc80c5156c479', '33')","(1, '0')"
491,"('0x9f36a6bb398118bdcd5b1bc3343d8feb6d7d02b9', '33')","(1, '10000000000000000000000')"
704,"('0xc6a0d93a696b3cb60a3d1adc7852bb3131639671', '33')","(1, '31688675883951917726168')"
301,"('0x62461038a109fd4000fe8a84fde809ccf6d10188', '33')","(1, '10000000000000000000000')"
221,"('0x4a3e6e66f8c32bc05a50879f872b1177a1573cdf', '33')","(1, '15071445784944433854909')"
22,"('0x06c4865ab16c9c760622f19a313a2e637e2e66a2', '34')","(1, '1000000000000000000')"
646,"('0xbe9e265c78a22e31d6a41fc2710d9590ed2d5a96', '34')","(1, '10005020094616939864986')"
722,"('0xc734011dbd90677eb42c0f93827665f0ddaed46f', '34')","(1, '40283697498354172778190')"
222,"('0x4a3e6e66f8c32bc05a50879f872b1177a1573cdf', '34')","(1, '15071445784944433854909')"
302,"('0x62461038a109fd4000fe8a84fde809ccf6d10188', '34')","(1, '10000000000000000000000')"
766,"('0xca768c37ba6ec3d67be7b47bbe1f1c94ca216f46', '34')","(1, '26859896757947600890724')"
452,"('0x93146d9978d286ee085ba68ee1786a0b6eda64ec', '34')","(1, '15000000000000000000000')"
492,"('0x9f36a6bb398118bdcd5b1bc3343d8feb6d7d02b9', '34')","(1, '10000000000000000000000')"
705,"('0xc6a0d93a696b3cb60a3d1adc7852bb3131639671', '34')","(1, '31688675883951917726168')"
815,"('0xd442deb96b90e3b3135653705c3ef1feefb346be', '34')","(1, '20000000000000000000000')"
534,"('0xa519a7ce7b24333055781133b13532aeabfac81b', '34')","(1, '21084000000000000000000')"
303,"('0x62461038a109fd4000fe8a84fde809ccf6d10188', '35')","(1, '10000000000000000000000')"
767,"('0xca768c37ba6ec3d67be7b47bbe1f1c94ca216f46', '35')","(1, '26859896757947600890724')"
647,"('0xbe9e265c78a22e31d6a41fc2710d9590ed2d5a96', '35')","(1, '10005020094616939864986')"
535,"('0xa519a7ce7b24333055781133b13532aeabfac81b', '35')","(1, '21084000000000000000000')"
723,"('0xc734011dbd90677eb42c0f93827665f0ddaed46f', '35')","(1, '40283697498354172778190')"
512,"('0xa31c2232842e631ccb2d2e4110b356bab21e6020', '35')","(1, '10014267688821960922128')"
23,"('0x06c4865ab16c9c760622f19a313a2e637e2e66a2', '35')","(1, '1000000000000000000')"
493,"('0x9f36a6bb398118bdcd5b1bc3343d8feb6d7d02b9', '35')","(1, '10000000000000000000000')"
768,"('0xca768c37ba6ec3d67be7b47bbe1f1c94ca216f46', '36')","(1, '26859896757947600890724')"
24,"('0x06c4865ab16c9c760622f19a313a2e637e2e66a2', '36')","(1, '1000000000000000000')"
536,"('0xa519a7ce7b24333055781133b13532aeabfac81b', '36')","(1, '21084000000000000000000')"
304,"('0x62461038a109fd4000fe8a84fde809ccf6d10188', '36')","(1, '10000000000000000000000')"
513,"('0xa31c2232842e631ccb2d2e4110b356bab21e6020', '36')","(1, '10014267688821960922128')"
494,"('0x9f36a6bb398118bdcd5b1bc3343d8feb6d7d02b9', '36')","(1, '10000000000000000000000')"
223,"('0x4a3e6e66f8c32bc05a50879f872b1177a1573cdf', '36')","(1, '15071445784944433854909')"
724,"('0xc734011dbd90677eb42c0f93827665f0ddaed46f', '36')","(1, '40283697498354172778190')"
537,"('0xa519a7ce7b24333055781133b13532aeabfac81b', '37')","(1, '21084000000000000000000')"
94,"('0x1ccb144b700ec726d37db38c617e154de6d9c0d0', '37')","(1, '0')"
305,"('0x62461038a109fd4000fe8a84fde809ccf6d10188', '37')","(1, '10000000000000000000000')"
224,"('0x4a3e6e66f8c32bc05a50879f872b1177a1573cdf', '37')","(1, '15071445784944433854909')"
495,"('0x9f36a6bb398118bdcd5b1bc3343d8feb6d7d02b9', '37')","(1, '10000000000000000000000')"
514,"('0xa31c2232842e631ccb2d2e4110b356bab21e6020', '37')","(1, '10014267688821960922128')"
648,"('0xbe9e265c78a22e31d6a41fc2710d9590ed2d5a96', '37')","(1, '10005020094616939864986')"
725,"('0xc734011dbd90677eb42c0f93827665f0ddaed46f', '37')","(1, '40283697498354172778190')"
25,"('0x06c4865ab16c9c760622f19a313a2e637e2e66a2', '37')","(1, '1000000000000000000')"
769,"('0xca768c37ba6ec3d67be7b47bbe1f1c94ca216f46', '37')","(1, '26859896757947600890724')"
770,"('0xca768c37ba6ec3d67be7b47bbe1f1c94ca216f46', '38')","(1, '26866797819156329680426')"
403,"('0x8445271fca0d979aae411f0b72f4ee9a620d41d7', '38')","(1, '20000000000000000000000')"
306,"('0x62461038a109fd4000fe8a84fde809ccf6d10188', '38')","(1, '10000000000000000000000')"
649,"('0xbe9e265c78a22e31d6a41fc2710d9590ed2d5a96', '38')","(1, '10005020094616939864986')"
225,"('0x4a3e6e66f8c32bc05a50879f872b1177a1573cdf', '38')","(1, '15071445784944433854909')"
496,"('0x9f36a6bb398118bdcd5b1bc3343d8feb6d7d02b9', '38')","(1, '25000000000000000000000')"
900,"('0xf3f56af54dc1c855d1e1717ae9c571bf58ae17b1', '38')","(1, '25000000000000000000000')"
798,"('0xd02ae906edc339872b8300020fc4411c4f4036e1', '38')","(1, '10000000000000000000000')"
497,"('0x9f36a6bb398118bdcd5b1bc3343d8feb6d7d02b9', '39')","(1, '25000000000000000000000')"
726,"('0xc734011dbd90677eb42c0f93827665f0ddaed46f', '39')","(1, '40283697498354172778190')"
226,"('0x4a3e6e66f8c32bc05a50879f872b1177a1573cdf', '39')","(1, '15071445784944433854909')"
771,"('0xca768c37ba6ec3d67be7b47bbe1f1c94ca216f46', '39')","(1, '26866797819156329680426')"
799,"('0xd02ae906edc339872b8300020fc4411c4f4036e1', '39')","(1, '10000000000000000000000')"
824,"('0xd8533d518b4a70d8f8a591ca34797d3cce5e1aff', '39')","(1, '0')"
538,"('0xa519a7ce7b24333055781133b13532aeabfac81b', '39')","(1, '21084000000000000000000')"
650,"('0xbe9e265c78a22e31d6a41fc2710d9590ed2d5a96', '39')","(1, '10005020094616939864986')"
307,"('0x62461038a109fd4000fe8a84fde809ccf6d10188', '39')","(1, '10000000000000000000000')"
775,"('0xca768c37ba6ec3d67be7b47bbe1f1c94ca216f46', '4')","(1, '19329424733496429361149')"
709,"('0xc6a0d93a696b3cb60a3d1adc7852bb3131639671', '4')","(1, '31786850936829066379856')"
896,"('0xf02f24d3b531dcc7414df353ec13ff1c1c69045c', '4')","(1, '35125136000000000000')"
42,"('0x070a96fe4ad5155ea91d409e8afec6b2f3c729c0', '4')","(1, '239617584098437302471905')"
49,"('0x088e11cf7030680f1e889de192d2c27c391076bd', '4')","(1, '1000000000000000000')"
838,"('0xdce21f796ffed3cb780895ed4109f548cdf5548c', '4')","(1, '95057211000000000000')"
820,"('0xd7dc6d34d12a49d6c0eae055e948014901329cd1', '4')","(1, '201464185000000000000')"
914,"('0xf9454638f98c35b429a9ecd19fabe7578ce56684', '4')","(1, '1000000000000000000')"
848,"('0xe264886feb92e9c6a92fa196dfdc09d330b66c17', '4')","(1, '0')"
854,"('0xe2e8fee9ac2af4352a0e424650b77da25c36bf80', '4')","(1, '731217538204795739023')"
882,"('0xeae2bb84a160f7597f5792b5c6723e3cbab006cc', '4')","(1, '35446431000000000000')"
871,"('0xe507f2d7de97c783a60fef9f1c4a4dade2b0a989', '4')","(1, '10177027147000000000000')"
90,"('0x1ab8e9283eb5f4e70e4d645ae73d154135a16802', '4')","(1, '1000000000000000000')"
794,"('0xcded63761b601f817fc8c7b4a03f15328e45f448', '4')","(1, '665789352179130012225')"
4,"('0x0057bd83a142da84b6404616c683e21e7dd6fa5f', '4')","(1, '86110749283010309780')"
926,"('0xff4bbf02057c6dec217d3d022f7fdf0b057447b0', '4')","(1, '42051817000000000000')"
569,"('0xab5309888c39646bb222a70e0bc1c69e3326ee77', '4')","(1, '0')"
384,"('0x7af7ca67aa827f58e0659c52a641aee55a43b535', '4')","(1, '123022799000000000000')"
614,"('0xb35e71b6a5aebb07dfc3aa705968411ebdbc003f', '4')","(1, '0')"
425,"('0x8c340ad3e0ca75edf7c023e3d128eebfc4d7f2c0', '4')","(1, '1441762222547928440554')"
602,"('0xb0dc0c7a91c34ac1698f9e7ec03104bdb3b42de3', '4')","(1, '16682228712255692118939')"
192,"('0x4547b89eaed946e1cf22050522f48b67370728d6', '4')","(1, '20000000000000000000')"
184,"('0x3ec44a823e07555b5f889d8d954eec736eb5865b', '4')","(1, '100000000000000000000')"
662,"('0xc426f7adb8c15771cdc6df55d31518056c04d63e', '4')","(1, '4463345456911106196651')"
484,"('0x9c2731b4a9adae8b65402e7036318a607496db45', '4')","(1, '0')"
577,"('0xabb9f91560f3c90c1aabf2852f827c91127ef924', '4')","(1, '164150328541763714316')"
401,"('0x80a03dbf383c6fdd96fb95d1a24d63c7b6d02b08', '4')","(1, '80918936000000000000')"
561,"('0xaa13905714dc09e1c51926869ddf2f3f2f1f3133', '4')","(1, '1175293534081083560')"
340,"('0x6c2e175cb73a1c2152f10480f382895691d2b73f', '4')","(1, '3953228220921070')"
629,"('0xb6605f98a5562b1ac821bc5f2b75934239e8c6d6', '4')","(1, '26158009886058416460')"
102,"('0x2185f44a28e18318ce6ec792e50575a4293d4381', '4')","(1, '154766220201337268690')"
525,"('0xa4b06dd6316800bbab250d7486c57c982dee6e6a', '4')","(1, '453852869000000000000')"
542,"('0xa5a2a35fa9404f3603505984506206ccf208489f', '4')","(1, '1000000000000000000')"
325,"('0x6808c8f473363d085d8d8ece4b53966cad81ee4a', '4')","(1, '0')"
318,"('0x66a8ca433b6af14bbff7ce6ac1bfc024efe75c2d', '4')","(1, '1000000000000000000')"
164,"('0x37d2f33c9b7adf3ff90903086ff95d842758a5b3', '4')","(1, '1000000000000000000')"
673,"('0xc4590e9dbcf47cb55f50ec2a504c026866ed78c1', '4')","(1, '0')"
267,"('0x56656ada4da72e587408d330e66a85b35516ee20', '4')","(1, '0')"
453,"('0x93146d9978d286ee085ba68ee1786a0b6eda64ec', '40')","(1, '15000000000000000000000')"
404,"('0x8477981dbd957ae4c6a249544e43915218948404', '40')","(0, '0')"
418,"('0x8abaf5733742b1506f6a1255de0e37aec76b7940', '40')","(1, '10103147518014647865')"
651,"('0xbed050c15224a53a12815fa79f2b1ef431887eb2', '40')","(1, '2000000000000000000')"
227,"('0x4a3e6e66f8c32bc05a50879f872b1177a1573cdf', '40')","(1, '15071445784944433854909')"
167,"('0x3994537274f3ff3eefc413e0d669b05d6446d46b', '40')","(1, '17000000000000000000000')"
816,"('0xd442deb96b90e3b3135653705c3ef1feefb346be', '40')","(1, '20000000000000000000000')"
800,"('0xd02ae906edc339872b8300020fc4411c4f4036e1', '40')","(1, '10000000000000000000000')"
70,"('0x13dda63c28bb95fe9822fea43ad5feaa966636a9', '40')","(1, '2192828906424630290')"
539,"('0xa519a7ce7b24333055781133b13532aeabfac81b', '40')","(1, '21084000000000000000000')"
152,"('0x34e061f437a058e45b1b7cb0ab20f48d1a2b1d57', '40')","(1, '10001535186943606557644')"
498,"('0x9f36a6bb398118bdcd5b1bc3343d8feb6d7d02b9', '40')","(1, '25000000000000000000000')"
801,"('0xd02ae906edc339872b8300020fc4411c4f4036e1', '41')","(1, '10000000000000000000000')"
29,"('0x070330e027a3e4327ba69f0c8a1885df4b545837', '41')","(1, '3040581497817672')"
833,"('0xdbf7e19a4fbca4a2cd8820ca8a860c41feadda90', '41')","(1, '0')"
168,"('0x3994537274f3ff3eefc413e0d669b05d6446d46b', '41')","(1, '17000000000000000000000')"
499,"('0x9f36a6bb398118bdcd5b1bc3343d8feb6d7d02b9', '41')","(1, '25000000000000000000000')"
515,"('0xa31c2232842e631ccb2d2e4110b356bab21e6020', '41')","(1, '10014267688821960922128')"
71,"('0x13dda63c28bb95fe9822fea43ad5feaa966636a9', '41')","(1, '2192828906424630290')"
706,"('0xc6a0d93a696b3cb60a3d1adc7852bb3131639671', '41')","(1, '31645721745282056838729')"
308,"('0x62461038a109fd4000fe8a84fde809ccf6d10188', '41')","(1, '10000000000000000000000')"
727,"('0xc734011dbd90677eb42c0f93827665f0ddaed46f', '41')","(1, '40283697498354172778190')"
652,"('0xbed050c15224a53a12815fa79f2b1ef431887eb2', '41')","(1, '2000000000000000000')"
374,"('0x797bc498edee4357a16a1054db0323cbd04c84c3', '41')","(1, '2318169985545780079')"
228,"('0x4a3e6e66f8c32bc05a50879f872b1177a1573cdf', '41')","(1, '15088219834310220676629')"
113,"('0x285b7eea81a5b66b62e7276a24c1e0f83f7409c1', '41')","(1, '5298672826291220926598')"
457,"('0x95f50cf888dfec90321dc376c1e695f15b081595', '42')","(1, '0')"
582,"('0xabfd99a7da59e8b96f1cefa6e35fd03e6831bc10', '42')","(1, '0')"
468,"('0x98cbe9f936a2e5776506eea67b958f66aa4ba55c', '42')","(1, '0')"
13,"('0x03894d4ac41dd6c4c2f524ed4417c90fa46972c6', '42')","(1, '0')"
772,"('0xca768c37ba6ec3d67be7b47bbe1f1c94ca216f46', '42')","(1, '27025191323979984383640')"
807,"('0xd0ac50d9f7516be16e2449539394a3967bea03c7', '42')","(1, '0')"
169,"('0x3994537274f3ff3eefc413e0d669b05d6446d46b', '42')","(1, '17000000000000000000000')"
544,"('0xa71cabc14966c6fae86c05630a20ba1c90944a1f', '42')","(1, '0')"
500,"('0x9f36a6bb398118bdcd5b1bc3343d8feb6d7d02b9', '42')","(1, '25000000000000000000000')"
172,"('0x3a5d550cda1fe4629e8c41a4f38bc140aec4e4b0', '42')","(1, '0')"
811,"('0xd2b2f14e25ccf9e7d62611586c2fee55bd96436a', '42')","(1, '0')"
802,"('0xd02ae906edc339872b8300020fc4411c4f4036e1', '42')","(1, '10893559457486020809907')"
26,"('0x06c4865ab16c9c760622f19a313a2e637e2e66a2', '42')","(1, '1000000000000000000')"
30,"('0x070330e027a3e4327ba69f0c8a1885df4b545837', '42')","(1, '3040581497817672')"
653,"('0xbed050c15224a53a12815fa79f2b1ef431887eb2', '42')","(1, '2000000000000000000')"
639,"('0xbd3932eda8c754c531351a8a88f96d2b77128335', '42')","(1, '0')"
707,"('0xc6a0d93a696b3cb60a3d1adc7852bb3131639671', '42')","(1, '31645721745282056838729')"
72,"('0x13dda63c28bb95fe9822fea43ad5feaa966636a9', '42')","(1, '2192828906424630290')"
375,"('0x797bc498edee4357a16a1054db0323cbd04c84c3', '42')","(1, '2318169985545780079')"
520,"('0xa44423295590a9d9f95ab0b1c3e9ff2fd1ffc909', '42')","(1, '0')"
138,"('0x3016a4a41d1ba5c82ae6d1217742467c9b3c5900', '43')","(1, '5000000000000000000')"
728,"('0xc734011dbd90677eb42c0f93827665f0ddaed46f', '43')","(1, '40309424891856523927590')"
248,"('0x529408a6962bae6ca5328874d633738116b89b05', '43')","(1, '8021417587881863730')"
540,"('0xa519a7ce7b24333055781133b13532aeabfac81b', '43')","(1, '21084000000000000000000')"
501,"('0x9f36a6bb398118bdcd5b1bc3343d8feb6d7d02b9', '43')","(1, '25000000000000000000000')"
803,"('0xd02ae906edc339872b8300020fc4411c4f4036e1', '43')","(1, '10893559457486020809907')"
309,"('0x62461038a109fd4000fe8a84fde809ccf6d10188', '43')","(1, '10000000000000000000000')"
27,"('0x06c4865ab16c9c760622f19a313a2e637e2e66a2', '43')","(1, '1000000000000000000')"
170,"('0x3994537274f3ff3eefc413e0d669b05d6446d46b', '43')","(1, '17000000000000000000000')"
729,"('0xc751fb28553c9d482af92f57aaaf72d79cec70dc', '43')","(1, '93953283465543226072')"
587,"('0xaf5b16f740bed90af42df6c28e5cd79458c102f1', '43')","(1, '20000000000000000000000')"
901,"('0xf3f56af54dc1c855d1e1717ae9c571bf58ae17b1', '43')","(0, '40300000000000000000000')"
521,"('0xa44423295590a9d9f95ab0b1c3e9ff2fd1ffc909', '43')","(1, '5000000000000000000')"
229,"('0x4a3e6e66f8c32bc05a50879f872b1177a1573cdf', '43')","(1, '15088219834310220676629')"
31,"('0x070330e027a3e4327ba69f0c8a1885df4b545837', '43')","(1, '3040581497817672')"
458,"('0x95f50cf888dfec90321dc376c1e695f15b081595', '43')","(1, '3000000000000000000')"
159,"('0x364f4b2eee8920b6e476dfd4e531b6fd6bfc14cf', '43')","(1, '0')"
773,"('0xca768c37ba6ec3d67be7b47bbe1f1c94ca216f46', '43')","(1, '27025191323979984383640')"
812,"('0xd2b2f14e25ccf9e7d62611586c2fee55bd96436a', '43')","(1, '3000000000000000000')"
654,"('0xbed050c15224a53a12815fa79f2b1ef431887eb2', '43')","(1, '2000000000000000000')"
28,"('0x06f398ce76acc1fce97b7cab0eb2a96ba9230c9b', '43')","(1, '7881235207274421665')"
293,"('0x5c51ec4986e5fc0e92b309602fe288cc00cd822e', '5')","(1, '0')"
268,"('0x56656ada4da72e587408d330e66a85b35516ee20', '5')","(1, '0')"
280,"('0x5a72bfaf8dd5b251bd008fdc0b4656319ac0509b', '5')","(1, '351604938341571825729')"
385,"('0x7af7ca67aa827f58e0659c52a641aee55a43b535', '5')","(1, '38022799000000000000')"
354,"('0x6f69286d7c51de0f0cf5f3c03c8ca3eda8a322f9', '5')","(1, '176127040114415001649')"
5,"('0x0057bd83a142da84b6404616c683e21e7dd6fa5f', '5')","(1, '103488183841891167581')"
244,"('0x4f6f32e1692566d335e7498a1ff9a1c1af43106b', '5')","(1, '0')"
341,"('0x6c2e175cb73a1c2152f10480f382895691d2b73f', '5')","(1, '3953228220921070')"
485,"('0x9c2731b4a9adae8b65402e7036318a607496db45', '5')","(1, '0')"
473,"('0x9958906595168600bb8eca92e52031ffad5d5aee', '5')","(1, '830712000000000000')"
459,"('0x95f6b040a013d89883e36545df53844dbda4d8d1', '5')","(1, '0')"
364,"('0x750c31d2290c456fcca1c659b6add80e7a88f881', '5')","(1, '105255837856605699324')"
185,"('0x3ec44a823e07555b5f889d8d954eec736eb5865b', '5')","(1, '100000000000000000000')"
189,"('0x4059457092cc3812d56676df6a75fd21204fbe2f', '5')","(1, '0')"
201,"('0x497cfe918001c1aceb139ce32ae933521739f11f', '5')","(1, '1662487000000000000')"
883,"('0xeae2bb84a160f7597f5792b5c6723e3cbab006cc', '5')","(1, '35446431000000000000')"
43,"('0x070a96fe4ad5155ea91d409e8afec6b2f3c729c0', '5')","(1, '367837480428057614310524')"
858,"('0xe2f6e3565a96cd24d6ba985563a26fb3c93cad04', '5')","(1, '600073005675633143993')"
710,"('0xc6a0d93a696b3cb60a3d1adc7852bb3131639671', '5')","(1, '31704803017919703281504')"
686,"('0xc5a61d56ca395fcb87f148532369595e31286d0e', '5')","(1, '0')"
625,"('0xb532fe24310aa59fb428a3dd02dc61b86bf953fa', '5')","(1, '13983149660985953774335')"
125,"('0x2b5a0be5940b63de1eddccca7bd977357e2488ed', '5')","(1, '5866')"
638,"('0xbc9eb370dd6b3323a8acdbb5315f36c64d685d06', '5')","(1, '1911132211899845243')"
103,"('0x219c12318aff3d1319c63657d0f38afa331cccef', '5')","(1, '0')"
643,"('0xbd8a922be2101c8a20286a7a3046279a0cf23eaf', '5')","(1, '75540289060000000000')"
610,"('0xb2829b5955bf4d4a193cc9b15a7d315c2629ece0', '5')","(1, '112546750471748172635789')"
603,"('0xb0dc0c7a91c34ac1698f9e7ec03104bdb3b42de3', '5')","(1, '16734772088416368093535')"
133,"('0x2fae7ca03363a8722df266fcc1df74f3957408a8', '5')","(1, '0')"
776,"('0xca768c37ba6ec3d67be7b47bbe1f1c94ca216f46', '5')","(1, '18475949448594576298780')"
110,"('0x263a13fbe5416661d8ff67c5d98624d1553900ae', '5')","(1, '0')"
578,"('0xabb9f91560f3c90c1aabf2852f827c91127ef924', '5')","(1, '164150328541763714316')"
148,"('0x33862b6fd4bd5aabf4e368fceefa20c327adaf74', '5')","(1, '0')"
630,"('0xb6605f98a5562b1ac821bc5f2b75934239e8c6d6', '5')","(1, '26158009886058416460')"
526,"('0xa4b06dd6316800bbab250d7486c57c982dee6e6a', '5')","(1, '453852869000000000000')"
789,"('0xccd72bea12f3927063be3d8798a4b74082713cb5', '5')","(1, '0')"
663,"('0xc426f7adb8c15771cdc6df55d31518056c04d63e', '5')","(1, '4477549759781070511651')"
832,"('0xdb716f46b8e89b0ffd2f1a09c1b1f072dad5bf0e', '6')","(1, '202328402000000000000')"
6,"('0x0057bd83a142da84b6404616c683e21e7dd6fa5f', '6')","(1, '140270539256673803016')"
230,"('0x4a3e6e66f8c32bc05a50879f872b1177a1573cdf', '6')","(1, '15000529256358447512433')"
361,"('0x74f0ef88878bad5c38ee76144ebb723c94e25a86', '6')","(1, '0')"
78,"('0x1476ac3a5fe25c2a5edf4889b877f4f9639b8a21', '6')","(1, '21198944000000000000')"
681,"('0xc4b58654979382b02c65b8786f6b0242b7f6648c', '6')","(1, '298675325089513475312')"
527,"('0xa4b06dd6316800bbab250d7486c57c982dee6e6a', '6')","(1, '453852869000000000000')"
378,"('0x79927e10304d4290b42425ae1232a76a1b2e7232', '6')","(1, '654554442250756864167')"
202,"('0x497cfe918001c1aceb139ce32ae933521739f11f', '6')","(1, '1662487000000000000')"
420,"('0x8c0eacd366a5085a8bbee1b6c18e216a8c7240b3', '6')","(1, '5631260978792245000')"
711,"('0xc6a0d93a696b3cb60a3d1adc7852bb3131639671', '6')","(1, '32602260393284194776364')"
236,"('0x4a4016d1cb5b6e3cfc2746e418f53a296357f564', '6')","(1, '0')"
286,"('0x5add08b293702e40c24876db430cb1f36099795f', '6')","(1, '209000000000000000000')"
386,"('0x7af7ca67aa827f58e0659c52a641aee55a43b535', '6')","(1, '38022799000000000000')"
516,"('0xa31c2232842e631ccb2d2e4110b356bab21e6020', '6')","(1, '0')"
805,"('0xd02ae906edc339872b8300020fc4411c4f4036e1', '6')","(1, '60960737000000000000')"
486,"('0x9c2731b4a9adae8b65402e7036318a607496db45', '6')","(1, '0')"
739,"('0xc8f88b4aef57ac93fe41390194c3a4d77d7df744', '6')","(1, '16039673022659834407207')"
842,"('0xdd78aa83eb209d3a83330368daffa80a393285a5', '6')","(1, '20362305000000000000')"
562,"('0xaa13905714dc09e1c51926869ddf2f3f2f1f3133', '6')","(1, '1004539742479496292')"
579,"('0xabb9f91560f3c90c1aabf2852f827c91127ef924', '6')","(1, '164150328541763714316')"
475,"('0x99d4ebed26b5d4833b2dc432d73519bca3d3ac70', '6')","(1, '142483141905183103007')"
93,"('0x1c175fdca70f2f1bbe04e3075aa9f968d35e6eb8', '6')","(1, '15144766000000000000')"
365,"('0x76da9f88e63a85ba8bfa19f3821d5a271753d3dc', '6')","(1, '0')"
91,"('0x1b2965dc3b1697dd10b7126ec7393d79cda2cf91', '6')","(1, '61931045600652767')"
98,"('0x210a7ae3a6a53a04cdf43f6a4e5428221c63cc5a', '6')","(1, '282626380365205245926')"
368,"('0x79198fec001e269a85ae1496e3394d22b00b14a1', '6')","(1, '78432515758264825977')"
439,"('0x8dcbbfb22d55a46fe78e8ce5b16b2cd602d20223', '6')","(1, '20040717000000000000')"
140,"('0x30eb4c1a534351662c1ae273b8986862b60fa079', '6')","(1, '0')"
664,"('0xc426f7adb8c15771cdc6df55d31518056c04d63e', '6')","(1, '4377549759781070511651')"
260,"('0x565b93a15d38acd79c120b15432d21e21ed274d6', '6')","(1, '10486175241499433695269')"
121,"('0x2b4ef02dc7dbca60f4978ad70df28a956df5b63d', '6')","(1, '2008010000000000000')"
584,"('0xae72f470da5446005c756b08d3e916f7ea8e9b72', '6')","(1, '0')"
186,"('0x3ec44a823e07555b5f889d8d954eec736eb5865b', '6')","(1, '100000000000000000000')"
137,"('0x301605c95acbed7a1fd9c2c0deee964e2afbd0c3', '6')","(1, '384087761000000000000')"
777,"('0xca768c37ba6ec3d67be7b47bbe1f1c94ca216f46', '6')","(1, '18574802052511317479170')"
665,"('0xc426f7adb8c15771cdc6df55d31518056c04d63e', '7')","(1, '4377549759781070511651')"
886,"('0xef39833eaf1c36803f415bcfc7670594034d3d63', '7')","(1, '10000000000000000000')"
740,"('0xc8f88b4aef57ac93fe41390194c3a4d77d7df744', '7')","(1, '15638495537480175953044')"
387,"('0x7af7ca67aa827f58e0659c52a641aee55a43b535', '7')","(1, '38022799000000000000')"
362,"('0x74f0ef88878bad5c38ee76144ebb723c94e25a86', '7')","(1, '0')"
281,"('0x5a72bfaf8dd5b251bd008fdc0b4656319ac0509b', '7')","(1, '351604938341571825729')"
849,"('0xe264886feb92e9c6a92fa196dfdc09d330b66c17', '7')","(1, '0')"
531,"('0xa4b8339d2162125b33a667b0d40ac5dec27e924b', '7')","(1, '24340271178454513791194')"
712,"('0xc6a0d93a696b3cb60a3d1adc7852bb3131639671', '7')","(1, '31994941295539429776401')"
156,"('0x35ac1fca4d919e864e2fdf10297cf09939ef5a4d', '7')","(1, '100000000000000000000')"
580,"('0xabb9f91560f3c90c1aabf2852f827c91127ef924', '7')","(1, '164150328541763714316')"
778,"('0xca768c37ba6ec3d67be7b47bbe1f1c94ca216f46', '7')","(1, '18928654921511317479170')"
89,"('0x1a2b50bb52b322b50d3266f4be8e43944d967e94', '7')","(1, '155538542404202543408')"
231,"('0x4a3e6e66f8c32bc05a50879f872b1177a1573cdf', '7')","(1, '15000529256358447512433')"
604,"('0xb0dc0c7a91c34ac1698f9e7ec03104bdb3b42de3', '7')","(1, '17202660292080420210750')"
611,"('0xb2829b5955bf4d4a193cc9b15a7d315c2629ece0', '7')","(1, '112613512814973970770862')"
421,"('0x8c0eacd366a5085a8bbee1b6c18e216a8c7240b3', '7')","(1, '5631260978792245000')"
615,"('0xb35e71b6a5aebb07dfc3aa705968411ebdbc003f', '7')","(1, '0')"
413,"('0x89a77a6ac47094140bbdaa47adbef6fab1cd282b', '7')","(1, '10050778915781504143008')"
594,"('0xb0623c91c65621df716ab8afe5f66656b21a9108', '7')","(1, '614433576382227775515')"
666,"('0xc426f7adb8c15771cdc6df55d31518056c04d63e', '8')","(1, '4377549759781070511651')"
252,"('0x52ef83e77243970e74680fc5814d4a7b984d4b89', '8')","(1, '144105595414109841099')"
731,"('0xc75f1ad2eaef79b729c8dd8bcbaeddd893f5a761', '8')","(1, '0')"
918,"('0xfbbfbf2756b062abe77e975ed0925295c87c1a15', '8')","(1, '11278553062140779101')"
713,"('0xc6a0d93a696b3cb60a3d1adc7852bb3131639671', '8')","(1, '31994941295539429776401')"
904,"('0xf56345338cb4cddaf915ebef3bfde63e70fe3053', '8')","(1, '0')"
813,"('0xd2c404a6224cd327868c0a9388ff0f75c2a5bf81', '8')","(1, '33850336000000000000')"
363,"('0x74f0ef88878bad5c38ee76144ebb723c94e25a86', '8')","(1, '0')"
507,"('0xa21df89c3f7375ebe7381cc858e0aa0b7c83aee0', '8')","(1, '6507994903792064194')"
806,"('0xd02ae906edc339872b8300020fc4411c4f4036e1', '8')","(1, '60960737000000000000')"
532,"('0xa4b8339d2162125b33a667b0d40ac5dec27e924b', '8')","(1, '24340271178454513791194')"
157,"('0x35ac1fca4d919e864e2fdf10297cf09939ef5a4d', '8')","(0, '100000000000000000000')"
474,"('0x9958906595168600bb8eca92e52031ffad5d5aee', '8')","(1, '56902960484740863509')"
173,"('0x3aea482a5a2cf7357b55ce24ed85e0d66000482f', '8')","(1, '15102570025197502')"
779,"('0xca768c37ba6ec3d67be7b47bbe1f1c94ca216f46', '8')","(1, '18928654921511317479170')"
581,"('0xabb9f91560f3c90c1aabf2852f827c91127ef924', '8')","(1, '164150328541763714316')"
435,"('0x8d07d225a769b7af3a923481e1fdf49180e6a265', '8')","(1, '50000000000000000000')"
355,"('0x6f69286d7c51de0f0cf5f3c03c8ca3eda8a322f9', '8')","(0, '165976330893828523955')"
426,"('0x8c340ad3e0ca75edf7c023e3d128eebfc4d7f2c0', '8')","(1, '31721500164607531287')"
872,"('0xe507f2d7de97c783a60fef9f1c4a4dade2b0a989', '8')","(1, '10177027147000000000000')"
422,"('0x8c0eacd366a5085a8bbee1b6c18e216a8c7240b3', '8')","(1, '5631260978792245000')"
392,"('0x7c60b75b7af413667c14bd8fdc84267c03da9ba3', '8')","(1, '4667000000000000')"
636,"('0xbb55ebe9a672ee9e93491c40124c530241910554', '8')","(1, '4000000000000000000')"
741,"('0xc8f88b4aef57ac93fe41390194c3a4d77d7df744', '8')","(1, '15638495537480175953044')"
888,"('0xef5ad662a5a42c3023e009035ee235082800b924', '8')","(0, '66666841000000000000')"
282,"('0x5a72bfaf8dd5b251bd008fdc0b4656319ac0509b', '8')","(1, '351604938341571825729')"
427,"('0x8c340ad3e0ca75edf7c023e3d128eebfc4d7f2c0', '9')","(1, '54339105156835518869')"
334,"('0x69b552292fb5e71632bfecbd592c03d7998259ba', '9')","(1, '94531991935846237422')"
612,"('0xb2829b5955bf4d4a193cc9b15a7d315c2629ece0', '9')","(1, '112555751198036195190567')"
667,"('0xc426f7adb8c15771cdc6df55d31518056c04d63e', '9')","(1, '4377546097190420046559')"
261,"('0x565b93a15d38acd79c120b15432d21e21ed274d6', '9')","(1, '10190569958499433695269')"
780,"('0xca768c37ba6ec3d67be7b47bbe1f1c94ca216f46', '9')","(1, '19117061297805738184186')"
873,"('0xe507f2d7de97c783a60fef9f1c4a4dade2b0a989', '9')","(1, '10177027147000000000000')"
714,"('0xc6a0d93a696b3cb60a3d1adc7852bb3131639671', '9')","(1, '31994941295539429776401')"
232,"('0x4a3e6e66f8c32bc05a50879f872b1177a1573cdf', '9')","(1, '15022079206181761044510')"
322,"('0x67b98fa27f40028e9caaf5a02535cf112db833aa', '9')","(1, '204093314220271066852')"
