,voters.id,proposalID.id,support,single_vote
0,0x008c84421da5527f462886cec43d2717b686a7e4,16,1,1
1,0x008c84421da5527f462886cec43d2717b686a7e4,1,1,0
2,0x008c84421da5527f462886cec43d2717b686a7e4,17,1,1
3,0x008c84421da5527f462886cec43d2717b686a7e4,18,2,1
4,0x008c84421da5527f462886cec43d2717b686a7e4,19,1,1
5,0x008c84421da5527f462886cec43d2717b686a7e4,20,1,1
6,0x008c84421da5527f462886cec43d2717b686a7e4,21,1,1
7,0x008c84421da5527f462886cec43d2717b686a7e4,22,0,1
8,0x008c84421da5527f462886cec43d2717b686a7e4,23,1,1
9,0x008c84421da5527f462886cec43d2717b686a7e4,25,1,1
10,0x008c84421da5527f462886cec43d2717b686a7e4,26,1,1
11,0x008c84421da5527f462886cec43d2717b686a7e4,27,1,1
12,0x008c84421da5527f462886cec43d2717b686a7e4,28,1,1
13,0x008c84421da5527f462886cec43d2717b686a7e4,29,1,1
14,0x008c84421da5527f462886cec43d2717b686a7e4,30,0,1
15,0x008c84421da5527f462886cec43d2717b686a7e4,2,1,1
16,0x008c84421da5527f462886cec43d2717b686a7e4,33,1,3
17,0x008c84421da5527f462886cec43d2717b686a7e4,34,1,3
18,0x008c84421da5527f462886cec43d2717b686a7e4,35,1,3
19,0x008c84421da5527f462886cec43d2717b686a7e4,38,1,3
20,0x008c84421da5527f462886cec43d2717b686a7e4,40,1,4
21,0x008c84421da5527f462886cec43d2717b686a7e4,41,1,5
22,0x008c84421da5527f462886cec43d2717b686a7e4,43,1,5
23,0x008c84421da5527f462886cec43d2717b686a7e4,44,1,5
24,0x008c84421da5527f462886cec43d2717b686a7e4,47,1,5
25,0x008c84421da5527f462886cec43d2717b686a7e4,48,1,5
26,0x008c84421da5527f462886cec43d2717b686a7e4,49,1,5
27,0x008c84421da5527f462886cec43d2717b686a7e4,50,0,5
28,0x008c84421da5527f462886cec43d2717b686a7e4,51,1,5
29,0x008c84421da5527f462886cec43d2717b686a7e4,52,1,5
30,0x008c84421da5527f462886cec43d2717b686a7e4,54,1,5
31,0x008c84421da5527f462886cec43d2717b686a7e4,55,0,5
32,0x008c84421da5527f462886cec43d2717b686a7e4,56,1,5
33,0x008c84421da5527f462886cec43d2717b686a7e4,57,2,5
34,0x008c84421da5527f462886cec43d2717b686a7e4,58,1,5
35,0x008c84421da5527f462886cec43d2717b686a7e4,59,0,5
36,0x008c84421da5527f462886cec43d2717b686a7e4,60,1,5
37,0x008c84421da5527f462886cec43d2717b686a7e4,61,1,5
38,0x008c84421da5527f462886cec43d2717b686a7e4,62,1,5
39,0x008c84421da5527f462886cec43d2717b686a7e4,63,1,5
40,0x008c84421da5527f462886cec43d2717b686a7e4,64,1,5
41,0x008c84421da5527f462886cec43d2717b686a7e4,4,1,1
42,0x008c84421da5527f462886cec43d2717b686a7e4,65,1,5
43,0x008c84421da5527f462886cec43d2717b686a7e4,67,1,5
44,0x008c84421da5527f462886cec43d2717b686a7e4,68,1,5
45,0x008c84421da5527f462886cec43d2717b686a7e4,69,1,5
46,0x008c84421da5527f462886cec43d2717b686a7e4,70,1,5
47,0x008c84421da5527f462886cec43d2717b686a7e4,71,1,5
48,0x008c84421da5527f462886cec43d2717b686a7e4,72,1,5
49,0x008c84421da5527f462886cec43d2717b686a7e4,73,1,5
50,0x008c84421da5527f462886cec43d2717b686a7e4,74,0,5
51,0x008c84421da5527f462886cec43d2717b686a7e4,5,1,1
52,0x008c84421da5527f462886cec43d2717b686a7e4,83,1,5
53,0x008c84421da5527f462886cec43d2717b686a7e4,84,1,5
54,0x008c84421da5527f462886cec43d2717b686a7e4,85,1,5
55,0x008c84421da5527f462886cec43d2717b686a7e4,95,1,5
56,0x008c84421da5527f462886cec43d2717b686a7e4,6,1,1
57,0x008c84421da5527f462886cec43d2717b686a7e4,99,1,5
58,0x008c84421da5527f462886cec43d2717b686a7e4,100,1,5
59,0x008c84421da5527f462886cec43d2717b686a7e4,101,1,5
60,0x008c84421da5527f462886cec43d2717b686a7e4,108,1,5
61,0x008c84421da5527f462886cec43d2717b686a7e4,110,1,5
62,0x008c84421da5527f462886cec43d2717b686a7e4,111,1,5
63,0x008c84421da5527f462886cec43d2717b686a7e4,8,1,1
64,0x008c84421da5527f462886cec43d2717b686a7e4,9,1,1
65,0x008c84421da5527f462886cec43d2717b686a7e4,10,1,1
66,0x008c84421da5527f462886cec43d2717b686a7e4,11,1,1
67,0x008c84421da5527f462886cec43d2717b686a7e4,13,1,1
68,0x008c84421da5527f462886cec43d2717b686a7e4,14,1,1
69,0x008c84421da5527f462886cec43d2717b686a7e4,15,1,1
70,0x01db485f57dc000e761b85641f78c9d212a2eeab,16,1,1
71,0x01db485f57dc000e761b85641f78c9d212a2eeab,21,1,1
72,0x01db485f57dc000e761b85641f78c9d212a2eeab,23,1,1
73,0x01db485f57dc000e761b85641f78c9d212a2eeab,26,1,1
74,0x01db485f57dc000e761b85641f78c9d212a2eeab,27,1,1
75,0x01db485f57dc000e761b85641f78c9d212a2eeab,28,1,1
76,0x01db485f57dc000e761b85641f78c9d212a2eeab,51,1,1
77,0x01db485f57dc000e761b85641f78c9d212a2eeab,53,1,1
78,0x020ca66c30bec2c4fe3861a94e4db4a498a35872,82,0,6
79,0x021edd67d43b365a6401a5ee704aa6f264f3f4e4,22,0,1
80,0x021edd67d43b365a6401a5ee704aa6f264f3f4e4,29,1,5
81,0x021edd67d43b365a6401a5ee704aa6f264f3f4e4,90,2,1
82,0x021edd67d43b365a6401a5ee704aa6f264f3f4e4,91,1,1
83,0x021edd67d43b365a6401a5ee704aa6f264f3f4e4,92,1,1
84,0x021edd67d43b365a6401a5ee704aa6f264f3f4e4,93,1,1
85,0x021edd67d43b365a6401a5ee704aa6f264f3f4e4,94,1,1
86,0x021edd67d43b365a6401a5ee704aa6f264f3f4e4,95,1,1
87,0x021edd67d43b365a6401a5ee704aa6f264f3f4e4,100,2,1
88,0x021edd67d43b365a6401a5ee704aa6f264f3f4e4,101,1,1
89,0x021edd67d43b365a6401a5ee704aa6f264f3f4e4,103,1,1
90,0x021edd67d43b365a6401a5ee704aa6f264f3f4e4,104,1,1
91,0x04ba88309915d0210666790b9e9c9cb400235e3a,26,1,0
92,0x0d60943d3c4248d33ab1474db126b9573d911d31,26,1,0
93,0x110a924d724f4bffc8b0ec7ae416565365e7ab34,26,1,0
94,0x1254958bd5073c6b238e516298f0c48f6f60a78e,16,1,1
95,0x1254958bd5073c6b238e516298f0c48f6f60a78e,2,1,1
96,0x1254958bd5073c6b238e516298f0c48f6f60a78e,52,1,1
97,0x1254958bd5073c6b238e516298f0c48f6f60a78e,4,1,1
98,0x1254958bd5073c6b238e516298f0c48f6f60a78e,5,1,1
99,0x1254958bd5073c6b238e516298f0c48f6f60a78e,6,1,1
100,0x14dfdd3613054ddb14af2fa51c8a75e17dade764,17,1,1
101,0x14dfdd3613054ddb14af2fa51c8a75e17dade764,18,1,2
102,0x14dfdd3613054ddb14af2fa51c8a75e17dade764,20,1,2
103,0x14dfdd3613054ddb14af2fa51c8a75e17dade764,21,0,2
104,0x14dfdd3613054ddb14af2fa51c8a75e17dade764,22,1,2
105,0x14dfdd3613054ddb14af2fa51c8a75e17dade764,23,1,2
106,0x14dfdd3613054ddb14af2fa51c8a75e17dade764,26,1,2
107,0x14dfdd3613054ddb14af2fa51c8a75e17dade764,29,1,2
108,0x14dfdd3613054ddb14af2fa51c8a75e17dade764,33,1,2
109,0x14dfdd3613054ddb14af2fa51c8a75e17dade764,34,1,2
110,0x14dfdd3613054ddb14af2fa51c8a75e17dade764,35,1,2
111,0x17beaa158e68ff9225b4c85151831c7a0d8f258d,17,1,1
112,0x17beaa158e68ff9225b4c85151831c7a0d8f258d,19,1,1
113,0x17beaa158e68ff9225b4c85151831c7a0d8f258d,21,1,1
114,0x17beaa158e68ff9225b4c85151831c7a0d8f258d,22,1,1
115,0x17beaa158e68ff9225b4c85151831c7a0d8f258d,29,1,1
116,0x17beaa158e68ff9225b4c85151831c7a0d8f258d,31,1,1
117,0x17beaa158e68ff9225b4c85151831c7a0d8f258d,32,1,1
118,0x17beaa158e68ff9225b4c85151831c7a0d8f258d,33,1,1
119,0x17beaa158e68ff9225b4c85151831c7a0d8f258d,34,1,1
120,0x17beaa158e68ff9225b4c85151831c7a0d8f258d,38,1,1
121,0x17beaa158e68ff9225b4c85151831c7a0d8f258d,49,1,1
122,0x17beaa158e68ff9225b4c85151831c7a0d8f258d,52,1,1
123,0x17beaa158e68ff9225b4c85151831c7a0d8f258d,64,1,1
124,0x17beaa158e68ff9225b4c85151831c7a0d8f258d,67,1,1
125,0x17beaa158e68ff9225b4c85151831c7a0d8f258d,6,1,1
126,0x17beaa158e68ff9225b4c85151831c7a0d8f258d,111,1,1
127,0x17beaa158e68ff9225b4c85151831c7a0d8f258d,7,1,1
128,0x17beaa158e68ff9225b4c85151831c7a0d8f258d,11,1,1
129,0x17beaa158e68ff9225b4c85151831c7a0d8f258d,13,1,1
130,0x17cd072cbd45031efc21da538c783e0ed3b25dcc,36,1,1
131,0x17cd072cbd45031efc21da538c783e0ed3b25dcc,39,1,1
132,0x17cd072cbd45031efc21da538c783e0ed3b25dcc,44,0,1
133,0x17cd072cbd45031efc21da538c783e0ed3b25dcc,46,2,1
134,0x17cd072cbd45031efc21da538c783e0ed3b25dcc,61,1,1
135,0x17cd072cbd45031efc21da538c783e0ed3b25dcc,65,1,1
136,0x17cd072cbd45031efc21da538c783e0ed3b25dcc,73,1,1
137,0x17cd072cbd45031efc21da538c783e0ed3b25dcc,74,1,1
138,0x17cd072cbd45031efc21da538c783e0ed3b25dcc,75,1,1
139,0x17cd072cbd45031efc21da538c783e0ed3b25dcc,81,1,1
140,0x17cd072cbd45031efc21da538c783e0ed3b25dcc,85,1,1
141,0x17cd072cbd45031efc21da538c783e0ed3b25dcc,87,1,1
142,0x17cd072cbd45031efc21da538c783e0ed3b25dcc,95,1,1
143,0x1977c4b06a76c160eff920c67fbc0635124364c8,38,1,1
144,0x1977c4b06a76c160eff920c67fbc0635124364c8,40,1,1
145,0x1977c4b06a76c160eff920c67fbc0635124364c8,42,1,1
146,0x1977c4b06a76c160eff920c67fbc0635124364c8,43,1,1
147,0x1977c4b06a76c160eff920c67fbc0635124364c8,44,1,1
148,0x1977c4b06a76c160eff920c67fbc0635124364c8,47,1,1
149,0x1977c4b06a76c160eff920c67fbc0635124364c8,51,1,1
150,0x1977c4b06a76c160eff920c67fbc0635124364c8,53,1,1
151,0x1977c4b06a76c160eff920c67fbc0635124364c8,108,1,1
152,0x1984edf70973e1389548f21cd0dcb15b408240c9,44,1,0
153,0x1984edf70973e1389548f21cd0dcb15b408240c9,47,1,1
154,0x1984edf70973e1389548f21cd0dcb15b408240c9,68,1,1
155,0x1bde33dbc5c2ac7109c4a7ecf0d0a0a6cd6f57cc,95,1,1
156,0x1bde33dbc5c2ac7109c4a7ecf0d0a0a6cd6f57cc,99,1,1
157,0x1e32a859d69dde58d03820f8f138c99b688d132f,53,1,1
158,0x1e341aa44c293d95d13d778492d417d1be4e63d5,67,1,1
159,0x1e341aa44c293d95d13d778492d417d1be4e63d5,70,1,1
160,0x1e341aa44c293d95d13d778492d417d1be4e63d5,85,1,1
161,0x1e341aa44c293d95d13d778492d417d1be4e63d5,87,1,1
162,0x1e341aa44c293d95d13d778492d417d1be4e63d5,91,1,1
163,0x1e341aa44c293d95d13d778492d417d1be4e63d5,92,1,1
164,0x203cc9b81c53fd649bd575e0e19925dd1a2a54da,100,0,1
165,0x203cc9b81c53fd649bd575e0e19925dd1a2a54da,101,1,1
166,0x203cc9b81c53fd649bd575e0e19925dd1a2a54da,103,1,1
167,0x203cc9b81c53fd649bd575e0e19925dd1a2a54da,104,1,1
168,0x203cc9b81c53fd649bd575e0e19925dd1a2a54da,106,1,1
169,0x203cc9b81c53fd649bd575e0e19925dd1a2a54da,108,0,1
170,0x22a8d48de82c0ad16318b43a43aa92f13b3a43e9,82,1,0
171,0x231a07c825f052b895de5fd1513ce40d18e14af5,95,1,3
172,0x24d7a9daf84a3f30b279b931a732f58c4eb0e52b,38,1,1
173,0x2536c09e5f5691498805884fa37811be3b2bddb4,1,1,1
174,0x2573c60a6d127755aa2dc85e342f7da2378a0cc5,16,1,9
175,0x2573c60a6d127755aa2dc85e342f7da2378a0cc5,1,1,2
176,0x2573c60a6d127755aa2dc85e342f7da2378a0cc5,17,1,10
177,0x2573c60a6d127755aa2dc85e342f7da2378a0cc5,18,1,10
178,0x2573c60a6d127755aa2dc85e342f7da2378a0cc5,19,1,11
179,0x2573c60a6d127755aa2dc85e342f7da2378a0cc5,20,1,11
180,0x2573c60a6d127755aa2dc85e342f7da2378a0cc5,21,2,11
181,0x2573c60a6d127755aa2dc85e342f7da2378a0cc5,22,1,11
182,0x2573c60a6d127755aa2dc85e342f7da2378a0cc5,23,1,12
183,0x2573c60a6d127755aa2dc85e342f7da2378a0cc5,24,0,12
184,0x2573c60a6d127755aa2dc85e342f7da2378a0cc5,25,1,12
185,0x2573c60a6d127755aa2dc85e342f7da2378a0cc5,26,1,12
186,0x2573c60a6d127755aa2dc85e342f7da2378a0cc5,27,1,13
187,0x2573c60a6d127755aa2dc85e342f7da2378a0cc5,28,1,13
188,0x2573c60a6d127755aa2dc85e342f7da2378a0cc5,29,1,15
189,0x2573c60a6d127755aa2dc85e342f7da2378a0cc5,30,1,15
190,0x2573c60a6d127755aa2dc85e342f7da2378a0cc5,31,1,16
191,0x2573c60a6d127755aa2dc85e342f7da2378a0cc5,32,1,16
192,0x2573c60a6d127755aa2dc85e342f7da2378a0cc5,2,1,2
193,0x2573c60a6d127755aa2dc85e342f7da2378a0cc5,33,1,17
194,0x2573c60a6d127755aa2dc85e342f7da2378a0cc5,34,1,17
195,0x2573c60a6d127755aa2dc85e342f7da2378a0cc5,36,1,18
196,0x2573c60a6d127755aa2dc85e342f7da2378a0cc5,37,1,18
197,0x2573c60a6d127755aa2dc85e342f7da2378a0cc5,38,1,19
198,0x2573c60a6d127755aa2dc85e342f7da2378a0cc5,39,1,19
199,0x2573c60a6d127755aa2dc85e342f7da2378a0cc5,40,1,21
200,0x2573c60a6d127755aa2dc85e342f7da2378a0cc5,42,1,21
201,0x2573c60a6d127755aa2dc85e342f7da2378a0cc5,43,1,22
202,0x2573c60a6d127755aa2dc85e342f7da2378a0cc5,44,1,23
203,0x2573c60a6d127755aa2dc85e342f7da2378a0cc5,45,1,23
204,0x2573c60a6d127755aa2dc85e342f7da2378a0cc5,46,1,24
205,0x2573c60a6d127755aa2dc85e342f7da2378a0cc5,48,1,24
206,0x2573c60a6d127755aa2dc85e342f7da2378a0cc5,3,1,3
207,0x2573c60a6d127755aa2dc85e342f7da2378a0cc5,49,2,25
208,0x2573c60a6d127755aa2dc85e342f7da2378a0cc5,52,2,25
209,0x2573c60a6d127755aa2dc85e342f7da2378a0cc5,53,1,25
210,0x2573c60a6d127755aa2dc85e342f7da2378a0cc5,57,1,26
211,0x2573c60a6d127755aa2dc85e342f7da2378a0cc5,58,1,26
212,0x2573c60a6d127755aa2dc85e342f7da2378a0cc5,59,0,26
213,0x2573c60a6d127755aa2dc85e342f7da2378a0cc5,60,1,25
214,0x2573c60a6d127755aa2dc85e342f7da2378a0cc5,61,1,25
215,0x2573c60a6d127755aa2dc85e342f7da2378a0cc5,62,1,25
216,0x2573c60a6d127755aa2dc85e342f7da2378a0cc5,63,1,26
217,0x2573c60a6d127755aa2dc85e342f7da2378a0cc5,64,1,26
218,0x2573c60a6d127755aa2dc85e342f7da2378a0cc5,4,1,3
219,0x2573c60a6d127755aa2dc85e342f7da2378a0cc5,65,1,26
220,0x2573c60a6d127755aa2dc85e342f7da2378a0cc5,67,1,26
221,0x2573c60a6d127755aa2dc85e342f7da2378a0cc5,68,1,26
222,0x2573c60a6d127755aa2dc85e342f7da2378a0cc5,69,1,26
223,0x2573c60a6d127755aa2dc85e342f7da2378a0cc5,71,1,27
224,0x2573c60a6d127755aa2dc85e342f7da2378a0cc5,72,2,27
225,0x2573c60a6d127755aa2dc85e342f7da2378a0cc5,73,1,28
226,0x2573c60a6d127755aa2dc85e342f7da2378a0cc5,75,1,28
227,0x2573c60a6d127755aa2dc85e342f7da2378a0cc5,77,1,28
228,0x2573c60a6d127755aa2dc85e342f7da2378a0cc5,78,2,29
229,0x2573c60a6d127755aa2dc85e342f7da2378a0cc5,5,1,5
230,0x2573c60a6d127755aa2dc85e342f7da2378a0cc5,81,0,29
231,0x2573c60a6d127755aa2dc85e342f7da2378a0cc5,82,1,29
232,0x2573c60a6d127755aa2dc85e342f7da2378a0cc5,83,1,29
233,0x2573c60a6d127755aa2dc85e342f7da2378a0cc5,85,1,30
234,0x2573c60a6d127755aa2dc85e342f7da2378a0cc5,87,1,29
235,0x2573c60a6d127755aa2dc85e342f7da2378a0cc5,89,0,29
236,0x2573c60a6d127755aa2dc85e342f7da2378a0cc5,90,1,30
237,0x2573c60a6d127755aa2dc85e342f7da2378a0cc5,91,1,30
238,0x2573c60a6d127755aa2dc85e342f7da2378a0cc5,92,1,30
239,0x2573c60a6d127755aa2dc85e342f7da2378a0cc5,93,0,30
240,0x2573c60a6d127755aa2dc85e342f7da2378a0cc5,95,1,30
241,0x2573c60a6d127755aa2dc85e342f7da2378a0cc5,6,1,5
242,0x2573c60a6d127755aa2dc85e342f7da2378a0cc5,97,1,31
243,0x2573c60a6d127755aa2dc85e342f7da2378a0cc5,107,0,10
244,0x2573c60a6d127755aa2dc85e342f7da2378a0cc5,8,1,6
245,0x2573c60a6d127755aa2dc85e342f7da2378a0cc5,9,1,6
246,0x2573c60a6d127755aa2dc85e342f7da2378a0cc5,10,1,7
247,0x2573c60a6d127755aa2dc85e342f7da2378a0cc5,11,1,7
248,0x2573c60a6d127755aa2dc85e342f7da2378a0cc5,12,1,7
249,0x2573c60a6d127755aa2dc85e342f7da2378a0cc5,14,1,8
250,0x2573c60a6d127755aa2dc85e342f7da2378a0cc5,15,1,9
251,0x2c6941d2174212656a512c7ab9e86e16ceaa6359,43,1,0
252,0x2c6941d2174212656a512c7ab9e86e16ceaa6359,55,0,1
253,0x2e32935bfd5b2718f99bc8fdf8b37c16811f7d97,108,0,1
254,0x2e32935bfd5b2718f99bc8fdf8b37c16811f7d97,109,1,1
255,0x2e32935bfd5b2718f99bc8fdf8b37c16811f7d97,110,1,1
256,0x2e5ccffbae934a9cb7e061fca7af01946e4e550e,9,1,1
257,0x2e5ccffbae934a9cb7e061fca7af01946e4e550e,10,1,1
258,0x2e5ccffbae934a9cb7e061fca7af01946e4e550e,12,1,1
259,0x2ef24ddbb0551f71e270eba4da94fe72f98c178a,26,1,0
260,0x2f8334822c7362f3d80fe731d3962d582d25bf5b,73,1,1
261,0x2f8334822c7362f3d80fe731d3962d582d25bf5b,74,2,1
262,0x2f8334822c7362f3d80fe731d3962d582d25bf5b,75,1,1
263,0x2f8334822c7362f3d80fe731d3962d582d25bf5b,77,1,1
264,0x32d1a53f6709a03f4b6cf4cb0501204ba188d4f5,30,0,1
265,0x32d1a53f6709a03f4b6cf4cb0501204ba188d4f5,33,0,1
266,0x32d1a53f6709a03f4b6cf4cb0501204ba188d4f5,35,1,1
267,0x32d1a53f6709a03f4b6cf4cb0501204ba188d4f5,37,1,1
268,0x32d1a53f6709a03f4b6cf4cb0501204ba188d4f5,40,1,1
269,0x32d1a53f6709a03f4b6cf4cb0501204ba188d4f5,41,1,1
270,0x32d1a53f6709a03f4b6cf4cb0501204ba188d4f5,42,1,1
271,0x32d1a53f6709a03f4b6cf4cb0501204ba188d4f5,44,2,1
272,0x32d1a53f6709a03f4b6cf4cb0501204ba188d4f5,45,1,1
273,0x32d1a53f6709a03f4b6cf4cb0501204ba188d4f5,46,1,1
274,0x32d1a53f6709a03f4b6cf4cb0501204ba188d4f5,47,2,1
275,0x32d1a53f6709a03f4b6cf4cb0501204ba188d4f5,48,1,1
276,0x32d1a53f6709a03f4b6cf4cb0501204ba188d4f5,49,0,1
277,0x32d1a53f6709a03f4b6cf4cb0501204ba188d4f5,51,1,1
278,0x32d1a53f6709a03f4b6cf4cb0501204ba188d4f5,52,0,1
279,0x32d1a53f6709a03f4b6cf4cb0501204ba188d4f5,54,1,1
280,0x32d1a53f6709a03f4b6cf4cb0501204ba188d4f5,55,0,1
281,0x32d1a53f6709a03f4b6cf4cb0501204ba188d4f5,56,2,1
282,0x32d1a53f6709a03f4b6cf4cb0501204ba188d4f5,57,2,1
283,0x32d1a53f6709a03f4b6cf4cb0501204ba188d4f5,58,1,1
284,0x32d1a53f6709a03f4b6cf4cb0501204ba188d4f5,59,0,1
285,0x32d1a53f6709a03f4b6cf4cb0501204ba188d4f5,60,1,1
286,0x32d1a53f6709a03f4b6cf4cb0501204ba188d4f5,61,1,1
287,0x32d1a53f6709a03f4b6cf4cb0501204ba188d4f5,62,1,1
288,0x32d1a53f6709a03f4b6cf4cb0501204ba188d4f5,63,2,1
289,0x32d1a53f6709a03f4b6cf4cb0501204ba188d4f5,64,1,1
290,0x32d1a53f6709a03f4b6cf4cb0501204ba188d4f5,65,1,1
291,0x32d1a53f6709a03f4b6cf4cb0501204ba188d4f5,67,1,1
292,0x32d1a53f6709a03f4b6cf4cb0501204ba188d4f5,68,1,1
293,0x32d1a53f6709a03f4b6cf4cb0501204ba188d4f5,69,1,1
294,0x32d1a53f6709a03f4b6cf4cb0501204ba188d4f5,70,1,1
295,0x32d1a53f6709a03f4b6cf4cb0501204ba188d4f5,72,2,1
296,0x32d1a53f6709a03f4b6cf4cb0501204ba188d4f5,77,1,1
297,0x32d1a53f6709a03f4b6cf4cb0501204ba188d4f5,82,0,1
298,0x32d1a53f6709a03f4b6cf4cb0501204ba188d4f5,83,1,1
299,0x33daf8e90cd1f214cc25a1865649e847254f2ece,45,1,1
300,0x33daf8e90cd1f214cc25a1865649e847254f2ece,95,1,1
301,0x33daf8e90cd1f214cc25a1865649e847254f2ece,6,1,1
302,0x33daf8e90cd1f214cc25a1865649e847254f2ece,99,1,1
303,0x33daf8e90cd1f214cc25a1865649e847254f2ece,100,1,1
304,0x33daf8e90cd1f214cc25a1865649e847254f2ece,101,1,1
305,0x33daf8e90cd1f214cc25a1865649e847254f2ece,102,1,1
306,0x33daf8e90cd1f214cc25a1865649e847254f2ece,103,1,1
307,0x33daf8e90cd1f214cc25a1865649e847254f2ece,104,1,1
308,0x33daf8e90cd1f214cc25a1865649e847254f2ece,9,1,1
309,0x33daf8e90cd1f214cc25a1865649e847254f2ece,11,1,1
310,0x33daf8e90cd1f214cc25a1865649e847254f2ece,12,1,1
311,0x33daf8e90cd1f214cc25a1865649e847254f2ece,13,1,1
312,0x347b43a9f6e5ef282c93005308b4bc45b79f5e61,89,0,1
313,0x347b43a9f6e5ef282c93005308b4bc45b79f5e61,90,1,1
314,0x347b43a9f6e5ef282c93005308b4bc45b79f5e61,91,1,1
315,0x347b43a9f6e5ef282c93005308b4bc45b79f5e61,94,0,1
316,0x347b43a9f6e5ef282c93005308b4bc45b79f5e61,95,1,1
317,0x3496f3600070cc01d9665d1057f6f39afc0fe149,83,2,2
318,0x353224270c2c9a7ecce7d8dba98a61587da6f50a,47,1,1
319,0x353224270c2c9a7ecce7d8dba98a61587da6f50a,51,1,1
320,0x353224270c2c9a7ecce7d8dba98a61587da6f50a,52,1,1
321,0x353224270c2c9a7ecce7d8dba98a61587da6f50a,53,1,1
322,0x353224270c2c9a7ecce7d8dba98a61587da6f50a,54,1,1
323,0x353224270c2c9a7ecce7d8dba98a61587da6f50a,55,2,1
324,0x353224270c2c9a7ecce7d8dba98a61587da6f50a,56,1,1
325,0x353224270c2c9a7ecce7d8dba98a61587da6f50a,61,1,1
326,0x353224270c2c9a7ecce7d8dba98a61587da6f50a,62,1,1
327,0x353224270c2c9a7ecce7d8dba98a61587da6f50a,72,1,1
328,0x353224270c2c9a7ecce7d8dba98a61587da6f50a,73,1,1
329,0x353224270c2c9a7ecce7d8dba98a61587da6f50a,75,1,1
330,0x353224270c2c9a7ecce7d8dba98a61587da6f50a,77,1,1
331,0x353224270c2c9a7ecce7d8dba98a61587da6f50a,82,1,1
332,0x353224270c2c9a7ecce7d8dba98a61587da6f50a,83,1,1
333,0x353224270c2c9a7ecce7d8dba98a61587da6f50a,84,1,1
334,0x353224270c2c9a7ecce7d8dba98a61587da6f50a,87,1,1
335,0x3612b2e93b49f6c797066ca8c38b7f522b32c7cb,17,1,1
336,0x3612b2e93b49f6c797066ca8c38b7f522b32c7cb,18,1,1
337,0x3612b2e93b49f6c797066ca8c38b7f522b32c7cb,29,1,1
338,0x3612b2e93b49f6c797066ca8c38b7f522b32c7cb,30,1,1
339,0x3612b2e93b49f6c797066ca8c38b7f522b32c7cb,33,1,1
340,0x3612b2e93b49f6c797066ca8c38b7f522b32c7cb,61,1,1
341,0x3612b2e93b49f6c797066ca8c38b7f522b32c7cb,14,1,1
342,0x36a5bc205df1ed65c86301022cfc343a6ce546ff,33,1,1
343,0x36a5bc205df1ed65c86301022cfc343a6ce546ff,42,1,1
344,0x36a5bc205df1ed65c86301022cfc343a6ce546ff,67,1,1
345,0x36a5bc205df1ed65c86301022cfc343a6ce546ff,69,1,1
346,0x36a5bc205df1ed65c86301022cfc343a6ce546ff,75,1,1
347,0x36a5bc205df1ed65c86301022cfc343a6ce546ff,78,0,1
348,0x36a5bc205df1ed65c86301022cfc343a6ce546ff,81,0,1
349,0x36a5bc205df1ed65c86301022cfc343a6ce546ff,82,1,1
350,0x36a5bc205df1ed65c86301022cfc343a6ce546ff,90,1,1
351,0x36a5bc205df1ed65c86301022cfc343a6ce546ff,91,1,1
352,0x36a5bc205df1ed65c86301022cfc343a6ce546ff,92,1,1
353,0x36a5bc205df1ed65c86301022cfc343a6ce546ff,99,1,1
354,0x36a5bc205df1ed65c86301022cfc343a6ce546ff,100,1,1
355,0x36a5bc205df1ed65c86301022cfc343a6ce546ff,102,1,2
356,0x36a5bc205df1ed65c86301022cfc343a6ce546ff,103,1,2
357,0x36a5bc205df1ed65c86301022cfc343a6ce546ff,105,1,2
358,0x387a161c6b25aa854100abaed39274e51aaffffd,51,2,1
359,0x387a161c6b25aa854100abaed39274e51aaffffd,52,1,1
360,0x387a161c6b25aa854100abaed39274e51aaffffd,53,1,1
361,0x387a161c6b25aa854100abaed39274e51aaffffd,56,1,1
362,0x387a161c6b25aa854100abaed39274e51aaffffd,57,1,1
363,0x387a161c6b25aa854100abaed39274e51aaffffd,61,1,1
364,0x387a161c6b25aa854100abaed39274e51aaffffd,62,1,1
365,0x387a161c6b25aa854100abaed39274e51aaffffd,63,1,1
366,0x387a161c6b25aa854100abaed39274e51aaffffd,64,1,1
367,0x387a161c6b25aa854100abaed39274e51aaffffd,65,1,1
368,0x387a161c6b25aa854100abaed39274e51aaffffd,67,1,1
369,0x387a161c6b25aa854100abaed39274e51aaffffd,68,1,1
370,0x387a161c6b25aa854100abaed39274e51aaffffd,69,1,1
371,0x387a161c6b25aa854100abaed39274e51aaffffd,70,1,1
372,0x387a161c6b25aa854100abaed39274e51aaffffd,71,1,1
373,0x387a161c6b25aa854100abaed39274e51aaffffd,72,1,1
374,0x387a161c6b25aa854100abaed39274e51aaffffd,75,1,1
375,0x387a161c6b25aa854100abaed39274e51aaffffd,81,0,1
376,0x387a161c6b25aa854100abaed39274e51aaffffd,82,1,1
377,0x387a161c6b25aa854100abaed39274e51aaffffd,83,1,1
378,0x387a161c6b25aa854100abaed39274e51aaffffd,84,1,1
379,0x387a161c6b25aa854100abaed39274e51aaffffd,85,1,1
380,0x3d209a7ddebd2ac83b5e6681d997bdf04d1b9b6b,103,1,1
381,0x3d209a7ddebd2ac83b5e6681d997bdf04d1b9b6b,105,1,1
382,0x3dbdf1a202d21aac3309d91dacfcef84b8873f7a,19,1,1
383,0x3dbdf1a202d21aac3309d91dacfcef84b8873f7a,21,1,1
384,0x3dbdf1a202d21aac3309d91dacfcef84b8873f7a,22,0,1
385,0x3dbdf1a202d21aac3309d91dacfcef84b8873f7a,23,1,1
386,0x3f58588b59da010031dd8a355dcd7de229663ebf,51,1,1
387,0x3f58588b59da010031dd8a355dcd7de229663ebf,52,1,1
388,0x3f58588b59da010031dd8a355dcd7de229663ebf,53,1,1
389,0x3f58588b59da010031dd8a355dcd7de229663ebf,55,1,1
390,0x3f58588b59da010031dd8a355dcd7de229663ebf,60,1,1
391,0x41f283465224c01b64bb14c86bceab80ae79fc95,25,1,0
392,0x43a330dec81bbd5e21f41c6b8354e54d481efc93,16,0,7
393,0x43a330dec81bbd5e21f41c6b8354e54d481efc93,17,1,9
394,0x43a330dec81bbd5e21f41c6b8354e54d481efc93,18,2,9
395,0x43a330dec81bbd5e21f41c6b8354e54d481efc93,20,1,9
396,0x43a330dec81bbd5e21f41c6b8354e54d481efc93,21,0,9
397,0x43a330dec81bbd5e21f41c6b8354e54d481efc93,22,2,9
398,0x43a330dec81bbd5e21f41c6b8354e54d481efc93,23,1,9
399,0x43a330dec81bbd5e21f41c6b8354e54d481efc93,35,1,9
400,0x43a330dec81bbd5e21f41c6b8354e54d481efc93,38,1,9
401,0x43a330dec81bbd5e21f41c6b8354e54d481efc93,5,1,2
402,0x43a330dec81bbd5e21f41c6b8354e54d481efc93,6,1,3
403,0x43a330dec81bbd5e21f41c6b8354e54d481efc93,7,1,4
404,0x43a330dec81bbd5e21f41c6b8354e54d481efc93,8,1,6
405,0x43a330dec81bbd5e21f41c6b8354e54d481efc93,10,1,6
406,0x43a330dec81bbd5e21f41c6b8354e54d481efc93,13,1,6
407,0x43a330dec81bbd5e21f41c6b8354e54d481efc93,15,1,7
408,0x44736f68f0a7a3b2244750997ac073a6a036e3e8,64,1,1
409,0x4680cb63563472cac10236c07d288580d8d7b52a,17,1,3
410,0x4680cb63563472cac10236c07d288580d8d7b52a,18,1,3
411,0x4680cb63563472cac10236c07d288580d8d7b52a,20,1,3
412,0x4680cb63563472cac10236c07d288580d8d7b52a,21,0,3
413,0x4680cb63563472cac10236c07d288580d8d7b52a,22,1,3
414,0x4754b7e3dede42d71d6c92978f25f306176ec7e9,29,1,2
415,0x4754b7e3dede42d71d6c92978f25f306176ec7e9,30,1,4
416,0x4754b7e3dede42d71d6c92978f25f306176ec7e9,33,1,5
417,0x4754b7e3dede42d71d6c92978f25f306176ec7e9,37,1,4
418,0x4754b7e3dede42d71d6c92978f25f306176ec7e9,38,1,6
419,0x4754b7e3dede42d71d6c92978f25f306176ec7e9,44,1,7
420,0x4754b7e3dede42d71d6c92978f25f306176ec7e9,45,1,7
421,0x4754b7e3dede42d71d6c92978f25f306176ec7e9,46,1,7
422,0x4754b7e3dede42d71d6c92978f25f306176ec7e9,47,1,6
423,0x4754b7e3dede42d71d6c92978f25f306176ec7e9,49,1,7
424,0x4754b7e3dede42d71d6c92978f25f306176ec7e9,50,0,6
425,0x4754b7e3dede42d71d6c92978f25f306176ec7e9,51,1,6
426,0x4754b7e3dede42d71d6c92978f25f306176ec7e9,52,1,6
427,0x4754b7e3dede42d71d6c92978f25f306176ec7e9,53,1,6
428,0x4754b7e3dede42d71d6c92978f25f306176ec7e9,54,1,6
429,0x4754b7e3dede42d71d6c92978f25f306176ec7e9,55,0,6
430,0x4754b7e3dede42d71d6c92978f25f306176ec7e9,56,1,6
431,0x4754b7e3dede42d71d6c92978f25f306176ec7e9,57,2,7
432,0x4754b7e3dede42d71d6c92978f25f306176ec7e9,58,0,11
433,0x4754b7e3dede42d71d6c92978f25f306176ec7e9,59,0,11
434,0x4754b7e3dede42d71d6c92978f25f306176ec7e9,61,1,14
435,0x4754b7e3dede42d71d6c92978f25f306176ec7e9,63,1,15
436,0x4754b7e3dede42d71d6c92978f25f306176ec7e9,64,1,16
437,0x4754b7e3dede42d71d6c92978f25f306176ec7e9,65,1,16
438,0x4754b7e3dede42d71d6c92978f25f306176ec7e9,67,1,16
439,0x4754b7e3dede42d71d6c92978f25f306176ec7e9,72,2,32
440,0x4754b7e3dede42d71d6c92978f25f306176ec7e9,73,1,36
441,0x4754b7e3dede42d71d6c92978f25f306176ec7e9,74,0,36
442,0x4754b7e3dede42d71d6c92978f25f306176ec7e9,75,1,37
443,0x4754b7e3dede42d71d6c92978f25f306176ec7e9,77,1,43
444,0x4754b7e3dede42d71d6c92978f25f306176ec7e9,78,0,42
445,0x4754b7e3dede42d71d6c92978f25f306176ec7e9,81,1,42
446,0x4754b7e3dede42d71d6c92978f25f306176ec7e9,82,1,42
447,0x4754b7e3dede42d71d6c92978f25f306176ec7e9,83,1,42
448,0x4754b7e3dede42d71d6c92978f25f306176ec7e9,84,1,42
449,0x4754b7e3dede42d71d6c92978f25f306176ec7e9,85,1,42
450,0x4754b7e3dede42d71d6c92978f25f306176ec7e9,86,2,43
451,0x4754b7e3dede42d71d6c92978f25f306176ec7e9,87,1,41
452,0x4754b7e3dede42d71d6c92978f25f306176ec7e9,89,0,39
453,0x4754b7e3dede42d71d6c92978f25f306176ec7e9,90,1,41
454,0x4754b7e3dede42d71d6c92978f25f306176ec7e9,91,1,41
455,0x4754b7e3dede42d71d6c92978f25f306176ec7e9,92,1,41
456,0x4754b7e3dede42d71d6c92978f25f306176ec7e9,93,1,28
457,0x4754b7e3dede42d71d6c92978f25f306176ec7e9,94,0,28
458,0x4754b7e3dede42d71d6c92978f25f306176ec7e9,95,1,29
459,0x4754b7e3dede42d71d6c92978f25f306176ec7e9,103,1,28
460,0x4754b7e3dede42d71d6c92978f25f306176ec7e9,104,0,28
461,0x4754b7e3dede42d71d6c92978f25f306176ec7e9,105,1,23
462,0x4754b7e3dede42d71d6c92978f25f306176ec7e9,106,1,24
463,0x4754b7e3dede42d71d6c92978f25f306176ec7e9,107,1,25
464,0x4754b7e3dede42d71d6c92978f25f306176ec7e9,108,1,26
465,0x4754b7e3dede42d71d6c92978f25f306176ec7e9,110,1,25
466,0x4754b7e3dede42d71d6c92978f25f306176ec7e9,111,1,25
467,0x47d4f20ae83bcd350105f199f900e6e6104dab6a,44,1,1
468,0x47d4f20ae83bcd350105f199f900e6e6104dab6a,87,1,1
469,0x48e3e06520ff208746b8555076f7af3e71af1a4f,16,1,1
470,0x48e3e06520ff208746b8555076f7af3e71af1a4f,17,1,1
471,0x48e3e06520ff208746b8555076f7af3e71af1a4f,18,2,1
472,0x48e3e06520ff208746b8555076f7af3e71af1a4f,21,1,1
473,0x48e3e06520ff208746b8555076f7af3e71af1a4f,22,0,1
474,0x48e3e06520ff208746b8555076f7af3e71af1a4f,27,1,1
475,0x48e3e06520ff208746b8555076f7af3e71af1a4f,28,1,1
476,0x48e3e06520ff208746b8555076f7af3e71af1a4f,33,1,1
477,0x48e3e06520ff208746b8555076f7af3e71af1a4f,38,1,1
478,0x48e3e06520ff208746b8555076f7af3e71af1a4f,9,1,1
479,0x48e3e06520ff208746b8555076f7af3e71af1a4f,12,1,1
480,0x48e3e06520ff208746b8555076f7af3e71af1a4f,13,1,1
481,0x48e3e06520ff208746b8555076f7af3e71af1a4f,14,1,1
482,0x48e3e06520ff208746b8555076f7af3e71af1a4f,15,1,1
483,0x4c00f62943546975354d3460d1759189460b44e7,75,1,2
484,0x4c5816d9a83ddd60c6ef8d1bef23bd0fb920d8c5,84,1,2
485,0x4c5816d9a83ddd60c6ef8d1bef23bd0fb920d8c5,85,1,2
486,0x4c5816d9a83ddd60c6ef8d1bef23bd0fb920d8c5,90,1,2
487,0x4c5816d9a83ddd60c6ef8d1bef23bd0fb920d8c5,91,1,2
488,0x4c5816d9a83ddd60c6ef8d1bef23bd0fb920d8c5,92,1,2
489,0x4c5816d9a83ddd60c6ef8d1bef23bd0fb920d8c5,105,1,2
490,0x501fea3b37837cde179d1c38595ea6d590becf2e,99,1,1
491,0x501fea3b37837cde179d1c38595ea6d590becf2e,102,1,1
492,0x501fea3b37837cde179d1c38595ea6d590becf2e,105,1,1
493,0x5306c064f74b2c45d3f1afae90cf0d74f7523fe4,49,0,0
494,0x54be3a794282c030b15e43ae2bb182e14c409c5e,1,1,1
495,0x54be3a794282c030b15e43ae2bb182e14c409c5e,2,1,1
496,0x54be3a794282c030b15e43ae2bb182e14c409c5e,3,1,1
497,0x56178626332fc530561535eeaa914b863aa455f2,42,1,1
498,0x565b93a15d38acd79c120b15432d21e21ed274d6,84,0,1
499,0x565b93a15d38acd79c120b15432d21e21ed274d6,107,1,1
500,0x583885492b1ac55e6633cdd89d03939033c96bf8,106,1,1
501,0x585f4fbe2d2a889c286fa71fb81d01f30773f4b1,49,0,2
502,0x58c5886ff71a053d8722aff86edae0fdc00cf0a0,18,1,1
503,0x58c5886ff71a053d8722aff86edae0fdc00cf0a0,21,0,1
504,0x58c5886ff71a053d8722aff86edae0fdc00cf0a0,22,1,1
505,0x5be068c777f27df1eb6d8871b90dce0afd955ee8,46,1,0
506,0x5c503df9051b1dbb941f3046cb293c97d7cef4ad,36,0,1
507,0x5c6e1b0e60d4a1493ca8dd9bbf7a31d65eeec094,107,1,1
508,0x5c6e1b0e60d4a1493ca8dd9bbf7a31d65eeec094,108,1,1
509,0x5ca6a2e5f53a48616d4ead87ff6034fc032d4722,46,1,1
510,0x5ca6a2e5f53a48616d4ead87ff6034fc032d4722,49,0,1
511,0x5ca6a2e5f53a48616d4ead87ff6034fc032d4722,51,1,1
512,0x5ca6a2e5f53a48616d4ead87ff6034fc032d4722,54,1,1
513,0x5ca6a2e5f53a48616d4ead87ff6034fc032d4722,56,1,1
514,0x5ca6a2e5f53a48616d4ead87ff6034fc032d4722,57,1,1
515,0x5ca6a2e5f53a48616d4ead87ff6034fc032d4722,59,0,1
516,0x5ca6a2e5f53a48616d4ead87ff6034fc032d4722,60,1,1
517,0x5ca6a2e5f53a48616d4ead87ff6034fc032d4722,61,1,1
518,0x5ca6a2e5f53a48616d4ead87ff6034fc032d4722,62,1,1
519,0x5ca6a2e5f53a48616d4ead87ff6034fc032d4722,64,0,1
520,0x5ca6a2e5f53a48616d4ead87ff6034fc032d4722,65,0,1
521,0x5ca6a2e5f53a48616d4ead87ff6034fc032d4722,67,1,1
522,0x5ca6a2e5f53a48616d4ead87ff6034fc032d4722,68,1,1
523,0x5ca6a2e5f53a48616d4ead87ff6034fc032d4722,70,1,1
524,0x5ca6a2e5f53a48616d4ead87ff6034fc032d4722,72,0,1
525,0x5ca6a2e5f53a48616d4ead87ff6034fc032d4722,74,0,1
526,0x5ca6a2e5f53a48616d4ead87ff6034fc032d4722,77,1,1
527,0x5ca6a2e5f53a48616d4ead87ff6034fc032d4722,89,0,1
528,0x5ca6a2e5f53a48616d4ead87ff6034fc032d4722,90,1,1
529,0x5ca6a2e5f53a48616d4ead87ff6034fc032d4722,107,0,1
530,0x5ca6a2e5f53a48616d4ead87ff6034fc032d4722,108,0,1
531,0x5ca6a2e5f53a48616d4ead87ff6034fc032d4722,109,1,1
532,0x5ca6a2e5f53a48616d4ead87ff6034fc032d4722,110,1,1
533,0x5ca6a2e5f53a48616d4ead87ff6034fc032d4722,111,1,1
534,0x5d802e2fe48392c104ce0401c7eca8a4456f1f16,95,1,14
535,0x5d802e2fe48392c104ce0401c7eca8a4456f1f16,97,1,14
536,0x5d802e2fe48392c104ce0401c7eca8a4456f1f16,99,1,14
537,0x5d802e2fe48392c104ce0401c7eca8a4456f1f16,101,2,14
538,0x5d802e2fe48392c104ce0401c7eca8a4456f1f16,102,1,12
539,0x5d802e2fe48392c104ce0401c7eca8a4456f1f16,103,1,12
540,0x5d802e2fe48392c104ce0401c7eca8a4456f1f16,104,1,12
541,0x5d802e2fe48392c104ce0401c7eca8a4456f1f16,108,1,11
542,0x5d802e2fe48392c104ce0401c7eca8a4456f1f16,111,1,11
543,0x5edf575176dc43fe9e18b55a67a3e4a018eb4f5b,75,1,1
544,0x5edf575176dc43fe9e18b55a67a3e4a018eb4f5b,77,1,1
545,0x5edf575176dc43fe9e18b55a67a3e4a018eb4f5b,81,0,1
546,0x5edf575176dc43fe9e18b55a67a3e4a018eb4f5b,82,1,1
547,0x5edf575176dc43fe9e18b55a67a3e4a018eb4f5b,83,1,1
548,0x6223bc5fd16a19bcfae2281dde47861cfe1023ee,100,1,2
549,0x6223bc5fd16a19bcfae2281dde47861cfe1023ee,101,1,2
550,0x6223bc5fd16a19bcfae2281dde47861cfe1023ee,105,1,2
551,0x6223bc5fd16a19bcfae2281dde47861cfe1023ee,107,0,2
552,0x6223bc5fd16a19bcfae2281dde47861cfe1023ee,108,1,2
553,0x64e9cd118aa8d45c20efeeefd68679372f5e48dc,54,1,1
554,0x64e9cd118aa8d45c20efeeefd68679372f5e48dc,85,1,2
555,0x64e9cd118aa8d45c20efeeefd68679372f5e48dc,89,1,2
556,0x64e9cd118aa8d45c20efeeefd68679372f5e48dc,90,1,2
557,0x64e9cd118aa8d45c20efeeefd68679372f5e48dc,103,1,1
558,0x64e9cd118aa8d45c20efeeefd68679372f5e48dc,104,1,1
559,0x6924686b3dcd04ae8ef91a3feccc262d020f519d,29,1,1
560,0x6924686b3dcd04ae8ef91a3feccc262d020f519d,52,1,1
561,0x6924686b3dcd04ae8ef91a3feccc262d020f519d,53,1,1
562,0x6937db08db977c734fc1ce884d2915b05147f845,105,1,1
563,0x6937db08db977c734fc1ce884d2915b05147f845,108,1,1
564,0x6937db08db977c734fc1ce884d2915b05147f845,109,1,1
565,0x696ed7b26f4b019ceec78dc8b9140ad64a6f354b,16,1,5
566,0x696ed7b26f4b019ceec78dc8b9140ad64a6f354b,17,1,6
567,0x696ed7b26f4b019ceec78dc8b9140ad64a6f354b,18,0,6
568,0x696ed7b26f4b019ceec78dc8b9140ad64a6f354b,19,1,8
569,0x696ed7b26f4b019ceec78dc8b9140ad64a6f354b,20,1,9
570,0x696ed7b26f4b019ceec78dc8b9140ad64a6f354b,21,1,9
571,0x696ed7b26f4b019ceec78dc8b9140ad64a6f354b,22,0,10
572,0x696ed7b26f4b019ceec78dc8b9140ad64a6f354b,23,1,10
573,0x696ed7b26f4b019ceec78dc8b9140ad64a6f354b,24,0,10
574,0x696ed7b26f4b019ceec78dc8b9140ad64a6f354b,25,1,10
575,0x696ed7b26f4b019ceec78dc8b9140ad64a6f354b,26,1,10
576,0x696ed7b26f4b019ceec78dc8b9140ad64a6f354b,27,1,10
577,0x696ed7b26f4b019ceec78dc8b9140ad64a6f354b,28,1,11
578,0x696ed7b26f4b019ceec78dc8b9140ad64a6f354b,29,1,12
579,0x696ed7b26f4b019ceec78dc8b9140ad64a6f354b,31,1,12
580,0x696ed7b26f4b019ceec78dc8b9140ad64a6f354b,32,1,12
581,0x696ed7b26f4b019ceec78dc8b9140ad64a6f354b,33,1,13
582,0x696ed7b26f4b019ceec78dc8b9140ad64a6f354b,34,1,13
583,0x696ed7b26f4b019ceec78dc8b9140ad64a6f354b,35,1,14
584,0x696ed7b26f4b019ceec78dc8b9140ad64a6f354b,36,1,14
585,0x696ed7b26f4b019ceec78dc8b9140ad64a6f354b,37,0,14
586,0x696ed7b26f4b019ceec78dc8b9140ad64a6f354b,38,1,14
587,0x696ed7b26f4b019ceec78dc8b9140ad64a6f354b,39,1,15
588,0x696ed7b26f4b019ceec78dc8b9140ad64a6f354b,40,1,14
589,0x696ed7b26f4b019ceec78dc8b9140ad64a6f354b,41,1,14
590,0x696ed7b26f4b019ceec78dc8b9140ad64a6f354b,43,1,13
591,0x696ed7b26f4b019ceec78dc8b9140ad64a6f354b,44,1,15
592,0x696ed7b26f4b019ceec78dc8b9140ad64a6f354b,45,1,12
593,0x696ed7b26f4b019ceec78dc8b9140ad64a6f354b,46,1,12
594,0x696ed7b26f4b019ceec78dc8b9140ad64a6f354b,47,1,13
595,0x696ed7b26f4b019ceec78dc8b9140ad64a6f354b,48,1,13
596,0x696ed7b26f4b019ceec78dc8b9140ad64a6f354b,49,1,13
597,0x696ed7b26f4b019ceec78dc8b9140ad64a6f354b,51,1,10
598,0x696ed7b26f4b019ceec78dc8b9140ad64a6f354b,52,1,10
599,0x696ed7b26f4b019ceec78dc8b9140ad64a6f354b,53,1,10
600,0x696ed7b26f4b019ceec78dc8b9140ad64a6f354b,54,1,10
601,0x696ed7b26f4b019ceec78dc8b9140ad64a6f354b,55,0,10
602,0x696ed7b26f4b019ceec78dc8b9140ad64a6f354b,57,1,9
603,0x696ed7b26f4b019ceec78dc8b9140ad64a6f354b,58,1,9
604,0x696ed7b26f4b019ceec78dc8b9140ad64a6f354b,59,0,9
605,0x696ed7b26f4b019ceec78dc8b9140ad64a6f354b,60,1,8
606,0x696ed7b26f4b019ceec78dc8b9140ad64a6f354b,61,1,8
607,0x696ed7b26f4b019ceec78dc8b9140ad64a6f354b,62,1,8
608,0x696ed7b26f4b019ceec78dc8b9140ad64a6f354b,67,1,7
609,0x696ed7b26f4b019ceec78dc8b9140ad64a6f354b,68,1,7
610,0x696ed7b26f4b019ceec78dc8b9140ad64a6f354b,69,1,7
611,0x696ed7b26f4b019ceec78dc8b9140ad64a6f354b,70,1,7
612,0x696ed7b26f4b019ceec78dc8b9140ad64a6f354b,72,1,6
613,0x696ed7b26f4b019ceec78dc8b9140ad64a6f354b,75,1,6
614,0x696ed7b26f4b019ceec78dc8b9140ad64a6f354b,81,0,6
615,0x696ed7b26f4b019ceec78dc8b9140ad64a6f354b,82,0,6
616,0x696ed7b26f4b019ceec78dc8b9140ad64a6f354b,83,1,6
617,0x696ed7b26f4b019ceec78dc8b9140ad64a6f354b,86,2,6
618,0x696ed7b26f4b019ceec78dc8b9140ad64a6f354b,87,1,6
619,0x696ed7b26f4b019ceec78dc8b9140ad64a6f354b,89,1,6
620,0x696ed7b26f4b019ceec78dc8b9140ad64a6f354b,93,0,6
621,0x696ed7b26f4b019ceec78dc8b9140ad64a6f354b,94,1,6
622,0x696ed7b26f4b019ceec78dc8b9140ad64a6f354b,95,1,6
623,0x696ed7b26f4b019ceec78dc8b9140ad64a6f354b,105,1,6
624,0x696ed7b26f4b019ceec78dc8b9140ad64a6f354b,106,1,6
625,0x696ed7b26f4b019ceec78dc8b9140ad64a6f354b,14,1,4
626,0x696ed7b26f4b019ceec78dc8b9140ad64a6f354b,15,1,5
627,0x6a693a682f8cfea669c3170814d875107cb3accb,75,0,1
628,0x6a693a682f8cfea669c3170814d875107cb3accb,81,1,1
629,0x6c0cf880cb20eefabfb09341fba9e2bd29ad3dfa,17,1,1
630,0x6c0cf880cb20eefabfb09341fba9e2bd29ad3dfa,18,1,1
631,0x6c0cf880cb20eefabfb09341fba9e2bd29ad3dfa,9,1,1
632,0x6c0cf880cb20eefabfb09341fba9e2bd29ad3dfa,11,1,1
633,0x6c0cf880cb20eefabfb09341fba9e2bd29ad3dfa,12,1,1
634,0x6c0cf880cb20eefabfb09341fba9e2bd29ad3dfa,13,1,1
635,0x6c0cf880cb20eefabfb09341fba9e2bd29ad3dfa,15,1,1
636,0x6d40c2da94c6522e361904383c37c605f39b8e73,48,1,2
637,0x6d40c2da94c6522e361904383c37c605f39b8e73,49,1,2
638,0x6d40c2da94c6522e361904383c37c605f39b8e73,51,1,5
639,0x6d40c2da94c6522e361904383c37c605f39b8e73,52,1,5
640,0x6d40c2da94c6522e361904383c37c605f39b8e73,53,1,5
641,0x6d40c2da94c6522e361904383c37c605f39b8e73,54,1,5
642,0x6d40c2da94c6522e361904383c37c605f39b8e73,55,0,5
643,0x6d40c2da94c6522e361904383c37c605f39b8e73,60,1,6
644,0x6d40c2da94c6522e361904383c37c605f39b8e73,61,1,6
645,0x6d40c2da94c6522e361904383c37c605f39b8e73,62,1,6
646,0x6d40c2da94c6522e361904383c37c605f39b8e73,67,1,7
647,0x6d40c2da94c6522e361904383c37c605f39b8e73,68,1,7
648,0x6d40c2da94c6522e361904383c37c605f39b8e73,69,1,7
649,0x6d40c2da94c6522e361904383c37c605f39b8e73,70,1,7
650,0x6d40c2da94c6522e361904383c37c605f39b8e73,81,0,7
651,0x6d40c2da94c6522e361904383c37c605f39b8e73,82,0,7
652,0x6d40c2da94c6522e361904383c37c605f39b8e73,83,1,7
653,0x6d40c2da94c6522e361904383c37c605f39b8e73,89,1,7
654,0x6d40c2da94c6522e361904383c37c605f39b8e73,93,0,7
655,0x6d40c2da94c6522e361904383c37c605f39b8e73,94,1,7
656,0x6d40c2da94c6522e361904383c37c605f39b8e73,95,1,7
657,0x6f9e3976fa3b5b22761fe5d635e1f0d9d9aeb85d,16,1,1
658,0x6f9e3976fa3b5b22761fe5d635e1f0d9d9aeb85d,17,1,1
659,0x6f9e3976fa3b5b22761fe5d635e1f0d9d9aeb85d,18,1,1
660,0x6f9e3976fa3b5b22761fe5d635e1f0d9d9aeb85d,19,1,1
661,0x6f9e3976fa3b5b22761fe5d635e1f0d9d9aeb85d,20,1,1
662,0x6f9e3976fa3b5b22761fe5d635e1f0d9d9aeb85d,21,1,1
663,0x6f9e3976fa3b5b22761fe5d635e1f0d9d9aeb85d,22,1,1
664,0x6f9e3976fa3b5b22761fe5d635e1f0d9d9aeb85d,25,1,1
665,0x6f9e3976fa3b5b22761fe5d635e1f0d9d9aeb85d,26,1,1
666,0x6f9e3976fa3b5b22761fe5d635e1f0d9d9aeb85d,27,1,1
667,0x6f9e3976fa3b5b22761fe5d635e1f0d9d9aeb85d,31,1,1
668,0x6f9e3976fa3b5b22761fe5d635e1f0d9d9aeb85d,33,1,1
669,0x6f9e3976fa3b5b22761fe5d635e1f0d9d9aeb85d,34,1,1
670,0x6f9e3976fa3b5b22761fe5d635e1f0d9d9aeb85d,35,1,1
671,0x6f9e3976fa3b5b22761fe5d635e1f0d9d9aeb85d,37,1,1
672,0x6f9e3976fa3b5b22761fe5d635e1f0d9d9aeb85d,38,1,1
673,0x6f9e3976fa3b5b22761fe5d635e1f0d9d9aeb85d,39,1,1
674,0x6f9e3976fa3b5b22761fe5d635e1f0d9d9aeb85d,40,1,1
675,0x6f9e3976fa3b5b22761fe5d635e1f0d9d9aeb85d,42,1,1
676,0x6f9e3976fa3b5b22761fe5d635e1f0d9d9aeb85d,43,1,1
677,0x6f9e3976fa3b5b22761fe5d635e1f0d9d9aeb85d,45,1,1
678,0x6f9e3976fa3b5b22761fe5d635e1f0d9d9aeb85d,46,1,1
679,0x6f9e3976fa3b5b22761fe5d635e1f0d9d9aeb85d,51,1,1
680,0x6f9e3976fa3b5b22761fe5d635e1f0d9d9aeb85d,52,0,1
681,0x6f9e3976fa3b5b22761fe5d635e1f0d9d9aeb85d,57,2,1
682,0x6f9e3976fa3b5b22761fe5d635e1f0d9d9aeb85d,61,1,1
683,0x6f9e3976fa3b5b22761fe5d635e1f0d9d9aeb85d,62,1,1
684,0x6f9e3976fa3b5b22761fe5d635e1f0d9d9aeb85d,63,1,1
685,0x6f9e3976fa3b5b22761fe5d635e1f0d9d9aeb85d,64,1,1
686,0x6f9e3976fa3b5b22761fe5d635e1f0d9d9aeb85d,67,1,1
687,0x6f9e3976fa3b5b22761fe5d635e1f0d9d9aeb85d,71,1,1
688,0x6f9e3976fa3b5b22761fe5d635e1f0d9d9aeb85d,72,1,1
689,0x6f9e3976fa3b5b22761fe5d635e1f0d9d9aeb85d,73,1,1
690,0x6f9e3976fa3b5b22761fe5d635e1f0d9d9aeb85d,75,1,1
691,0x6f9e3976fa3b5b22761fe5d635e1f0d9d9aeb85d,5,1,1
692,0x6f9e3976fa3b5b22761fe5d635e1f0d9d9aeb85d,81,0,1
693,0x6f9e3976fa3b5b22761fe5d635e1f0d9d9aeb85d,82,1,1
694,0x6f9e3976fa3b5b22761fe5d635e1f0d9d9aeb85d,83,1,1
695,0x6f9e3976fa3b5b22761fe5d635e1f0d9d9aeb85d,87,1,1
696,0x6f9e3976fa3b5b22761fe5d635e1f0d9d9aeb85d,90,1,1
697,0x6f9e3976fa3b5b22761fe5d635e1f0d9d9aeb85d,91,1,1
698,0x6f9e3976fa3b5b22761fe5d635e1f0d9d9aeb85d,92,1,1
699,0x6f9e3976fa3b5b22761fe5d635e1f0d9d9aeb85d,6,1,1
700,0x6f9e3976fa3b5b22761fe5d635e1f0d9d9aeb85d,98,1,1
701,0x6f9e3976fa3b5b22761fe5d635e1f0d9d9aeb85d,99,1,1
702,0x6f9e3976fa3b5b22761fe5d635e1f0d9d9aeb85d,100,1,1
703,0x6f9e3976fa3b5b22761fe5d635e1f0d9d9aeb85d,101,1,1
704,0x6f9e3976fa3b5b22761fe5d635e1f0d9d9aeb85d,103,1,1
705,0x6f9e3976fa3b5b22761fe5d635e1f0d9d9aeb85d,104,1,1
706,0x6f9e3976fa3b5b22761fe5d635e1f0d9d9aeb85d,108,1,1
707,0x6f9e3976fa3b5b22761fe5d635e1f0d9d9aeb85d,109,1,1
708,0x6f9e3976fa3b5b22761fe5d635e1f0d9d9aeb85d,110,1,1
709,0x6f9e3976fa3b5b22761fe5d635e1f0d9d9aeb85d,111,1,1
710,0x6f9e3976fa3b5b22761fe5d635e1f0d9d9aeb85d,7,1,1
711,0x6f9e3976fa3b5b22761fe5d635e1f0d9d9aeb85d,11,1,1
712,0x6f9e3976fa3b5b22761fe5d635e1f0d9d9aeb85d,12,1,1
713,0x6f9e3976fa3b5b22761fe5d635e1f0d9d9aeb85d,13,1,1
714,0x6f9e3976fa3b5b22761fe5d635e1f0d9d9aeb85d,14,1,1
715,0x6f9e3976fa3b5b22761fe5d635e1f0d9d9aeb85d,15,1,1
716,0x73222225044ce0fc672ff9b6f9730d0a0421382c,37,1,1
717,0x73222225044ce0fc672ff9b6f9730d0a0421382c,38,1,1
718,0x73222225044ce0fc672ff9b6f9730d0a0421382c,39,1,1
719,0x73222225044ce0fc672ff9b6f9730d0a0421382c,40,1,1
720,0x73222225044ce0fc672ff9b6f9730d0a0421382c,42,1,1
721,0x73222225044ce0fc672ff9b6f9730d0a0421382c,43,1,1
722,0x73222225044ce0fc672ff9b6f9730d0a0421382c,44,1,1
723,0x73222225044ce0fc672ff9b6f9730d0a0421382c,46,1,1
724,0x73222225044ce0fc672ff9b6f9730d0a0421382c,47,1,1
725,0x73222225044ce0fc672ff9b6f9730d0a0421382c,48,1,1
726,0x73222225044ce0fc672ff9b6f9730d0a0421382c,49,2,1
727,0x73222225044ce0fc672ff9b6f9730d0a0421382c,90,1,1
728,0x73222225044ce0fc672ff9b6f9730d0a0421382c,91,1,1
729,0x73222225044ce0fc672ff9b6f9730d0a0421382c,92,1,1
730,0x73222225044ce0fc672ff9b6f9730d0a0421382c,93,1,1
731,0x73222225044ce0fc672ff9b6f9730d0a0421382c,94,1,1
732,0x73222225044ce0fc672ff9b6f9730d0a0421382c,95,1,1
733,0x73222225044ce0fc672ff9b6f9730d0a0421382c,103,1,1
734,0x73222225044ce0fc672ff9b6f9730d0a0421382c,104,1,1
735,0x73222225044ce0fc672ff9b6f9730d0a0421382c,108,1,1
736,0x73222225044ce0fc672ff9b6f9730d0a0421382c,109,1,1
737,0x73222225044ce0fc672ff9b6f9730d0a0421382c,110,1,1
738,0x75ee6eb3d8dacf41ee2e5307090b197d3e1cca6e,17,1,2
739,0x75ee6eb3d8dacf41ee2e5307090b197d3e1cca6e,18,1,2
740,0x75ee6eb3d8dacf41ee2e5307090b197d3e1cca6e,20,1,2
741,0x75ee6eb3d8dacf41ee2e5307090b197d3e1cca6e,21,1,2
742,0x75ee6eb3d8dacf41ee2e5307090b197d3e1cca6e,22,1,2
743,0x75ee6eb3d8dacf41ee2e5307090b197d3e1cca6e,23,1,2
744,0x75ee6eb3d8dacf41ee2e5307090b197d3e1cca6e,24,0,2
745,0x75ee6eb3d8dacf41ee2e5307090b197d3e1cca6e,25,1,2
746,0x75ee6eb3d8dacf41ee2e5307090b197d3e1cca6e,27,1,2
747,0x75ee6eb3d8dacf41ee2e5307090b197d3e1cca6e,29,1,2
748,0x75ee6eb3d8dacf41ee2e5307090b197d3e1cca6e,30,1,2
749,0x75ee6eb3d8dacf41ee2e5307090b197d3e1cca6e,31,1,2
750,0x75ee6eb3d8dacf41ee2e5307090b197d3e1cca6e,33,1,2
751,0x75ee6eb3d8dacf41ee2e5307090b197d3e1cca6e,34,1,2
752,0x75ee6eb3d8dacf41ee2e5307090b197d3e1cca6e,35,1,2
753,0x75ee6eb3d8dacf41ee2e5307090b197d3e1cca6e,36,1,2
754,0x75ee6eb3d8dacf41ee2e5307090b197d3e1cca6e,38,1,2
755,0x75ee6eb3d8dacf41ee2e5307090b197d3e1cca6e,39,1,2
756,0x75ee6eb3d8dacf41ee2e5307090b197d3e1cca6e,40,1,2
757,0x75ee6eb3d8dacf41ee2e5307090b197d3e1cca6e,44,1,2
758,0x75ee6eb3d8dacf41ee2e5307090b197d3e1cca6e,47,1,2
759,0x75ee6eb3d8dacf41ee2e5307090b197d3e1cca6e,48,1,2
760,0x75ee6eb3d8dacf41ee2e5307090b197d3e1cca6e,3,1,1
761,0x75ee6eb3d8dacf41ee2e5307090b197d3e1cca6e,61,1,2
762,0x75ee6eb3d8dacf41ee2e5307090b197d3e1cca6e,5,1,1
763,0x75ee6eb3d8dacf41ee2e5307090b197d3e1cca6e,84,1,2
764,0x75ee6eb3d8dacf41ee2e5307090b197d3e1cca6e,85,1,2
765,0x75ee6eb3d8dacf41ee2e5307090b197d3e1cca6e,89,0,2
766,0x75ee6eb3d8dacf41ee2e5307090b197d3e1cca6e,90,1,2
767,0x75ee6eb3d8dacf41ee2e5307090b197d3e1cca6e,91,1,2
768,0x75ee6eb3d8dacf41ee2e5307090b197d3e1cca6e,92,1,2
769,0x75ee6eb3d8dacf41ee2e5307090b197d3e1cca6e,94,0,2
770,0x75ee6eb3d8dacf41ee2e5307090b197d3e1cca6e,95,1,2
771,0x75ee6eb3d8dacf41ee2e5307090b197d3e1cca6e,6,1,1
772,0x75ee6eb3d8dacf41ee2e5307090b197d3e1cca6e,97,0,2
773,0x75ee6eb3d8dacf41ee2e5307090b197d3e1cca6e,99,1,2
774,0x75ee6eb3d8dacf41ee2e5307090b197d3e1cca6e,103,1,2
775,0x75ee6eb3d8dacf41ee2e5307090b197d3e1cca6e,105,1,2
776,0x75ee6eb3d8dacf41ee2e5307090b197d3e1cca6e,106,1,11
777,0x75ee6eb3d8dacf41ee2e5307090b197d3e1cca6e,107,1,11
778,0x75ee6eb3d8dacf41ee2e5307090b197d3e1cca6e,108,1,12
779,0x75ee6eb3d8dacf41ee2e5307090b197d3e1cca6e,110,1,12
780,0x75ee6eb3d8dacf41ee2e5307090b197d3e1cca6e,111,1,13
781,0x75ee6eb3d8dacf41ee2e5307090b197d3e1cca6e,8,1,1
782,0x75ee6eb3d8dacf41ee2e5307090b197d3e1cca6e,9,1,1
783,0x75ee6eb3d8dacf41ee2e5307090b197d3e1cca6e,11,1,1
784,0x75ee6eb3d8dacf41ee2e5307090b197d3e1cca6e,12,1,1
785,0x75ee6eb3d8dacf41ee2e5307090b197d3e1cca6e,13,1,1
786,0x7bee754c1b75917cadc51e23f69304419970b04f,44,1,1
787,0x7d81478ad18ad375e53de6f74f3122f6be3499ca,89,0,1
788,0x7d81478ad18ad375e53de6f74f3122f6be3499ca,90,1,1
789,0x7d81478ad18ad375e53de6f74f3122f6be3499ca,91,1,1
790,0x7d81478ad18ad375e53de6f74f3122f6be3499ca,92,1,1
791,0x7d81478ad18ad375e53de6f74f3122f6be3499ca,93,1,1
792,0x7d81478ad18ad375e53de6f74f3122f6be3499ca,94,1,1
793,0x7dd5b92716542ab2442030df6d87cec437a51ded,103,1,1
794,0x7dd5b92716542ab2442030df6d87cec437a51ded,105,1,1
795,0x7dd5b92716542ab2442030df6d87cec437a51ded,108,0,1
796,0x7f33beaa131a6896b97e27c505c532ce40f88f33,37,1,1
797,0x7fa020f063b3a06153ed755cee5923039efb86a3,65,1,1
798,0x7fa020f063b3a06153ed755cee5923039efb86a3,73,1,7
799,0x7fa020f063b3a06153ed755cee5923039efb86a3,75,1,7
800,0x7fa020f063b3a06153ed755cee5923039efb86a3,81,1,8
801,0x7fa020f063b3a06153ed755cee5923039efb86a3,82,1,8
802,0x7fa020f063b3a06153ed755cee5923039efb86a3,87,1,10
803,0x81974c1a09e53c5129c6e4f74e547fda0adf4d2d,29,1,1
804,0x81974c1a09e53c5129c6e4f74e547fda0adf4d2d,30,1,1
805,0x8321795bdace7428d4fadfa30c2ee8e727e491e5,89,2,1
806,0x8321795bdace7428d4fadfa30c2ee8e727e491e5,90,1,1
807,0x8321795bdace7428d4fadfa30c2ee8e727e491e5,91,1,1
808,0x8321795bdace7428d4fadfa30c2ee8e727e491e5,92,1,1
809,0x8321795bdace7428d4fadfa30c2ee8e727e491e5,93,1,1
810,0x8321795bdace7428d4fadfa30c2ee8e727e491e5,94,1,1
811,0x8321795bdace7428d4fadfa30c2ee8e727e491e5,95,1,1
812,0x8323f1c687f7e2296ec71ee3549a7430ea7ec730,28,1,1
813,0x8323f1c687f7e2296ec71ee3549a7430ea7ec730,29,1,1
814,0x8323f1c687f7e2296ec71ee3549a7430ea7ec730,31,1,1
815,0x8323f1c687f7e2296ec71ee3549a7430ea7ec730,33,1,1
816,0x8323f1c687f7e2296ec71ee3549a7430ea7ec730,37,1,1
817,0x8323f1c687f7e2296ec71ee3549a7430ea7ec730,40,1,1
818,0x8323f1c687f7e2296ec71ee3549a7430ea7ec730,42,1,1
819,0x8323f1c687f7e2296ec71ee3549a7430ea7ec730,43,1,1
820,0x8323f1c687f7e2296ec71ee3549a7430ea7ec730,51,1,1
821,0x8323f1c687f7e2296ec71ee3549a7430ea7ec730,53,1,1
822,0x8323f1c687f7e2296ec71ee3549a7430ea7ec730,56,1,1
823,0x8323f1c687f7e2296ec71ee3549a7430ea7ec730,58,1,1
824,0x8323f1c687f7e2296ec71ee3549a7430ea7ec730,61,1,1
825,0x8323f1c687f7e2296ec71ee3549a7430ea7ec730,62,1,1
826,0x8323f1c687f7e2296ec71ee3549a7430ea7ec730,63,1,1
827,0x8323f1c687f7e2296ec71ee3549a7430ea7ec730,67,1,1
828,0x8323f1c687f7e2296ec71ee3549a7430ea7ec730,73,1,1
829,0x8323f1c687f7e2296ec71ee3549a7430ea7ec730,74,0,1
830,0x8323f1c687f7e2296ec71ee3549a7430ea7ec730,75,1,1
831,0x8323f1c687f7e2296ec71ee3549a7430ea7ec730,77,1,1
832,0x8323f1c687f7e2296ec71ee3549a7430ea7ec730,78,0,1
833,0x8323f1c687f7e2296ec71ee3549a7430ea7ec730,81,0,1
834,0x8323f1c687f7e2296ec71ee3549a7430ea7ec730,82,1,1
835,0x8323f1c687f7e2296ec71ee3549a7430ea7ec730,83,1,1
836,0x83fcfe8ba2fece9578f0bbafed4ebf5e915045b9,17,1,1
837,0x83fcfe8ba2fece9578f0bbafed4ebf5e915045b9,18,1,1
838,0x83fcfe8ba2fece9578f0bbafed4ebf5e915045b9,20,1,1
839,0x83fcfe8ba2fece9578f0bbafed4ebf5e915045b9,21,1,1
840,0x83fcfe8ba2fece9578f0bbafed4ebf5e915045b9,22,1,2
841,0x83fcfe8ba2fece9578f0bbafed4ebf5e915045b9,24,0,2
842,0x83fcfe8ba2fece9578f0bbafed4ebf5e915045b9,28,1,4
843,0x83fcfe8ba2fece9578f0bbafed4ebf5e915045b9,29,1,5
844,0x83fcfe8ba2fece9578f0bbafed4ebf5e915045b9,30,1,5
845,0x83fcfe8ba2fece9578f0bbafed4ebf5e915045b9,32,1,6
846,0x83fcfe8ba2fece9578f0bbafed4ebf5e915045b9,33,1,6
847,0x83fcfe8ba2fece9578f0bbafed4ebf5e915045b9,35,1,7
848,0x83fcfe8ba2fece9578f0bbafed4ebf5e915045b9,36,1,7
849,0x83fcfe8ba2fece9578f0bbafed4ebf5e915045b9,37,1,7
850,0x83fcfe8ba2fece9578f0bbafed4ebf5e915045b9,38,1,7
851,0x83fcfe8ba2fece9578f0bbafed4ebf5e915045b9,39,1,7
852,0x83fcfe8ba2fece9578f0bbafed4ebf5e915045b9,40,1,8
853,0x83fcfe8ba2fece9578f0bbafed4ebf5e915045b9,41,1,8
854,0x83fcfe8ba2fece9578f0bbafed4ebf5e915045b9,42,1,8
855,0x83fcfe8ba2fece9578f0bbafed4ebf5e915045b9,44,1,7
856,0x83fcfe8ba2fece9578f0bbafed4ebf5e915045b9,45,1,7
857,0x83fcfe8ba2fece9578f0bbafed4ebf5e915045b9,46,1,7
858,0x83fcfe8ba2fece9578f0bbafed4ebf5e915045b9,51,1,7
859,0x83fcfe8ba2fece9578f0bbafed4ebf5e915045b9,52,0,7
860,0x83fcfe8ba2fece9578f0bbafed4ebf5e915045b9,53,1,7
861,0x83fcfe8ba2fece9578f0bbafed4ebf5e915045b9,56,1,7
862,0x83fcfe8ba2fece9578f0bbafed4ebf5e915045b9,57,1,7
863,0x83fcfe8ba2fece9578f0bbafed4ebf5e915045b9,58,1,7
864,0x83fcfe8ba2fece9578f0bbafed4ebf5e915045b9,59,0,7
865,0x83fcfe8ba2fece9578f0bbafed4ebf5e915045b9,65,1,7
866,0x83fcfe8ba2fece9578f0bbafed4ebf5e915045b9,71,1,7
867,0x83fcfe8ba2fece9578f0bbafed4ebf5e915045b9,72,0,7
868,0x83fcfe8ba2fece9578f0bbafed4ebf5e915045b9,73,1,7
869,0x83fcfe8ba2fece9578f0bbafed4ebf5e915045b9,75,1,7
870,0x83fcfe8ba2fece9578f0bbafed4ebf5e915045b9,81,0,7
871,0x83fcfe8ba2fece9578f0bbafed4ebf5e915045b9,83,1,8
872,0x83fcfe8ba2fece9578f0bbafed4ebf5e915045b9,84,2,9
873,0x83fcfe8ba2fece9578f0bbafed4ebf5e915045b9,85,1,9
874,0x83fcfe8ba2fece9578f0bbafed4ebf5e915045b9,86,2,9
875,0x83fcfe8ba2fece9578f0bbafed4ebf5e915045b9,87,1,9
876,0x83fcfe8ba2fece9578f0bbafed4ebf5e915045b9,89,0,9
877,0x83fcfe8ba2fece9578f0bbafed4ebf5e915045b9,90,1,9
878,0x83fcfe8ba2fece9578f0bbafed4ebf5e915045b9,91,1,9
879,0x83fcfe8ba2fece9578f0bbafed4ebf5e915045b9,92,1,9
880,0x83fcfe8ba2fece9578f0bbafed4ebf5e915045b9,93,0,9
881,0x83fcfe8ba2fece9578f0bbafed4ebf5e915045b9,94,1,9
882,0x83fcfe8ba2fece9578f0bbafed4ebf5e915045b9,97,1,10
883,0x83fcfe8ba2fece9578f0bbafed4ebf5e915045b9,98,1,13
884,0x83fcfe8ba2fece9578f0bbafed4ebf5e915045b9,99,1,13
885,0x83fcfe8ba2fece9578f0bbafed4ebf5e915045b9,101,1,13
886,0x83fcfe8ba2fece9578f0bbafed4ebf5e915045b9,102,1,14
887,0x83fcfe8ba2fece9578f0bbafed4ebf5e915045b9,103,1,14
888,0x83fcfe8ba2fece9578f0bbafed4ebf5e915045b9,104,1,14
889,0x83fcfe8ba2fece9578f0bbafed4ebf5e915045b9,105,1,14
890,0x83fcfe8ba2fece9578f0bbafed4ebf5e915045b9,106,1,14
891,0x83fcfe8ba2fece9578f0bbafed4ebf5e915045b9,107,0,14
892,0x83fcfe8ba2fece9578f0bbafed4ebf5e915045b9,108,1,14
893,0x83fcfe8ba2fece9578f0bbafed4ebf5e915045b9,109,1,14
894,0x83fcfe8ba2fece9578f0bbafed4ebf5e915045b9,110,1,14
895,0x87757c7fd54d892176e9ecec6767bc16e04a06a8,105,1,3
896,0x87757c7fd54d892176e9ecec6767bc16e04a06a8,106,1,3
897,0x87757c7fd54d892176e9ecec6767bc16e04a06a8,107,0,3
898,0x87757c7fd54d892176e9ecec6767bc16e04a06a8,108,1,3
899,0x87757c7fd54d892176e9ecec6767bc16e04a06a8,110,1,3
900,0x879253b5cc2b13bb976e075f0571f85454a315f6,29,1,2
901,0x879253b5cc2b13bb976e075f0571f85454a315f6,33,1,2
902,0x879253b5cc2b13bb976e075f0571f85454a315f6,42,1,2
903,0x879253b5cc2b13bb976e075f0571f85454a315f6,43,1,2
904,0x88f9e324801320a3fc22c8d045a98ad32a490d8e,103,1,3
905,0x88f9e324801320a3fc22c8d045a98ad32a490d8e,104,1,3
906,0x88f9e324801320a3fc22c8d045a98ad32a490d8e,105,1,3
907,0x88f9e324801320a3fc22c8d045a98ad32a490d8e,106,1,3
908,0x88f9e324801320a3fc22c8d045a98ad32a490d8e,107,0,3
909,0x8e71c9644898665a91e4db3dee8bdde97b3c71bc,42,1,2
910,0x8e71c9644898665a91e4db3dee8bdde97b3c71bc,43,1,3
911,0x8e71c9644898665a91e4db3dee8bdde97b3c71bc,59,1,3
912,0x90e5aa59a9df2add394df81521dbbed5f3c4a1a3,81,1,1
913,0x90e5aa59a9df2add394df81521dbbed5f3c4a1a3,86,1,1
914,0x912a526852527dfb5d44c22a15b708aa493cda6b,27,1,1
915,0x912a526852527dfb5d44c22a15b708aa493cda6b,2,1,1
916,0x912a526852527dfb5d44c22a15b708aa493cda6b,38,1,1
917,0x912a526852527dfb5d44c22a15b708aa493cda6b,3,1,2
918,0x912a526852527dfb5d44c22a15b708aa493cda6b,4,1,2
919,0x91dccaa260cc4616e1a6e6b693db7207c5e42937,23,1,1
920,0x91dccaa260cc4616e1a6e6b693db7207c5e42937,24,0,1
921,0x91dccaa260cc4616e1a6e6b693db7207c5e42937,26,1,1
922,0x91dccaa260cc4616e1a6e6b693db7207c5e42937,28,1,1
923,0x91dccaa260cc4616e1a6e6b693db7207c5e42937,29,1,1
924,0x91dccaa260cc4616e1a6e6b693db7207c5e42937,30,1,1
925,0x91dccaa260cc4616e1a6e6b693db7207c5e42937,33,1,1
926,0x91dccaa260cc4616e1a6e6b693db7207c5e42937,35,1,1
927,0x91dccaa260cc4616e1a6e6b693db7207c5e42937,37,1,1
928,0x91dccaa260cc4616e1a6e6b693db7207c5e42937,38,1,1
929,0x91dccaa260cc4616e1a6e6b693db7207c5e42937,40,1,1
930,0x91dccaa260cc4616e1a6e6b693db7207c5e42937,41,1,1
931,0x91dccaa260cc4616e1a6e6b693db7207c5e42937,42,1,1
932,0x91dccaa260cc4616e1a6e6b693db7207c5e42937,43,1,1
933,0x91dccaa260cc4616e1a6e6b693db7207c5e42937,44,1,1
934,0x91dccaa260cc4616e1a6e6b693db7207c5e42937,45,1,1
935,0x91dccaa260cc4616e1a6e6b693db7207c5e42937,46,1,1
936,0x91dccaa260cc4616e1a6e6b693db7207c5e42937,47,1,1
937,0x91dccaa260cc4616e1a6e6b693db7207c5e42937,48,1,1
938,0x91dccaa260cc4616e1a6e6b693db7207c5e42937,49,2,1
939,0x91dccaa260cc4616e1a6e6b693db7207c5e42937,51,1,1
940,0x91dccaa260cc4616e1a6e6b693db7207c5e42937,52,2,1
941,0x91dccaa260cc4616e1a6e6b693db7207c5e42937,54,1,1
942,0x91dccaa260cc4616e1a6e6b693db7207c5e42937,55,0,1
943,0x91dccaa260cc4616e1a6e6b693db7207c5e42937,56,1,1
944,0x91dccaa260cc4616e1a6e6b693db7207c5e42937,57,2,1
945,0x91dccaa260cc4616e1a6e6b693db7207c5e42937,58,1,1
946,0x91dccaa260cc4616e1a6e6b693db7207c5e42937,61,1,1
947,0x91dccaa260cc4616e1a6e6b693db7207c5e42937,63,1,1
948,0x91dccaa260cc4616e1a6e6b693db7207c5e42937,64,1,1
949,0x91dccaa260cc4616e1a6e6b693db7207c5e42937,65,1,1
950,0x91dccaa260cc4616e1a6e6b693db7207c5e42937,67,1,1
951,0x91dccaa260cc4616e1a6e6b693db7207c5e42937,71,1,1
952,0x91dccaa260cc4616e1a6e6b693db7207c5e42937,72,1,1
953,0x91dccaa260cc4616e1a6e6b693db7207c5e42937,73,1,1
954,0x91dccaa260cc4616e1a6e6b693db7207c5e42937,74,1,1
955,0x91dccaa260cc4616e1a6e6b693db7207c5e42937,75,1,1
956,0x91dccaa260cc4616e1a6e6b693db7207c5e42937,77,1,1
957,0x91dccaa260cc4616e1a6e6b693db7207c5e42937,81,0,1
958,0x91dccaa260cc4616e1a6e6b693db7207c5e42937,82,1,1
959,0x91dccaa260cc4616e1a6e6b693db7207c5e42937,83,1,1
960,0x91dccaa260cc4616e1a6e6b693db7207c5e42937,84,1,1
961,0x91dccaa260cc4616e1a6e6b693db7207c5e42937,85,1,1
962,0x91dccaa260cc4616e1a6e6b693db7207c5e42937,86,2,1
963,0x91dccaa260cc4616e1a6e6b693db7207c5e42937,87,1,1
964,0x91dccaa260cc4616e1a6e6b693db7207c5e42937,89,0,1
965,0x91dccaa260cc4616e1a6e6b693db7207c5e42937,91,1,1
966,0x91dccaa260cc4616e1a6e6b693db7207c5e42937,95,1,1
967,0x91dccaa260cc4616e1a6e6b693db7207c5e42937,97,1,1
968,0x91dccaa260cc4616e1a6e6b693db7207c5e42937,99,1,1
969,0x91dccaa260cc4616e1a6e6b693db7207c5e42937,100,1,1
970,0x91dccaa260cc4616e1a6e6b693db7207c5e42937,101,1,1
971,0x91dccaa260cc4616e1a6e6b693db7207c5e42937,102,1,1
972,0x91dccaa260cc4616e1a6e6b693db7207c5e42937,103,1,1
973,0x91dccaa260cc4616e1a6e6b693db7207c5e42937,105,1,1
974,0x91dccaa260cc4616e1a6e6b693db7207c5e42937,107,2,1
975,0x91dccaa260cc4616e1a6e6b693db7207c5e42937,108,1,1
976,0x920d5e8a6d314cd59eb5d9faf526fa7b24e127fa,90,1,1
977,0x920d5e8a6d314cd59eb5d9faf526fa7b24e127fa,97,1,1
978,0x93b4149e4cd06e16c57964b7e59b6d9a8fd11062,92,1,0
979,0x94b9fa136ef7c17cea6cea456e2b0d023e69ebe0,29,1,1
980,0x94b9fa136ef7c17cea6cea456e2b0d023e69ebe0,30,1,1
981,0x94b9fa136ef7c17cea6cea456e2b0d023e69ebe0,32,1,1
982,0x94b9fa136ef7c17cea6cea456e2b0d023e69ebe0,33,1,1
983,0x94b9fa136ef7c17cea6cea456e2b0d023e69ebe0,34,1,1
984,0x94b9fa136ef7c17cea6cea456e2b0d023e69ebe0,37,1,1
985,0x94b9fa136ef7c17cea6cea456e2b0d023e69ebe0,68,1,1
986,0x94b9fa136ef7c17cea6cea456e2b0d023e69ebe0,72,1,1
987,0x94b9fa136ef7c17cea6cea456e2b0d023e69ebe0,73,1,1
988,0x94b9fa136ef7c17cea6cea456e2b0d023e69ebe0,74,0,1
989,0x94b9fa136ef7c17cea6cea456e2b0d023e69ebe0,81,0,1
990,0x94b9fa136ef7c17cea6cea456e2b0d023e69ebe0,82,1,1
991,0x94b9fa136ef7c17cea6cea456e2b0d023e69ebe0,83,1,1
992,0x94b9fa136ef7c17cea6cea456e2b0d023e69ebe0,84,1,1
993,0x94b9fa136ef7c17cea6cea456e2b0d023e69ebe0,85,1,1
994,0x94b9fa136ef7c17cea6cea456e2b0d023e69ebe0,86,2,1
995,0x94b9fa136ef7c17cea6cea456e2b0d023e69ebe0,87,1,1
996,0x94b9fa136ef7c17cea6cea456e2b0d023e69ebe0,90,1,1
997,0x94b9fa136ef7c17cea6cea456e2b0d023e69ebe0,95,1,1
998,0x9646e0f7544b8ee3649e7ac77eef0cf5b53b748a,16,1,1
999,0x9646e0f7544b8ee3649e7ac77eef0cf5b53b748a,17,1,1
1000,0x9646e0f7544b8ee3649e7ac77eef0cf5b53b748a,18,1,1
1001,0x9646e0f7544b8ee3649e7ac77eef0cf5b53b748a,33,1,2
1002,0x9646e0f7544b8ee3649e7ac77eef0cf5b53b748a,3,1,1
1003,0x9646e0f7544b8ee3649e7ac77eef0cf5b53b748a,4,1,1
1004,0x9646e0f7544b8ee3649e7ac77eef0cf5b53b748a,5,1,1
1005,0x9646e0f7544b8ee3649e7ac77eef0cf5b53b748a,9,1,1
1006,0x9646e0f7544b8ee3649e7ac77eef0cf5b53b748a,11,1,1
1007,0x9646e0f7544b8ee3649e7ac77eef0cf5b53b748a,15,1,1
1008,0x98d0ef0bb5a3908b6b3942e838ea40161dae555d,37,1,1
1009,0x9a2f6117d1ffa82ad0a2b36f133d476db5bd55f5,75,1,1
1010,0x9a2f6117d1ffa82ad0a2b36f133d476db5bd55f5,83,1,1
1011,0x9a2f6117d1ffa82ad0a2b36f133d476db5bd55f5,90,1,1
1012,0x9a2f6117d1ffa82ad0a2b36f133d476db5bd55f5,91,1,1
1013,0x9a2f6117d1ffa82ad0a2b36f133d476db5bd55f5,92,1,1
1014,0x9a2f6117d1ffa82ad0a2b36f133d476db5bd55f5,93,1,1
1015,0x9a2f6117d1ffa82ad0a2b36f133d476db5bd55f5,95,1,1
1016,0x9a2f6117d1ffa82ad0a2b36f133d476db5bd55f5,97,1,1
1017,0x9a2f6117d1ffa82ad0a2b36f133d476db5bd55f5,98,1,1
1018,0x9a2f6117d1ffa82ad0a2b36f133d476db5bd55f5,100,1,1
1019,0x9a2f6117d1ffa82ad0a2b36f133d476db5bd55f5,101,1,1
1020,0x9a2f6117d1ffa82ad0a2b36f133d476db5bd55f5,102,1,1
1021,0x9a2f6117d1ffa82ad0a2b36f133d476db5bd55f5,103,1,1
1022,0x9a2f6117d1ffa82ad0a2b36f133d476db5bd55f5,104,1,1
1023,0x9a2f6117d1ffa82ad0a2b36f133d476db5bd55f5,105,1,1
1024,0x9a2f6117d1ffa82ad0a2b36f133d476db5bd55f5,106,1,1
1025,0x9cb8c1463471ee4d8dd6887035f4835a1745e92a,16,1,1
1026,0x9cb8c1463471ee4d8dd6887035f4835a1745e92a,27,1,1
1027,0x9cb8c1463471ee4d8dd6887035f4835a1745e92a,33,1,2
1028,0x9cb8c1463471ee4d8dd6887035f4835a1745e92a,37,1,2
1029,0x9cb8c1463471ee4d8dd6887035f4835a1745e92a,40,1,2
1030,0x9cb8c1463471ee4d8dd6887035f4835a1745e92a,9,1,1
1031,0x9cb8c1463471ee4d8dd6887035f4835a1745e92a,11,1,1
1032,0xa068d2ce57234a6324575ecc088f0d3b2c100974,99,1,1
1033,0xa068d2ce57234a6324575ecc088f0d3b2c100974,102,1,1
1034,0xa1c0b11b86a46885b87c7ed68b91faa0c349e1cd,105,1,1
1035,0xa1c0b11b86a46885b87c7ed68b91faa0c349e1cd,108,1,1
1036,0xa1e4f7dc1983fefe37e2175524ebad87f1c78c3c,42,1,2
1037,0xa1e4f7dc1983fefe37e2175524ebad87f1c78c3c,48,1,3
1038,0xa1e4f7dc1983fefe37e2175524ebad87f1c78c3c,9,1,1
1039,0xa1e4f7dc1983fefe37e2175524ebad87f1c78c3c,11,1,1
1040,0xa312899a7c6377cb70e258a3b49b1dcd96ba830d,47,1,0
1041,0xa32f90b21d11561d31ff604745907acc77fb67e3,77,1,1
