Unnamed: 0.1,proposalID.id,voters.id,support,single_vote,name
376,1,0x6bf1eba9740441d0a8822eda4e116a74f850d81b,1,153700663284739083884974,phutchins.eth
122,1,0x22bfd731b25d54ab7f978eacb54f1a5fe80903eb,1,11500000000000000000,pxy153.eth
249,1,0x4c0a466df0628fe8699051b3ac6506653191cc21,1,1371442591767855675393497,trent.eth
536,1,0xa5a25adcfd24b980e480f875aa2086571047e14d,1,10000000000000000000,rplanet.eth
460,1,0x86a233b93556c7e475304c4429d89b9f6958ec6d,1,11000000000000000000,fatwax.eth
139,1,0x27331de0261a9513bfef4f8f3e3005c60cf80702,1,0,
140,1,0x28c2779d125be97125e18b0c3a412b7bea9a3d48,1,14788001210000000000000,
466,1,0x891d6d5af0f2abeca7939600a8537dfee68c8da7,1,0,cojocaru.eth
431,1,0x80d63799b1e08a80f73fb7a83264b5c31600bf3a,1,401265236234191647460460,hudson.eth
686,1,0xe8d848debb3a3e12aa815b15900c8e020b863f31,1,0,dennisonbertram.eth
478,1,0x8d07d225a769b7af3a923481e1fdf49180e6a265,1,172100879773275568538183,monetsupply.eth
744,1,0xf94171580ce591172b2f6909eea6693b1c78835b,1,10000000000000000000,xianxian.eth
701,1,0xee0579b4c36fd52ec0a2b542fb801f136838b7f1,1,997592199999999934464,sirlupinwatson.eth
748,1,0xfbafc1cad594d789db448fe079fd88417cdb3737,1,15000000000000000000,darkword.eth
20,1,0x05a1ff0a32bc24265bcb39499d0c5d9a6cb2011c,1,7713240499999000526848,willywonka.eth
276,1,0x521aacb43d89e1b8ffd64d9ef76b0a1074dedaf8,1,2412663035213790957661,bobjiang.eth
18,1,0x0585b28fd862d3bf033be20b178bdf01262b8424,1,3675214599535999975424,
294,1,0x54becc7560a7be76d72ed76a1f5fee6c5a2a7ab6,1,739495773880139150453369,simona.eth
428,1,0x8091b4a9226080e8f17fd9444710b1799fbac3ed,1,8000000000000000000,bigdoge.eth
145,1,0x2b888954421b424c5d3d9ce9bb67c9bd47537d12,1,917763317713939746155416,lefteris.eth
415,1,0x79d8e884ac95196d0ed622dcb2bf12bb0b70a8c3,1,22500000000000000000,getready.eth
115,1,0x224e69025a2f705c8f31efb6694398f8fd09ac5c,1,3911938389355080389515,chrismartz.eth
685,1,0xe8cd4cb68dd4c79d118368f36d8564f3134c180d,1,0,ethpiggie.eth
677,1,0xe4b420f15d6d878dcd0df7120ac0fc1509ee9cab,1,17326320057035513204928,
662,1,0xdc52350858b60853d93390ab38dee3ce7e147fa7,1,50000000000000000000,capxon.eth
334,1,0x5be10f3434bc1ac6c0a34f86da39ea0095392f21,1,85088372702322734856,krow247.eth
652,1,0xd5102725cc00421854dd616a2d8769ce36017315,1,100000000000000000000,linkstart.eth
645,1,0xd30b4753a4ff2cc47a2ada84a9a85058da16d2e8,0,299456902656515756,hodlgod.eth
61,1,0x10d6d2e343281d388291a3e02f3293aaeda67178,1,317765375391856175077950,helloshreyas.eth
611,1,0xc75f1ad2eaef79b729c8dd8bcbaeddd893f5a761,1,0,
55,1,0x0f8361ef329b43fa48ac66a7cd8f619c517274f1,1,0,zakk1115.eth
394,1,0x6f2bbbdf4e93aa39d36933d28ac2b1253a17aa85,1,0,cybertokyo.eth
105,1,0x1df4c04d9c4247bedf051e73730c46a03c3d3050,1,29000000000000000000,zk.sismo.eth
574,1,0xb55a7b37a99e9728eb4d195ba5645bdd3f66862f,1,0,
575,1,0xb5679a4454bec8156c7293a24b975c8ad0bdc21f,1,10300000000000000000,aliceword.eth
414,1,0x792db1912ffb4feed8559189a6cdd10d853e1b13,1,22807769776275708783,etherdog.eth
92,1,0x19b570af5dddb8f0f5a15c83d07a1c5153865188,1,2169354541714248340142,
396,1,0x721c7fffe9ac426a028e616677811f755fa99eba,1,188578699999000002560,220284.eth
408,1,0x755740595c3c8539ec99019f93ee3e964db63739,1,12000000000000000000,uplift.eth
751,2,0xfdab3be33284ef68442f55535ffc0b1fcbad2b62,1,0,02468.eth
711,2,0xeeaa36420519d85efab3b7120ac5afa5a5825bfb,1,108000000000000000000000,
332,2,0x5ba02f4ff6af1d9d2af8774d10fd32eb57d4e2e6,1,312391530978105604396828,p1anck.eth
724,2,0xf503017d7baf7fbc0fff7492b751025c6a78179b,1,216310383834561365680012,trueblocks.eth
63,2,0x10d6d2e343281d388291a3e02f3293aaeda67178,1,317640195554834073374842,helloshreyas.eth
529,2,0xa2bf1b0a7e079767b4701b5a1d9d5700eb42d1d1,1,335024522197630483827573,kennethng.eth
484,2,0x8d07d225a769b7af3a923481e1fdf49180e6a265,1,172100879773275568538183,monetsupply.eth
461,2,0x874437b5a42aa6e6419ec2447c9e36c278c46532,1,0,patrickalphac.eth
432,2,0x80d63799b1e08a80f73fb7a83264b5c31600bf3a,1,400173301934191647460460,hudson.eth
98,2,0x19e10e0bec9f9559444f33c1c8e39c5664eee47b,1,216000000000000000000000,
303,2,0x54becc7560a7be76d72ed76a1f5fee6c5a2a7ab6,1,738678587796163651733132,simona.eth
116,2,0x224e69025a2f705c8f31efb6694398f8fd09ac5c,1,3911938389355080389515,chrismartz.eth
287,2,0x522b72f0963a33168a55c4ff3c699376c2c1041f,1,0,
93,2,0x19b570af5dddb8f0f5a15c83d07a1c5153865188,1,2169354541714248340142,
537,2,0xa632c031714532dbfaa83551032cb4c13f838ba6,1,108000000000000000000000,
377,2,0x6bf1eba9740441d0a8822eda4e116a74f850d81b,1,153211084725833636407432,phutchins.eth
445,2,0x839395e20bbb182fa440d08f850e6c7a8f6f0780,1,1001352820770861918308172,griff.eth
528,2,0xa29185d464d4a8fbd9ccf3c958cf8419578305ee,1,0,
615,2,0xc7e6bbf6dbe78b40640385e73dc1958f4428fb3e,1,153459475112594243187860,tobyshorin.eth
358,2,0x66b1de0f14a0ce971f7f248415063d44caf19398,1,544767110263046737846409,yalor.eth
343,2,0x5e349eca2dc61abcd9dd99ce94d04136151a09ee,1,550122977060560124863761,lindajxie.eth
446,3,0x839395e20bbb182fa440d08f850e6c7a8f6f0780,1,1001339394670861918308172,griff.eth
64,3,0x10d6d2e343281d388291a3e02f3293aaeda67178,1,317623263954835073376378,helloshreyas.eth
485,3,0x8d07d225a769b7af3a923481e1fdf49180e6a265,1,172100879773275568538160,monetsupply.eth
712,3,0xeeaa36420519d85efab3b7120ac5afa5a5825bfb,1,108000000000000000000000,
698,3,0xeceb2fb4d8a93b0b19273b033abca7215062d31e,1,0,jayke.eth
304,3,0x54becc7560a7be76d72ed76a1f5fee6c5a2a7ab6,1,738687302978712846180170,simona.eth
535,3,0xa4ca1b15fe81f57cb2d3f686c7b13309906cd37b,1,100000000000000000000,jaxcoder.eth
538,3,0xa632c031714532dbfaa83551032cb4c13f838ba6,1,108000000000000000000000,
725,3,0xf503017d7baf7fbc0fff7492b751025c6a78179b,1,214810383834561365680012,trueblocks.eth
359,3,0x66b1de0f14a0ce971f7f248415063d44caf19398,1,543075877188015629143561,yalor.eth
462,3,0x874437b5a42aa6e6419ec2447c9e36c278c46532,1,0,patrickalphac.eth
523,3,0x9fa7fd8d9170f0dda389922e6c956800d5149924,1,0,lrlhoo.eth
117,3,0x224e69025a2f705c8f31efb6694398f8fd09ac5c,1,3911938389355080389515,chrismartz.eth
672,3,0xe3939654deae5f54fd3e6b84b3a7f75f245062d8,1,3066339243114818052832,
180,3,0x34aa3f359a9d614239015126635ce7732c18fdf3,1,1295717982447742233943408,austingriffith.eth
333,3,0x5ba02f4ff6af1d9d2af8774d10fd32eb57d4e2e6,1,312391530978105604396828,p1anck.eth
385,3,0x6c51a5ef1b6736b63c965b3057ae5c5b50de76d3,1,0,idoraemon.eth
94,3,0x19b570af5dddb8f0f5a15c83d07a1c5153865188,1,2169354541714248340142,
99,3,0x19e10e0bec9f9559444f33c1c8e39c5664eee47b,1,216000000000000000000000,
95,4,0x19b570af5dddb8f0f5a15c83d07a1c5153865188,1,2169354541714248340142,
118,4,0x224e69025a2f705c8f31efb6694398f8fd09ac5c,1,3954268389355080389515,chrismartz.eth
447,4,0x839395e20bbb182fa440d08f850e6c7a8f6f0780,1,985011016469582554278036,griff.eth
305,4,0x54becc7560a7be76d72ed76a1f5fee6c5a2a7ab6,1,1015971625403451387678248,simona.eth
705,4,0xee0579b4c36fd52ec0a2b542fb801f136838b7f1,1,867436591560629322811,sirlupinwatson.eth
726,4,0xf503017d7baf7fbc0fff7492b751025c6a78179b,1,212585325834563365674892,trueblocks.eth
250,4,0x4c0a466df0628fe8699051b3ac6506653191cc21,1,1368102020673262665798835,trent.eth
516,4,0x99fe1a841d59379acd34da92ad01cf4244e73475,1,0,
344,4,0x5e349eca2dc61abcd9dd99ce94d04136151a09ee,1,1053023103286080336579824,lindajxie.eth
542,4,0xaa01dec5307cf17f20881a3286dcaa062578cea7,1,5953499999997998923776,philh.p2p.eth
486,4,0x8d07d225a769b7af3a923481e1fdf49180e6a265,1,168877091489472906793979,monetsupply.eth
155,4,0x2b888954421b424c5d3d9ce9bb67c9bd47537d12,1,1017054502098173120047841,lefteris.eth
616,4,0xc7e6bbf6dbe78b40640385e73dc1958f4428fb3e,1,153635511612594243187860,tobyshorin.eth
563,4,0xb17dd0c1258f2852ae134e40c92bb0841435e02c,1,0,
378,4,0x6bf1eba9740441d0a8822eda4e116a74f850d81b,1,165313518925833636407432,phutchins.eth
433,4,0x80d63799b1e08a80f73fb7a83264b5c31600bf3a,1,615456499214921647590508,hudson.eth
448,5,0x839395e20bbb182fa440d08f850e6c7a8f6f0780,1,985011016469582554278036,griff.eth
96,5,0x19b570af5dddb8f0f5a15c83d07a1c5153865188,1,2169354541714248340142,
617,5,0xc7e6bbf6dbe78b40640385e73dc1958f4428fb3e,1,153635511612594243187860,tobyshorin.eth
706,5,0xee0579b4c36fd52ec0a2b542fb801f136838b7f1,1,867436591560629322811,sirlupinwatson.eth
251,5,0x4c0a466df0628fe8699051b3ac6506653191cc21,1,1367902020673262665798835,trent.eth
156,5,0x2b888954421b424c5d3d9ce9bb67c9bd47537d12,1,1017054502098173120047841,lefteris.eth
345,5,0x5e349eca2dc61abcd9dd99ce94d04136151a09ee,1,1053023103286080336579824,lindajxie.eth
487,5,0x8d07d225a769b7af3a923481e1fdf49180e6a265,1,168849273389472906793979,monetsupply.eth
379,5,0x6bf1eba9740441d0a8822eda4e116a74f850d81b,1,165313518925833636407432,phutchins.eth
727,5,0xf503017d7baf7fbc0fff7492b751025c6a78179b,1,212585325834563365674892,trueblocks.eth
306,5,0x54becc7560a7be76d72ed76a1f5fee6c5a2a7ab6,1,1015971625403451387678248,simona.eth
543,5,0xaa01dec5307cf17f20881a3286dcaa062578cea7,1,5953499999997998923776,philh.p2p.eth
434,5,0x80d63799b1e08a80f73fb7a83264b5c31600bf3a,1,615376499214921647590508,hudson.eth
119,5,0x224e69025a2f705c8f31efb6694398f8fd09ac5c,1,3909268389355080389515,chrismartz.eth
586,5,0xbb67bce8d0e63082a5a349b35439f14c167e08f6,1,91209131111347046904,huangchen.eth
329,6,0x5a27d268e830655e908a0a2c3b24f572695af5e8,1,99999000018944,bykur.eth
429,6,0x809c9f8dd8ca93a41c3adca4972fa234c28f7714,1,4820700342541317118948,paul2.eth
400,6,0x73186b2a81952c2340c4eb2e74e89869e1183df0,1,168112667403682140119921,amyjung.eth
65,6,0x10d6d2e343281d388291a3e02f3293aaeda67178,1,315147536466768688242901,helloshreyas.eth
58,6,0x0f8361ef329b43fa48ac66a7cd8f619c517274f1,1,0,zakk1115.eth
307,6,0x54becc7560a7be76d72ed76a1f5fee6c5a2a7ab6,1,960731953148369250985844,simona.eth
488,6,0x8d07d225a769b7af3a923481e1fdf49180e6a265,1,169319667527819307748415,monetsupply.eth
544,6,0xaa01dec5307cf17f20881a3286dcaa062578cea7,1,24953499999997998923776,philh.p2p.eth
285,6,0x521aacb43d89e1b8ffd64d9ef76b0a1074dedaf8,1,4080469788250148839752,bobjiang.eth
157,6,0x2b888954421b424c5d3d9ce9bb67c9bd47537d12,1,1003963119705162947687597,lefteris.eth
471,6,0x8b405dbf2f30844b608b08dad20447a6955a6c6e,1,183911024063676579037134,
449,6,0x839395e20bbb182fa440d08f850e6c7a8f6f0780,1,970300660804328280679673,griff.eth
656,6,0xd714dd60e22bbb1cbafd0e40de5cfa7bbdd3f3c8,1,0,auryn.eth
435,7,0x80d63799b1e08a80f73fb7a83264b5c31600bf3a,1,609253981214923648060524,hudson.eth
346,7,0x5e349eca2dc61abcd9dd99ce94d04136151a09ee,1,1048778097668854278502951,lindajxie.eth
213,7,0x3f60008dfd0efc03f476d9b489d6c5b13b3ebf2c,1,2132486121358653739387,traversa.eth
489,7,0x8d07d225a769b7af3a923481e1fdf49180e6a265,1,164671791247430343831762,monetsupply.eth
66,7,0x10d6d2e343281d388291a3e02f3293aaeda67178,1,315030999666768688242901,helloshreyas.eth
158,7,0x2b888954421b424c5d3d9ce9bb67c9bd47537d12,1,1020007175626581780184056,lefteris.eth
172,7,0x31482858561725b74b5ec2a739e447bc74cdf7b9,1,323679447595845114050315,andy.thebluebook.eth
380,7,0x6bf1eba9740441d0a8822eda4e116a74f850d81b,1,153092106607258242711917,phutchins.eth
661,7,0xdc0046b52e2e38aee2271b6171ebb65ccd337518,1,6789815373332014732203,adamstallard.eth
687,7,0xe8d848debb3a3e12aa815b15900c8e020b863f31,1,0,dennisonbertram.eth
688,8,0xe91aee4906c8635bf15962a639436f40780233a0,1,0,
381,8,0x6bf1eba9740441d0a8822eda4e116a74f850d81b,1,153092106607258242711917,phutchins.eth
347,8,0x5e349eca2dc61abcd9dd99ce94d04136151a09ee,1,1048698097668854278502622,lindajxie.eth
308,8,0x54becc7560a7be76d72ed76a1f5fee6c5a2a7ab6,1,959241997383712258358314,simona.eth
490,8,0x8d07d225a769b7af3a923481e1fdf49180e6a265,1,164467791247430343831762,monetsupply.eth
450,8,0x839395e20bbb182fa440d08f850e6c7a8f6f0780,1,963184200581271157798587,griff.eth
531,8,0xa30ab83e693ad49f3f651085dad11d049c818923,1,193002550965417826395984,
728,8,0xf503017d7baf7fbc0fff7492b751025c6a78179b,1,185800883746241710119693,trueblocks.eth
741,8,0xf76eaebb56387b737a1f8f98e153d85b59eee46c,1,0,
309,9,0x54becc7560a7be76d72ed76a1f5fee6c5a2a7ab6,1,959241997383712258358314,simona.eth
123,9,0x23b6d8e09cb33b1550de19ac25cc3f41ae4603bb,1,8185195704243834904,marin.eth
286,9,0x521aacb43d89e1b8ffd64d9ef76b0a1074dedaf8,1,5514256699259949778953,bobjiang.eth
159,9,0x2b888954421b424c5d3d9ce9bb67c9bd47537d12,1,997893463526582778379256,lefteris.eth
265,9,0x4e19646b2744021690f7da584117b083dc73a412,1,0,
181,9,0x34aa3f359a9d614239015126635ce7732c18fdf3,1,1060332067020230924237925,austingriffith.eth
716,9,0xf07a2439296e07bc4320af924e655a01fb69d89c,1,10251357259146900579550,adamscochran.eth
729,9,0xf503017d7baf7fbc0fff7492b751025c6a78179b,1,185800883746241710119693,trueblocks.eth
491,9,0x8d07d225a769b7af3a923481e1fdf49180e6a265,1,164467791247430343831762,monetsupply.eth
41,9,0x0a251df99a88a20a93876205fb7f5faf2e85a481,1,0,endman.eth
106,9,0x1df4c04d9c4247bedf051e73730c46a03c3d3050,1,29000000000000000000,zk.sismo.eth
436,9,0x80d63799b1e08a80f73fb7a83264b5c31600bf3a,1,609191135314923648060524,hudson.eth
630,9,0xcb9f176f3c90837a727e4678e29515cb2d557f18,1,0,mazurka.eth
579,9,0xb86c267d0b02a961caf3a6b530f3e1542612a6f2,1,5000000000000000000,sjtuer.eth
476,9,0x8c69f8d2f360d0bd12cb73b92e90a380e32987bb,1,0,supernate.eth
427,9,0x8073c62366973b9960f4561f6a72c5826b75e828,1,21258500000000000000,futurafree.eth
67,9,0x10d6d2e343281d388291a3e02f3293aaeda67178,1,614625301566769688273109,helloshreyas.eth
324,9,0x59d6779eca6c91ed7679e261b54299b5155eadf0,1,380817664498999969792,モノノフ.eth
274,9,0x51807b8d96e96f5c26adab145b9292f38eb8ec8e,1,1036696799999000051712,
355,10,0x6432c098bfeda15dd4d0692c46bdb43091a95171,1,310837600000000000000,casslin.eth
691,10,0xeaa19171c4ff0bc2a6379aa1ea8fc2eec869688b,1,10477268580000000000,bigmom.sismo.eth
325,10,0x59d6779eca6c91ed7679e261b54299b5155eadf0,1,380817664498999969792,モノノフ.eth
310,10,0x54becc7560a7be76d72ed76a1f5fee6c5a2a7ab6,1,956283406803575322425676,simona.eth
224,10,0x41d2a18e1ddacdabfddadb62e9aee67c63070b76,1,5727509361483477898657,omnianalytics.eth
252,10,0x4c0a466df0628fe8699051b3ac6506653191cc21,1,1347955168647576791544378,trent.eth
328,10,0x5a1d1fac4b19162408a795bf385a95cd4692c2c9,1,2630480000000000000000,
571,10,0xb4ad5aabb5bf325f870dc347d79c255dceaa1e88,1,24084300000000000000,
160,10,0x2b888954421b424c5d3d9ce9bb67c9bd47537d12,1,1013200973063353249123567,lefteris.eth
53,10,0x0f0d49fd19ee4a83455d414f79de823bed0b4351,1,0,the-force.eth
707,10,0xee0579b4c36fd52ec0a2b542fb801f136838b7f1,1,1877677624240367907639,sirlupinwatson.eth
591,10,0xbd6ff041bf814619bf2c6c36ab9e35a7293a64bd,1,0,
730,10,0xf503017d7baf7fbc0fff7492b751025c6a78179b,1,185552539158239320794363,trueblocks.eth
256,10,0x4c7909d6f029b3a5798143c843f4f8e5341a3473,1,1000000000000000000000,
421,10,0x7e052ef7b4bb7e5a45f331128afadb1e589deaf1,1,4292657893487324708724,kris.eth
492,10,0x8d07d225a769b7af3a923481e1fdf49180e6a265,1,163659240147431343763666,monetsupply.eth
15,10,0x0369098915a6bcd0c4181ca96b5179ca15b69779,1,107804300000000000000,likizju.eth
240,10,0x4a5b536a613e69f43a52f6aa7a7f3765428329ad,1,569432974059048906940,coinqt.eth
214,10,0x3f60008dfd0efc03f476d9b489d6c5b13b3ebf2c,1,2132486121358653739387,traversa.eth
326,11,0x59d6779eca6c91ed7679e261b54299b5155eadf0,1,380817664498999969792,モノノフ.eth
620,11,0xc9a238405ef9d753d55ec1eb8f7a7b17b8d83e63,1,650676618451055528801,huxwell.eth
143,11,0x2a40aaf3e076187b67ccce82e20da5ce27caa2a7,1,0,jackli.eth
422,11,0x7e052ef7b4bb7e5a45f331128afadb1e589deaf1,1,4292657893487324708724,kris.eth
210,11,0x3e31155a1c17c9f85e74828447aec412090a4622,1,234190000000000000000,
731,11,0xf503017d7baf7fbc0fff7492b751025c6a78179b,1,185220799658240320808187,trueblocks.eth
11,11,0x02eb89d2ff910989024e19673f8302a695bbd979,1,21641018081454968600475,
357,11,0x66aa8bee5366b6b48811ae0dac9fe5e1eefe1621,1,148139000000000000000,benglobal.eth
401,11,0x73186b2a81952c2340c4eb2e74e89869e1183df0,1,161782458145886152583268,amyjung.eth
241,11,0x4a5b536a613e69f43a52f6aa7a7f3765428329ad,1,569432974059048906940,coinqt.eth
612,11,0xc7df6c8a2d851d20bc32238b26f886db7e1949da,1,1090700000000000000,crazywriter-süse.eth
708,11,0xee0579b4c36fd52ec0a2b542fb801f136838b7f1,1,2221157624240367907639,sirlupinwatson.eth
532,11,0xa30ab83e693ad49f3f651085dad11d049c818923,1,190615634606845965796688,
692,11,0xeaa19171c4ff0bc2a6379aa1ea8fc2eec869688b,1,10477268580000000000,bigmom.sismo.eth
311,11,0x54becc7560a7be76d72ed76a1f5fee6c5a2a7ab6,1,950899900867864616180357,simona.eth
161,11,0x2b888954421b424c5d3d9ce9bb67c9bd47537d12,1,1047984464148422390356906,lefteris.eth
451,11,0x839395e20bbb182fa440d08f850e6c7a8f6f0780,1,949263321056378392639725,griff.eth
493,11,0x8d07d225a769b7af3a923481e1fdf49180e6a265,1,163681895634671206244152,monetsupply.eth
452,12,0x839395e20bbb182fa440d08f850e6c7a8f6f0780,1,1088599574291862960548224,griff.eth
423,12,0x7e052ef7b4bb7e5a45f331128afadb1e589deaf1,1,754403440804598435819834,kris.eth
257,12,0x4c7909d6f029b3a5798143c843f4f8e5341a3473,1,1000000000000000000000,
215,12,0x3f60008dfd0efc03f476d9b489d6c5b13b3ebf2c,1,1215098938007371007671,traversa.eth
313,12,0x54c375c481f95ba43e2cecd6ef30631f55518f57,1,305691870124483881025,pigou.eth
164,12,0x2d19f32620f647d08fa8b9a0fa5206fae15c0ed5,1,5857900646356411217,tangyuan.eth
693,12,0xeaa19171c4ff0bc2a6379aa1ea8fc2eec869688b,1,10477268580000000000,bigmom.sismo.eth
348,12,0x5e349eca2dc61abcd9dd99ce94d04136151a09ee,1,1480394667248590022569441,lindajxie.eth
327,12,0x59d6779eca6c91ed7679e261b54299b5155eadf0,1,380817664498999969792,モノノフ.eth
68,12,0x10d6d2e343281d388291a3e02f3293aaeda67178,1,1063658332366771688284373,helloshreyas.eth
382,13,0x6bf1eba9740441d0a8822eda4e116a74f850d81b,1,1388834469744394678265,phutchins.eth
312,13,0x54becc7560a7be76d72ed76a1f5fee6c5a2a7ab6,1,1544869173389023693866186,simona.eth
453,13,0x839395e20bbb182fa440d08f850e6c7a8f6f0780,1,929297870101871960508800,griff.eth
349,13,0x5e349eca2dc61abcd9dd99ce94d04136151a09ee,1,1457577367394191144324587,lindajxie.eth
438,13,0x834742dde5dfd852ee151914c89505f68af161be,1,1000000000000000000,mingliang.eth
430,13,0x809fa673fe2ab515faa168259cb14e2bedebf68e,1,1052727103688443601506435,avsa.eth
182,13,0x34aa3f359a9d614239015126635ce7732c18fdf3,1,1643983299538135510070028,austingriffith.eth
732,13,0xf503017d7baf7fbc0fff7492b751025c6a78179b,1,335264709658240320808187,trueblocks.eth
350,14,0x5e349eca2dc61abcd9dd99ce94d04136151a09ee,1,1457527367394191144324587,lindajxie.eth
356,14,0x66300889afb808626498c28e3811bb9b06a014ad,1,16544670839059579994,marcinspro.eth
533,14,0xa30ab83e693ad49f3f651085dad11d049c818923,1,188912116148613605719483,
69,14,0x10d6d2e343281d388291a3e02f3293aaeda67178,1,1063025933784445131117735,helloshreyas.eth
494,14,0x8d07d225a769b7af3a923481e1fdf49180e6a265,1,163046895634671206244152,monetsupply.eth
463,14,0x883753beab357a2c29f3766c6ad158e72a78ce51,1,0,elimu.eth
454,14,0x839395e20bbb182fa440d08f850e6c7a8f6f0780,1,929297870101871960508800,griff.eth
30,14,0x06c4865ab16c9c760622f19a313a2e637e2e66a2,1,2000000000000000000,aevolve.eth
733,14,0xf503017d7baf7fbc0fff7492b751025c6a78179b,1,335264709658240320808187,trueblocks.eth
580,14,0xb86c267d0b02a961caf3a6b530f3e1542612a6f2,1,5000000000000000000,sjtuer.eth
110,14,0x1f9fbd2f6a8754cd56d4f56ed35338a63c5bfd1f,1,391060800000000000000,hjort.eth
383,14,0x6bf1eba9740441d0a8822eda4e116a74f850d81b,1,1378834469744394678265,phutchins.eth
495,15,0x8d07d225a769b7af3a923481e1fdf49180e6a265,1,163046895634671206244152,monetsupply.eth
70,15,0x10d6d2e343281d388291a3e02f3293aaeda67178,1,1063025933784445131117735,helloshreyas.eth
267,15,0x4ec6bea134099b42f1cc9542aa26c98c0dfee264,1,36551300000000000000,cemgundogan.eth
114,15,0x20316e8a4818326a504bbbf96d476d6c94b1c4b2,1,36980567055565066270,zj-b1.eth
36,16,0x072c59b2284d6766a9b486cc69ccdc12a801dc59,1,20000000000000000,
31,16,0x06c7b32ab075bd756f7887b7c16c739621e90895,1,16700000000000000,
21,16,0x05abc2cdbee2cd9be07433778f655da062d4c9ac,1,20000000000000000,
39,16,0x0897ad2a24f9f54e31af325744ff2e1f7d64bb44,1,11000000000000000,
17,16,0x054b81d3f3a26df142bf3f60961483e14f3f5d59,1,30000000000000000,
409,16,0x7561d093b584d5b3f9e8969f6a70acbfef58d249,1,13500000000000000,
14,16,0x03652b73bee719a69544d3e8b4c0f856658dbbaa,1,20000000000000000,
416,16,0x7ab89e577bce4c35ecd7546f758f1c41f9777ccf,1,20000000000000000,
13,16,0x0325db65a18c98f1227ea14bcf05a4039ab36b29,1,12500000000000000,
231,16,0x4854a08947b94b24a4f0f3d6c35788c38c74507c,1,17700000000000000,
230,16,0x4851a5e65e1e41291ac4d0770e72c4668e7d144c,1,15800000000000000,
242,16,0x4a706cfc1a4440b785458a1e3ba45a10c344e5dd,1,20000000000000000,
232,16,0x48766d7cc59cc496fc71e0071fbee96664f30355,1,20000000000000000,
412,16,0x77bd9e328b427889fa23bd3b13ea8824c1f24bb2,1,20000000000000000,
243,16,0x4af997f78067dc2458cde261ffab863afa5cc357,1,10600000000000000,
660,16,0xdbabf33f0d2464c9ac403acb67ef0e3340a0c031,1,10400000000000000,
271,16,0x50391a21cd153598bf1460d7d1efc0947e5f8e96,1,13200000000000000,
270,16,0x500d1ad4a32708004d9ceb3e3c56e20d8d9260ed,1,10000000000000000,
418,16,0x7aff62aeef41384409717537a7eefaab7318ce6f,1,20000000000000000,
393,16,0x6f1fd6ba42f11799913e6a91b6458ea9cd6887ca,1,20000000000000000,
752,16,0xfea0b67bd8874681dca1973211cde2b362b13aa7,1,20000000000000000,
539,16,0xa64eee5982d0af699c00b1eabfb01747c89780b4,1,14700000000000000,
500,16,0x8f180fd387cfe63b77bfb09c07995464cf3e7d7f,1,20000000000000000,
42,16,0x0b722a091442551d5571d14083846e7c3873ded9,1,12200000000000000,
659,16,0xd99b6ab349c2c11aa96c6f2a1404cfd33384f5c0,1,20000000000000000,
655,16,0xd6f06053661e92313ae026054f2f4f8a708b0789,1,17200000000000000,
654,16,0xd67d2f08cbc0e3b4cd6db121b5e0c0e5425268a2,1,18700000000000000,
653,16,0xd53b399bf34305d1cd665c2b092d787c8a5e45b7,1,17400000000000000,
651,16,0xd4a7385d50fa958d66d0df590e3204211a6027e0,1,20000000000000000,
245,16,0x4b77909b88acd29d364fa4b3cc8ac9464aa9e32a,1,20000000000000000,
43,16,0x0b8e5fd8815d5995a42cc6f5b652d183f4057f01,1,20000000000000000,
657,16,0xd7531b907f0429980828f8b65029ea1ba1d85515,1,20000000000000000,
407,16,0x74999ec4c27daaedaa9a953ed371f640c911ec38,1,20000000000000000,
649,16,0xd43c50231c2d4273d968e649d2112e78cffaeb99,1,20000000000000000,
405,16,0x744208576858aa6bfcd705beb4f8d0b45bbb8d4d,1,20000000000000000,
395,16,0x7003d62e923e647658d274bf967b47696a69e574,1,3000000000000000,
390,16,0x6e03f76fb77c3b27a1742bbab1ffa6ab4907ed5b,1,20000000000000000,
425,16,0x7e49a9563601eaaad6794658355516e4ce7539f3,1,20000000000000000,
389,16,0x6d44f7fadaa7464fcb6c232693e4d889888066c9,1,20000000000000000,
386,16,0x6cf42e7e57b83aec88621173cdbe20d2261845d0,1,20000000000000000,
371,16,0x6a7507970726809f79950d2cee4404b53acbd07b,1,6000000000000000,
370,16,0x696ceb745c4e909e872c9a5824a708154e44307a,1,13900000000000000,
366,16,0x6806f5a7d35f6b31f8cee5799fa7f70571b0d2b6,1,20000000000000000,
362,16,0x66eae57797dbd63921e1ddb4dee25e9f4b22bc35,1,20000000000000000,
354,16,0x60940e44372ab21e66e30494c9f09b4e154b5143,1,20000000000000000,
352,16,0x5e625fe8b18a18823795308015e6734e9f125720,1,20000000000000000,
272,16,0x50c0dbacf5d99cdd70e57dfd26d43fff89f9b4f2,1,20000000000000000,
650,16,0xd471a840ec81be3ce5e1325413581a1eaf5dcc11,1,20000000000000000,
275,16,0x521aacb43d89e1b8ffd64d9ef76b0a1074dedaf8,1,9209559521063213104407,bobjiang.eth
319,16,0x5869cecfc285e2cbd115f69df3495927dc763794,1,20000000000000000,
318,16,0x575b498f184aa6785efd25fe68f3702e2157e8c6,1,14800000000000000,
317,16,0x5712171abca3743563a4594430b4cfe123711d9e,1,20000000000000000,
404,16,0x73ff47c09efa4a2cb385c730a4adff967321b93d,1,20000000000000000,
293,16,0x54becc7560a7be76d72ed76a1f5fee6c5a2a7ab6,1,1548866106333611284546133,simona.eth
398,16,0x72c8353cdd7dc1f3d240a699042e8e63a4e0eb9d,1,16200000000000000,
82,16,0x159b145e3b4a6e44c30ee2b310db3ad0716cfb8d,1,20000000000000000,
439,16,0x839395e20bbb182fa440d08f850e6c7a8f6f0780,1,929553092909037991826728,griff.eth
253,16,0x4c164c5301addb304193146bd350c98a6950f1ae,1,18900000000000000,
406,16,0x74959bf4bac22664f7d0fd03596e7d3da397c009,1,20000000000000000,
470,16,0x8aef1645d9c40e5e0b770077e3a595175f28a4e7,1,20000000000000000,
464,16,0x885ac62415e534665e80ca205290a3798da91159,1,20000000000000000,
477,16,0x8cc2c2b764d5a0e76e45af8bd037bd989a16b2c9,1,10200000000000000,
426,16,0x8073c62366973b9960f4561f6a72c5826b75e828,1,21258500000000000000,futurafree.eth
403,16,0x736a794e2cd1b042e41b416e5e2083584bea2712,1,16600000000000000,
424,16,0x7e3f41e32b85799c75327f883362af32a2d3e7e4,1,11500000000000000,
316,16,0x57037b585567535ff910fad7f3f1e687958cbc5a,1,20000000000000000,
264,16,0x4d70990f98551b89a3c72734bfea31dd914da2bd,1,16000000000000000,
51,16,0x0d3da428dd261410aab95ef751ebb0b0f6f04c0d,1,10900000000000000,
244,16,0x4b7389c67d8dbeead35979edc7c5fa27226eb9b8,1,20000000000000000,
131,16,0x241c7a73b6d886a995bf704f408f998b5fcaeda8,1,20000000000000000,
526,16,0xa1d86fa5e35d7f9cb6f43ee8a5db3499a3fda421,1,14600000000000000,
503,16,0x905c1a4eb2a84cb864c6909499ba202a03f0aa17,1,20000000000000000,
505,16,0x91a472abe81fb977f36e5253b41b8fd33a2dde28,1,12300000000000000,
506,16,0x920eb9085e77ac5ad037bed5e90928ff1e33e885,1,20000000000000000,
508,16,0x938e3b0e9e70607c50c2629fa434b9a4e5f28421,1,20000000000000000,
509,16,0x9471f3334397514f838675eca6a994d90254e6c1,1,17100000000000000,
511,16,0x96a7bfd2739c2b5c05c094e6b50ba65e770ab138,1,20000000000000000,
515,16,0x98fc6112749f7663cc537ca3330af68109891c09,1,20000000000000000,
520,16,0x9c8c14c08d6cea7fed381f585d68063d51b66bfb,1,16800000000000000,
524,16,0x9fe9c540b222689ce947197a275ffd3deed5d787,1,15900000000000000,
527,16,0xa2700beb3b465e67e24f1d9dfa4f3e20b51cfd61,1,20000000000000000,
561,16,0xb13acd5784a535ff854297f0445769efc200cb9f,1,14500000000000000,
530,16,0xa30ab83e693ad49f3f651085dad11d049c818923,1,174907791448615603895739,
534,16,0xa319744f71038a8602a5bae5f72656bb77906e79,1,12000000000000000,
540,16,0xa740ce8f73cfea4789b3a5d9024113f7818b2e0b,1,15700000000000000,
541,16,0xa9a3e9f8c50a97a872ecd7418e2efeed82946241,1,12400000000000000,
549,16,0xab4d02267bb843c7f51ed34b698e18ba276dd9b5,1,15600000000000000,
609,16,0xc5cf8fdd07c1eeab8a193b5145aa403ec084b71a,1,20000000000000000,
564,16,0xb2ed6de66f527a88fee596a5f7ddcc30c5031571,1,17900000000000000,
566,16,0xb35a83bda02c2cb5af44a8afc79431f9c11e505c,1,20000000000000000,
607,16,0xc54c577729bb114c7838fb839a74321c9d04efd1,1,20000000000000000,
569,16,0xb4a2b428f5f46772abc83b553e4ed7bc6e096378,1,18200000000000000,
570,16,0xb4a3ac905164bf9e8dff4b6f04b1eab55814642a,1,80000000000000000,
572,16,0xb4da408106a7545130e64c559ecb65fdce8c21ef,1,20000000000000000,
576,16,0xb606fdf543b3397bd0e6559b693ae8d60da4a46a,1,20000000000000000,
578,16,0xb860bf346ebfd675c8aa521e9b8e6ac352babac6,1,15400000000000000,
581,16,0xb883c400a2a709e3cf20245ce76c2327f28e3740,1,20000000000000000,
582,16,0xb9366fe9429c75e0d45726abb2d52c5db6aa4e85,1,16900000000000000,
583,16,0xbae00268df54cbd6e689de1ea3b2aafa52dd19a9,1,10500000000000000,
554,16,0xac8e9cbcd6120f2a09eaa3a73d7e140995337346,1,10100000000000000,
587,16,0xbbae80a1d2ea6ae0dce2ced1cff1b903e8cfea63,1,20000000000000000,
589,16,0xbc9a6ebad551bc82b57d783cbefa8fc90cdbde3a,1,20000000000000000,
590,16,0xbd22f178cebac09fb4d4508c682fec1a18700dc7,1,20000000000000000,
592,16,0xbe6e8588a539c015c32b947deebbae6ba7ea6419,1,20000000000000000,
593,16,0xbfc4ee67d03dd3450e9e53137b8db0a347cd086a,1,18800000000000000,
594,16,0xc1563d51c3cdae5bbbff9bc8f1c37a1ea50950fc,1,10300000000000000,
604,16,0xc33eed63fe5830378f127d0f08c2b0f6ac429494,1,17300000000000000,
605,16,0xc3ba6babbeecc28c34f04a5dfbaff4a18410e289,1,14000000000000000,
606,16,0xc52d24a78207b8c380d9b0ac2e5ec699dad04241,1,10700000000000000,
565,16,0xb302560a220d1adcc69c5f8d19279f572555b01b,1,4000000000000000,
567,16,0xb427fdbadfc56c4d127d19d532c705e0d5284618,1,13300000000000000,
555,16,0xac8efff8b4ecef9f6704c38425d96a7048d938ed,1,20000000000000000,
557,16,0xad15775933be166b389a9a660e8410d06084fbbb,1,20000000000000000,
747,16,0xfb6430c4fe0b170202402db422bc1d720fb49671,1,20000000000000000,
750,16,0xfd18ef8cad226fe63ccc55e4246cd6c4e8161c7e,1,13000000000000000,
670,16,0xe1f581ae7aa4f593f30b0722806b2631b4255da8,1,20000000000000000,
664,16,0xdd913332c4779fefa9e72bf8b0d2613d6ad19663,1,20000000000000000,
613,16,0xc7e6bbf6dbe78b40640385e73dc1958f4428fb3e,1,152222291612597243606164,tobyshorin.eth
646,16,0xd311f7431e960075b31e4debaeefcb5159db85ca,1,10020000000000000000,
622,16,0xca3470f4477de9280ca4f8ecb5240cf464b40f71,1,20000000000000000,
631,16,0xcc4c1346484722e25b19dbb6a5d8c2d959cd43b8,1,11200000000000000,
636,16,0xcfb17c5f697af3e068cd98febef5f0486393f11c,1,14200000000000000,
637,16,0xd03e3cfe79fcd021a1721f591e3ae1f358eeb20d,1,16100000000000000,
638,16,0xd046c54417cc29bef804e88d799560a8a4b6332b,1,11600000000000000,
640,16,0xd08f4ab23fc593d065d382a4f2f45b9f93097001,1,14100000000000000,
641,16,0xd08fef876978527ccd11afda95b6a5ad2a8bee57,1,20000000000000000,
643,16,0xd102ee10cc56d2ee949f1ab1bc25453a6feaed7d,1,20000000000000000,
644,16,0xd1c1d05bc374d6c842197a7d2668eb9e4f53c2db,1,20000000000000000,
648,16,0xd357a7e5c94f46dfbc3c05033b1ff97926a4e4dc,1,20000000000000000,
663,16,0xdcc3949e1741c7f4acff402db68f2c64c1ee8f02,1,20000000000000000,
746,16,0xfb37cd65f1fec10489a6725a44c03f3042aeff57,1,20000000000000000,
745,16,0xfa8118fec97722451e36e84be84c37dd960a1ef2,1,20000000000000000,rocut.eth
742,16,0xf7b1eb8292d7ffecd8ed04eb07890216491aa67d,1,14400000000000000,
739,16,0xf6124badcbccd0a6512ae9cc5ca6dba3a7cdefbb,1,20000000000000000,
608,16,0xc5c23df5e5d70aa181e7a00733eea041b9623903,1,9994000000000000,
610,16,0xc68f835106b588ad7946729d7ab2712c0cd2ffed,1,19930000000000000,
499,16,0x8efac00816e675e5b4b418c7c718cd463cbb6a59,1,15300000000000000,
700,16,0xee0579b4c36fd52ec0a2b542fb801f136838b7f1,1,2807617624240367907639,sirlupinwatson.eth
671,16,0xe37122b502dc52b8baa11c9c041939cead722031,1,12900000000000000,
676,16,0xe46b1c63fb77ae9edb98e9eae87347fb61119aee,1,20000000000000000,
678,16,0xe4deac4c2b075ee64814483d9038daaf83542f71,1,20000000000000000,
680,16,0xe66e4b4f43b6c7e7df71c0e325ad6797f3e66b3f,1,20000000000000000,
556,16,0xaca7a415f073fed0808749e048f85016c39188fd,1,20000000000000000,
681,16,0xe7481ee7af22f443303572cccf28a4a73a21bbe7,1,18000000000000000,
690,16,0xe96d806c830bb3f108eb51479a66edb31a3c1ab4,1,20000000000000000,
695,16,0xeb0ad1099f5e12968d41c04f8a22e6dbb0f65702,1,20000000000000000,
699,16,0xeda63e40351544fba32c910e0a90ab1e30e376d4,1,20000000000000000,
709,16,0xee36a6023fb60606982673f208344793dea4574a,1,11400000000000000,
665,16,0xde1678747ba2d5e61dac8f09c3a6a5315cc663f5,1,16400000000000000,
713,16,0xef39c8919373de11e888e9faf9fc5f71e4d015b8,1,11100000000000000,
714,16,0xef3eb5dc534e6c1f690b2fdecc8c1594f133eecd,1,13600000000000000,
737,16,0xf51075362e48552f241c6e5a87b3bc98e8701234,1,20000000000000000,
689,16,0xe95a51277b86b34c654ccb1dd61a5d39d40b45c5,1,20000000000000000,
185,16,0x36d48ebd2dac635f30b3ca76f970346e27519766,1,10000000000000000,
585,16,0xbb498ce39dfbe7038eb6fc4064998fe0b8e533db,1,12100000000000000,
753,16,0xffd3f0393f7bb8daa930668a51b885d48476abec,1,20000000000000000,
168,16,0x307c997be2ee5f5d11bc92cd9915f93111146af0,1,20000000000000000,
167,16,0x300d76a6764a3d58f3ad330aa2277e2d31d54708,1,11300000000000000,
166,16,0x2faad2f292522ae6c85abf4f5048f3e32e6570ef,1,12700000000000000,
162,16,0x2c0f9eb60ee7fdb702d47d2cc9f7c6ae88b20999,1,20000000000000000,
121,16,0x22aaf8a798b34a0b24527f838acf9f65e0d720dc,1,17500000000000000,
111,16,0x1fd8d513b0a485365066ac95bfd25ff37ddf84c2,1,20000000000000000,
109,16,0x1ed2c3edaf1d4ce024cd6ec27b922d52294c49cb,1,16300000000000000,
104,16,0x1da76d5b2dae08818047e20f10767a49685a4432,1,14900000000000000,
227,16,0x446c70bf2f50f432f549775ded255e7bf9fa27f6,1,20000000000000000,
226,16,0x42f09c50cb4b7deea5d51f5539dab08f65aa299a,1,15100000000000000,
59,16,0x0f87452a7eac3bcfe90fe4187d2f922d1d6699ae,1,10800000000000000,
248,16,0x4b93340bde2b254f21b1591ca8dab7b58945ad39,1,20000000000000000,
223,16,0x4169c8819a3105bcb766e5fdbf12c97aee09bdb6,1,16500000000000000,
60,16,0x10d6d2e343281d388291a3e02f3293aaeda67178,1,1063025933784445131117735,helloshreyas.eth
221,16,0x4139fe019502af177eb3060460887be9aa2fa5e0,1,20000000000000000,
169,16,0x308d97b4a3e893baaf56bb28fc6cbc7f764184dd,1,15200000000000000,
71,16,0x115b463d167cf26acdb68a7d062d2c1188f44ff6,1,11700000000000000,
173,16,0x32e9c9397e6257bce4d9e47cf7e697059f22661c,1,40000000000000000,
175,16,0x34aa3f359a9d614239015126635ce7732c18fdf3,1,1645487110858659104348583,austingriffith.eth
196,16,0x3cbecafdb1ba14e85cc401a1d99f6b87dd40ebd7,1,18500000000000000,
195,16,0x3cabc8cf68fde5b84bb21b5db1a7c1b43a3a5922,1,15500000000000000,
132,16,0x243ee1364d3023075dd3bacd9ef31d7f57f8a788,1,19910000000000000,
133,16,0x244201f97d6f67d77ff7389dc14c8155a8fd7921,1,17000000000000000,
194,16,0x3c9b541d0317276a05b9512266b8eae233c8e7f0,1,18100000000000000,
193,16,0x3c672e679e47b5cc69c93eb3df5b5bf733cf8d4c,1,12600000000000000,
189,16,0x39ac673d8661f671fa0a67660ad02c782fc3105d,1,17600000000000000,
135,16,0x24dc4ed3dc259de95925a13081c0ecf37ffbd683,1,19920000000000000,
187,16,0x37e324299c5c0011c36713e85029a3cd7810fe30,1,20000000000000000,
186,16,0x3747d4e3ef8daa960f1fe6e59fe463dbd9b0bdae,1,20000000000000000,
136,16,0x24e84cf44ffba84185900d83566a37611a670e0c,1,12800000000000000,
229,16,0x483034ddc7f555a48c939df1d0f3bdd7c9af043c,1,20000000000000000,
183,16,0x351a7ff8d9d4b5c237cc806bf173a9e0e450f2c6,1,20000000000000000,
137,16,0x2684091777c5b34415de038afbbe5d995bcc4fd4,1,11800000000000000,
144,16,0x2ac6d067926e4e6070cb0ec211f553e5ab1c9612,1,20000000000000000,
174,16,0x33678ca7d8dd7ef76202459f91fe6bd852280063,1,20000000000000000,
217,16,0x3fbb9f73c664638e3197f9cfd44a17468962cff4,1,11900000000000000,
225,16,0x427bd8e086a204e4085c4554cfc48b2ed44e602d,1,20000000000000000,
216,16,0x3f9860ec9361b1d3a9587e9950632aa976b2beb4,1,20000000000000000,
142,16,0x29b183fe5d4210f0ddf4301fd8c404e772d6ba12,1,13800000000000000,
102,16,0x1c750cbacea0d97dfa830014b927cc3d64b41b5c,1,20000000000000000,
203,16,0x3cebae03e29ef29b515eac65c696c2f344932704,1,20000000000000000,
101,16,0x1b9f2c45d8d62e00d12c34ce1f9ba0232fa12b20,1,20000000000000000,
204,16,0x3d0cc91049c386cb60f81d181d9b6890a2586f8f,1,17800000000000000,
100,16,0x1b0a44958b9d970947a5c8fbbc6ddbe53325df76,1,14300000000000000,
87,16,0x17ea86b6baa237c01cc0af7595c931d6d5442cf9,1,20000000000000000,
209,16,0x3dcb29343695c2472b2e34299d348894bc230290,1,20000000000000000,
85,16,0x1644621b1337676a1d2b0878c8d87148d960570b,1,13400000000000000,
212,16,0x3f40ea90d8a23cc95b98a01b3295fb9059fa6c8c,1,20000000000000000,
84,16,0x16195ab399c18d608000011dc1b639b409a30b21,1,15000000000000000,
83,16,0x16151dacfa22e483412af76e6f9484c0161c9549,1,20000000000000000,
79,16,0x144ac9e3c06205220a7d40e88cc81912a34cc86d,0,20000000000000000,
73,16,0x13022056cfacee5b94a8226293fa4530447d5d64,1,13100000000000000,
397,16,0x729d418146e2abbe73e7fc480f358bce454cd2c7,1,13700000000000000,
23,17,0x06c4865ab16c9c760622f19a313a2e637e2e66a2,0,2000000000000000000,aevolve.eth
314,17,0x5681ff2150b6e39e00d972598fdb8a19d761f506,1,0,level6.eth
363,17,0x67149c6a2aa490636948b084d88dde8a958ca269,1,0,cxsyt.eth
413,17,0x78b3367b0f547cd16bac453f788956afce92447b,1,320966599999999967232,firebirdcoin.eth
618,17,0xc896e7c0ad9a8f9c787b5bbedceeba259c912d72,1,0,bhbtc.eth
124,17,0x23c4111d6f85de542dd8ad911c7c3cc66e98faa7,0,25000000000000000000,fateswing.eth
577,17,0xb698419e8887a24f2db0e271833a051fc5caa814,1,0,
24,18,0x06c4865ab16c9c760622f19a313a2e637e2e66a2,0,2000000000000000000,aevolve.eth
125,19,0x23c4111d6f85de542dd8ad911c7c3cc66e98faa7,0,25000000000000000000,fateswing.eth
25,19,0x06c4865ab16c9c760622f19a313a2e637e2e66a2,0,2000000000000000000,aevolve.eth
546,20,0xab06e86d240a5f515ea6d16c3530c6596f8bb774,1,101000000000000000000,95zhizun.eth
479,20,0x8d07d225a769b7af3a923481e1fdf49180e6a265,1,162130211634672206241592,monetsupply.eth
734,20,0xf507555538fd0537922e70817780908ad132d3eb,1,101000000000000000000,ethforever.eth
717,20,0xf503017d7baf7fbc0fff7492b751025c6a78179b,1,333283951046977384536781,trueblocks.eth
44,20,0x0cf30daf2fb962ed1d5d19c97f5f6651f3b691c1,1,455700340999998999983334,fishbiscuit.eth
254,20,0x4c22a285896e500ab8a85fc372e56f2c990794c3,1,0,
277,20,0x521aacb43d89e1b8ffd64d9ef76b0a1074dedaf8,1,8558654041180318262920,bobjiang.eth
268,20,0x4fa4167b3c94a80416bbc768fb919bf3ace9f8c2,1,1000000000000,jjjjjaxdeng.eth
697,20,0xec0a73cc9b682695959611727da874afd8440c21,1,0,fahim.eth
619,20,0xc94cc876a826bc75355569e696cb2304f3434709,1,0,
188,20,0x38430336153468dcf36af5cea7d6bc472425633a,1,0,edwardtay.eth
146,20,0x2b888954421b424c5d3d9ce9bb67c9bd47537d12,1,1025503781902788835381207,lefteris.eth
163,20,0x2caaab9cf5381309f768b38849ff2bf180ac81e0,1,477219484953617104990,
337,20,0x5e349eca2dc61abcd9dd99ce94d04136151a09ee,1,1454488273276012119318443,lindajxie.eth
295,20,0x54becc7560a7be76d72ed76a1f5fee6c5a2a7ab6,1,1397162881576116182217651,simona.eth
682,20,0xe7cf8fce5e83e07e56e2ebfeb7651f459c47217b,1,202062032306577169153,kingrf.eth
218,20,0x4131826eafdcb7dcd855fae9098ec693165f157d,1,173220000000000000000,btcking.eth
614,20,0xc7e6bbf6dbe78b40640385e73dc1958f4428fb3e,1,152202348812597243606164,tobyshorin.eth
595,20,0xc2e2b715d9e302947ec7e312fd2384b5a1296099,1,450000000000000000000000,kbw.eth
235,20,0x4a5b536a613e69f43a52f6aa7a7f3765428329ad,1,11432359773334621204,coinqt.eth
673,20,0xe40987f8ca51d3f72947400a7459e66db2715bc1,1,101000000000000000000,chenwentao.eth
419,21,0x7e052ef7b4bb7e5a45f331128afadb1e589deaf1,1,1052530944207837777523142,kris.eth
480,21,0x8d07d225a769b7af3a923481e1fdf49180e6a265,1,162130211634672206241592,monetsupply.eth
278,21,0x521aacb43d89e1b8ffd64d9ef76b0a1074dedaf8,1,9699984242015109902783,bobjiang.eth
596,21,0xc2e2b715d9e302947ec7e312fd2384b5a1296099,1,450000000000000000000000,kbw.eth
547,21,0xab06e86d240a5f515ea6d16c3530c6596f8bb774,1,101000000000000000000,95zhizun.eth
45,21,0x0cf30daf2fb962ed1d5d19c97f5f6651f3b691c1,1,455700340999998999983334,fishbiscuit.eth
683,21,0xe7cf8fce5e83e07e56e2ebfeb7651f459c47217b,1,202062032306577169153,kingrf.eth
735,21,0xf507555538fd0537922e70817780908ad132d3eb,1,101000000000000000000,ethforever.eth
674,21,0xe40987f8ca51d3f72947400a7459e66db2715bc1,1,101000000000000000000,chenwentao.eth
176,21,0x34aa3f359a9d614239015126635ce7732c18fdf3,1,1793468335703994033703058,austingriffith.eth
219,21,0x4131826eafdcb7dcd855fae9098ec693165f157d,1,173220000000000000000,btcking.eth
296,21,0x54becc7560a7be76d72ed76a1f5fee6c5a2a7ab6,1,1397162881576116182217651,simona.eth
147,21,0x2b888954421b424c5d3d9ce9bb67c9bd47537d12,1,1025493781902788835381207,lefteris.eth
321,21,0x59d6779eca6c91ed7679e261b54299b5155eadf0,1,380817664498999969792,モノノフ.eth
338,21,0x5e349eca2dc61abcd9dd99ce94d04136151a09ee,1,1454488273276012119318443,lindajxie.eth
718,21,0xf503017d7baf7fbc0fff7492b751025c6a78179b,1,333283951046977384536781,trueblocks.eth
255,21,0x4c22a285896e500ab8a85fc372e56f2c990794c3,1,0,
437,22,0x815c7ccf2616ad581e4d55d1504a676f55c04e02,1,500000000000000,
246,22,0x4b8931d892e6a993d0195c02385a42a66005e58f,1,500000000000000,
170,22,0x30bc11f50ebad6727ba95b719b235d14a757a747,1,500000000000000,
331,22,0x5b716577ee35a146846f1fa33f6c3d0138ebc468,1,500000000000000,
391,22,0x6e8dd1c86151f7e98bd2d059206581f0d5017ce6,1,500000000000000,
392,22,0x6ea58a23d84b3839ea61d81c45d60acf2017999c,1,500000000000000,
108,22,0x1e661aae5ebf2d428c2bc7142a50382077637ce4,1,500000000000000,
289,22,0x5291f0a0a7c5b27cb4e35baadad4f0776aabb7d9,1,500000000000000,
736,22,0xf507555538fd0537922e70817780908ad132d3eb,1,101000000000000000000,ethforever.eth
514,22,0x987740d5071fba8c8678353020547844a756a99d,1,500000000000000,
628,22,0xcb9f176f3c90837a727e4678e29515cb2d557f18,1,0,mazurka.eth
588,22,0xbc90c0f55514ee20d7a7478135e108ecc4956d11,1,500000000000000,
134,22,0x24623d7779d29c76ae0d4d258ebedbc16170414e,1,500000000000000,
719,22,0xf503017d7baf7fbc0fff7492b751025c6a78179b,1,333283951046977384536781,trueblocks.eth
512,22,0x96c4803694906bfcbe5c01d8fe5d2ff156f1e7e0,1,500000000000000,
513,22,0x97cdedca258d6e425c200b3ac36b5a33b1699339,1,500000000000000,
266,22,0x4e3c1d2e5300d0341135bfcc03d8075693585ce2,1,500000000000000,
635,22,0xcf61ebd3613684a53e48ee85d8fbc80c5156c479,1,0,shinya.eth
192,22,0x3b8a113464b5cc65af4bd0f043aab6edf999c84c,1,500000000000000,
279,22,0x521aacb43d89e1b8ffd64d9ef76b0a1074dedaf8,1,9699984242015109902783,bobjiang.eth
191,22,0x3ad33925fe4092099c9cc6e923ba97ab3ae681ae,1,500000000000000,
361,22,0x66ccc53383dd8f6b8d4d145d057696cefe5dcf42,1,500000000000000,
297,22,0x54becc7560a7be76d72ed76a1f5fee6c5a2a7ab6,1,1397162881576116182217651,simona.eth
220,22,0x4131826eafdcb7dcd855fae9098ec693165f157d,1,173220000000000000000,btcking.eth
322,22,0x59d6779eca6c91ed7679e261b54299b5155eadf0,1,380817664498999969792,モノノフ.eth
330,22,0x5a5426030765baaed938c4c9ee865af2fbeaaba4,1,500000000000000,
320,22,0x59c9d046d43b28816393825a3688d93b82bdd625,1,500000000000000,avantgardefinance.eth
228,22,0x4527dfd6c9341f18f4b8304e6e6cd67e7766389c,1,500000000000000,
291,22,0x54b254684380af671fbfdfbc086591b22c462790,1,0,
273,22,0x50d3f0b10fec6ea094c0e2714ac293e5261b22a9,1,500000000000000,
399,22,0x7302c7e150ae4d035cf9e71f09580d59ce61fa54,1,4315687746187815757,loading03475575.eth
675,22,0xe40987f8ca51d3f72947400a7459e66db2715bc1,1,101000000000000000000,chenwentao.eth
417,22,0x7ad649a20f03d7572407a9f58c92f5f72320142d,1,500000000000000,
177,22,0x34aa3f359a9d614239015126635ce7732c18fdf3,1,1793390291303995033700498,austingriffith.eth
410,22,0x767a60f295aedd958932088f9cd6a4951d8739b6,1,0,mozuku.eth
184,22,0x35bf253f60217abf339e9a01e74bd3eefd683ee5,1,100000000000000,kokoafinance.eth
402,22,0x732c97e0f9b6386961e797c4914517a96ecfaec7,1,500000000000000,
387,22,0x6d009586634bc3260c658126cf95c1cc732fddc2,1,14118900000000000000,
623,22,0xcb0c0ed0cfc972ce60b4f1ebd93481da4d218ea4,1,500000000000000,
80,22,0x14cc6134860c0877ed46f6096dbf81363f724041,1,500000000000000,
710,22,0xee836251ee934c3126ac5d9bb29ae9177a6a12e6,1,100000000000000,fxdxexchange.eth
666,22,0xdecfcbd0d3c3d0a317da1077fcfda000e1c6de28,1,500000000000000,
621,22,0xca234530a0430c6212f8baa9b82ec6586d1363ce,1,500000000000000,
148,22,0x2b888954421b424c5d3d9ce9bb67c9bd47537d12,1,1027706296342435982078571,lefteris.eth
56,22,0x0f8361ef329b43fa48ac66a7cd8f619c517274f1,1,0,zakk1115.eth
54,22,0x0f0e7fb7a2ba4df8169e77cada55eb330d36f310,1,500000000000000,
1,22,0x016cb73dcd88e9cca61690e6dc5893f7409e3e18,1,500000000000000,
658,22,0xd8f36126a4d2376bc70268f197d50bdc184bd38f,1,500000000000000,
740,22,0xf71841c483be037b6504e93680c7fe8e7c705165,1,500000000000000,
481,22,0x8d07d225a769b7af3a923481e1fdf49180e6a265,1,162130211634672206241592,monetsupply.eth
458,22,0x83ff22cfc4876cdffb69f7440651720ce256d615,1,500000000000000,
496,22,0x8e52ded086f3673a9a87bb039fdb05dbd7c97bfb,1,0,chami.eth
749,22,0xfc5f1bd50db314902a2aefce822ca7da9058c954,1,500000000000000,
247,22,0x4b8ad27ed570255473d8e2cc3a93b189ef06dd06,1,500000000000000,
455,22,0x83c9440dc34da00c47a0d4dc2b598d7bdb1b53f7,1,17608800000000000000,denet.eth
501,22,0x8f4e36370602465acd4afc07204fa311bfbc1198,1,500000000000000,
504,22,0x912e817d785ea149b705a5905855411c2cb977ba,1,500000000000000,
40,22,0x08db79911bb3215ca7406e2b4df23348ea33915a,1,100000000000000,grapeprotocol.eth
46,22,0x0cf30daf2fb962ed1d5d19c97f5f6651f3b691c1,1,455700340999998999983334,fishbiscuit.eth
647,22,0xd31d7bc74e65c262589a4753fb0735c89c245e9f,1,500000000000000,
510,22,0x968277451c46cacd65e7df55f110cade19ff6002,1,500000000000000,
38,22,0x088355a6cf3f2ea0ccf1832b3c3e377d96a5c9ca,1,500000000000000,
37,22,0x0765e6ced80f1ce50759cbe8aaf878d2417c9d73,1,500000000000000,
120,22,0x22703a7fe0bba25a8a9d017135219228ffbf0e41,1,500000000000000,
90,22,0x18c94a19e091ab86c997edf2267a616072ceccfe,1,500000000000000,
548,22,0xab06e86d240a5f515ea6d16c3530c6596f8bb774,1,101000000000000000000,95zhizun.eth
597,22,0xc2e2b715d9e302947ec7e312fd2384b5a1296099,1,450000000000000000000000,kbw.eth
558,22,0xad5e2c17f86d4a92f274ebca50721a7a9683febe,1,500000000000000,
679,22,0xe5860d2f4608db2620d4124a6904c1ee5d848549,1,500000000000000,
562,22,0xb15054c02dbc343f47b868e1ffc15adf3e2f7269,1,500000000000000,
86,22,0x1706585ae92ec81174818913ab1918c7fce3ddd0,1,500000000000000,
103,22,0x1cd2ae4b77e27da7bbe8090fbf51c6c362a882e9,1,500000000000000,
684,22,0xe7cf8fce5e83e07e56e2ebfeb7651f459c47217b,1,202062032306577169153,kingrf.eth
573,22,0xb4ed43c65854177ab3a70682a4d559ef005b4eb9,1,500000000000000,
89,22,0x1821d347c035ee39aa01bb048fb1e24e45dac5f1,1,500000000000000,
639,22,0xd0815dbfa01bd6717703f329c031dc4958d04d4c,1,500000000000000,
559,22,0xade674fdedf7902836f9e86394d8bc6313ca214a,1,500000000000000,
411,23,0x767a60f295aedd958932088f9cd6a4951d8739b6,1,0,mozuku.eth
292,23,0x54b254684380af671fbfdfbc086591b22c462790,1,0,
702,23,0xee0579b4c36fd52ec0a2b542fb801f136838b7f1,1,3029636799745066202711,sirlupinwatson.eth
598,23,0xc2e2b715d9e302947ec7e312fd2384b5a1296099,1,450000000000000000000000,kbw.eth
149,23,0x2b888954421b424c5d3d9ce9bb67c9bd47537d12,1,1027706296342435982078571,lefteris.eth
178,23,0x34aa3f359a9d614239015126635ce7732c18fdf3,1,1793390091303995033700498,austingriffith.eth
497,23,0x8e52ded086f3673a9a87bb039fdb05dbd7c97bfb,1,0,chami.eth
364,23,0x67149c6a2aa490636948b084d88dde8a958ca269,1,1000000000000000000,cxsyt.eth
629,23,0xcb9f176f3c90837a727e4678e29515cb2d557f18,1,0,mazurka.eth
288,23,0x523d007855b3543797e0d3d462cb44b601274819,1,0,salatti.eth
323,23,0x59d6779eca6c91ed7679e261b54299b5155eadf0,1,380817664498999969792,モノノフ.eth
113,23,0x202d0b551f0e137efb419e70e1776b6d578bdbf3,1,0,kweiss.eth
57,23,0x0f8361ef329b43fa48ac66a7cd8f619c517274f1,1,0,zakk1115.eth
47,23,0x0cf30daf2fb962ed1d5d19c97f5f6651f3b691c1,1,455700340999998999983334,fishbiscuit.eth
290,23,0x52cbcf67e76b9537a92955c50c0becac0addc006,1,0,qinhaoyi.eth
298,23,0x54becc7560a7be76d72ed76a1f5fee6c5a2a7ab6,1,1397186567999968540943802,simona.eth
32,23,0x06d13d1562eb9da28c59e86e9bfc2a87d13afb01,1,0,zk-outcome.eth
388,23,0x6d009586634bc3260c658126cf95c1cc732fddc2,1,14118900000000000000,
456,23,0x83c9440dc34da00c47a0d4dc2b598d7bdb1b53f7,1,17608800000000000000,denet.eth
482,23,0x8d07d225a769b7af3a923481e1fdf49180e6a265,1,162130211634672206241592,monetsupply.eth
440,24,0x839395e20bbb182fa440d08f850e6c7a8f6f0780,0,322774677931495359758873,griff.eth
76,24,0x13ac0d7bb293163922ca296a0c3fb1b236c815f0,1,200000000000000000,88888888eth.eth
351,24,0x5e4ec235c2e7be6e0501f7d4ec3b02edb4f84405,1,100000000000000000,
26,24,0x06c4865ab16c9c760622f19a313a2e637e2e66a2,1,2000000000000000000,aevolve.eth
339,24,0x5e349eca2dc61abcd9dd99ce94d04136151a09ee,1,1302536400448480054836584,lindajxie.eth
336,24,0x5c07271a50c18c0a93e5d72dc45e561e3bd3e07e,1,100000000000000000,
599,24,0xc2e2b715d9e302947ec7e312fd2384b5a1296099,1,1650000000000000000000000,kbw.eth
88,24,0x18016955798ff78bd167111674ae278d5320d62d,1,100000000000000000,
720,24,0xf503017d7baf7fbc0fff7492b751025c6a78179b,0,172198270172668340161694,trueblocks.eth
234,24,0x4a1d9e3b1a543601a7550d9490cb41936265f715,1,200000000000000000,999999999eth.eth
467,24,0x894aa5f1e45454677a8560dde3b45cb5c427ef92,1,1050000000000000000000000,wombat.eth
280,24,0x521aacb43d89e1b8ffd64d9ef76b0a1074dedaf8,1,12383133841437931746764,bobjiang.eth
694,24,0xeac7824c2f633c53d2acfab0c8e483789b7e10e7,1,100000000000000000,888eth.eth
472,24,0x8c69f8d2f360d0bd12cb73b92e90a380e32987bb,1,8070000000000000000,supernate.eth
205,24,0x3d21a58408c47dd4631da17d1c492d06acfef085,1,0,alanmumu.eth
33,24,0x06f398ce76acc1fce97b7cab0eb2a96ba9230c9b,1,10000000000000000000,marsdao.eth
19,24,0x0586cc847c82397c443992facdc8cae0dba46956,1,100000000000000000,818eth.eth
150,24,0x2b888954421b424c5d3d9ce9bb67c9bd47537d12,0,779245815762981896033968,lefteris.eth
48,24,0x0cf30daf2fb962ed1d5d19c97f5f6651f3b691c1,1,609125340999998999983334,fishbiscuit.eth
584,24,0xbb3407b8a7bd31ab92e076628697f3033ebdf9a5,1,100000000000000000,
517,24,0x9a3aa8a638f8e67ff73ce671ac49bc3d2eb69538,1,1000099998999969792,lightszwl.eth
624,24,0xcb3cafe85a0719d2d994c06e3d7ac9304505c54c,1,0,woodfire.eth
335,24,0x5bfe77c263ffeb120dcd40523473852b3bc5a932,1,100000000000000000,
22,24,0x068db2a4655158bc61e6147c0015bd2c63b4cf08,1,200000000000000000,868eth.eth
521,24,0x9c9fcaf3456fc2b5c10cc82d6128800ad6a067d8,1,100000000000000000,
12,24,0x03154b9e76b3e6eb27357ccfd638f9ac9085e8b3,1,100000000000000000,848eth.eth
384,24,0x6bf3b32c6cd3d657f602347666244377793282e3,1,300000000000000000,111eth.eth
198,24,0x3cd93a082b247311595fd2b9ba70c549f03603dc,1,100000000000000000,
299,24,0x54becc7560a7be76d72ed76a1f5fee6c5a2a7ab6,1,1455325945587743323083341,simona.eth
199,24,0x3ce1e7a2b491dd5e545bca1a480ed1084712798f,1,4396260457291727657,968259.eth
259,24,0x4d477f1aabcfc2fc3fc9b802e861c013e0123ad9,1,992500000000000000,0x00eth.eth
126,24,0x23c4111d6f85de542dd8ad911c7c3cc66e98faa7,1,25000000000000000000,fateswing.eth
52,24,0x0dee63f471f1c31d4d2fffde275f8a8f40f45d00,1,100000000000000000,
222,24,0x413fd6b18910e516da68d3292ab9b2dd3a87971d,1,100000000000000000,808eth.eth
642,24,0xd0ef3a2ae7fb496c0897400f1be46693b6183b0a,1,6918165048092296942992,sidcode.eth
372,24,0x6b07d4ace5bc9a690fda9ddeb5a0f131fda0b257,1,4118920135586966569,chainb.eth
634,24,0xcdd05bae4c5ba7dc483d092903aaf3036e91efdf,1,200000000000000000,878eth.eth
568,24,0xb454dc9f3dad18d7118a5946b056b7103c8779ab,1,100000000000000000,
545,24,0xaa59f0c28f9220fe60365f342b9e505d651fbb0d,1,100000000000000000,
6,24,0x01cf9fd2efa5fdf178bd635c3e2adf25b2052712,1,233739779800000000000000,disruptionjoe.eth
27,25,0x06c4865ab16c9c760622f19a313a2e637e2e66a2,1,2000000000000000000,aevolve.eth
468,26,0x894aa5f1e45454677a8560dde3b45cb5c427ef92,1,1050000000000000000000000,wombat.eth
34,26,0x06f398ce76acc1fce97b7cab0eb2a96ba9230c9b,1,10000000000000000000,marsdao.eth
518,26,0x9a3aa8a638f8e67ff73ce671ac49bc3d2eb69538,1,1000099998999969792,lightszwl.eth
340,26,0x5e349eca2dc61abcd9dd99ce94d04136151a09ee,1,1302536400448480054836584,lindajxie.eth
721,26,0xf503017d7baf7fbc0fff7492b751025c6a78179b,0,172198270172668340161694,trueblocks.eth
300,26,0x54becc7560a7be76d72ed76a1f5fee6c5a2a7ab6,1,1455325945587743323083341,simona.eth
669,26,0xe12776d24fcf00c2966dce5bdcec284236901c77,1,1550146498481646326,happy8086.eth
600,26,0xc2e2b715d9e302947ec7e312fd2384b5a1296099,1,1650000000000000000000000,kbw.eth
260,26,0x4d477f1aabcfc2fc3fc9b802e861c013e0123ad9,1,992500000000000000,0x00eth.eth
473,26,0x8c69f8d2f360d0bd12cb73b92e90a380e32987bb,1,8070000000000000000,supernate.eth
127,26,0x23c4111d6f85de542dd8ad911c7c3cc66e98faa7,1,25000000000000000000,fateswing.eth
77,26,0x13dda63c28bb95fe9822fea43ad5feaa966636a9,1,0,likerogue.eth
28,26,0x06c4865ab16c9c760622f19a313a2e637e2e66a2,1,2000000000000000000,aevolve.eth
49,26,0x0cf30daf2fb962ed1d5d19c97f5f6651f3b691c1,1,609125340999998999983334,fishbiscuit.eth
373,26,0x6b07d4ace5bc9a690fda9ddeb5a0f131fda0b257,1,4118920135586966569,chainb.eth
236,26,0x4a5b536a613e69f43a52f6aa7a7f3765428329ad,1,154011609149137992952518,coinqt.eth
2,26,0x018365374732403a5286de3ddc875f2fdaf00dfc,1,0,
200,26,0x3ce1e7a2b491dd5e545bca1a480ed1084712798f,1,4396260457291727657,968259.eth
625,26,0xcb3cafe85a0719d2d994c06e3d7ac9304505c54c,1,0,woodfire.eth
550,26,0xab7b49bacd43bd4cfa41433d477f690bb9e1fb26,1,11089814413578309890,eth9999.eth
441,26,0x839395e20bbb182fa440d08f850e6c7a8f6f0780,1,322774677931495359758873,griff.eth
7,26,0x01cf9fd2efa5fdf178bd635c3e2adf25b2052712,1,233739779800000000000000,disruptionjoe.eth
281,26,0x521aacb43d89e1b8ffd64d9ef76b0a1074dedaf8,1,12383133841437931746764,bobjiang.eth
151,26,0x2b888954421b424c5d3d9ce9bb67c9bd47537d12,1,779245815762981896033968,lefteris.eth
206,26,0x3d21a58408c47dd4631da17d1c492d06acfef085,1,5000000000000000000,alanmumu.eth
74,26,0x136d54e730ad568cf49f8d7b8d36e1b079f37e1e,1,37299300000000000000,
3,27,0x018365374732403a5286de3ddc875f2fdaf00dfc,1,0,
626,27,0xcb3cafe85a0719d2d994c06e3d7ac9304505c54c,1,3000000000000000000,woodfire.eth
165,27,0x2d51319d75569d386ff38706fd279d405b59888c,1,100000000000000000,
353,27,0x600f4649fd944e8b89677546b3f5b23875ccba71,1,100000000000000000,
50,27,0x0cf30daf2fb962ed1d5d19c97f5f6651f3b691c1,1,609125340999998999983334,fishbiscuit.eth
601,27,0xc2e2b715d9e302947ec7e312fd2384b5a1296099,1,1650000000000000000000000,kbw.eth
78,27,0x13dda63c28bb95fe9822fea43ad5feaa966636a9,1,0,likerogue.eth
703,27,0xee0579b4c36fd52ec0a2b542fb801f136838b7f1,1,2083716977520318946398,sirlupinwatson.eth
365,27,0x67434e4f16fb70e59c91b8642522fac5b0c292c1,1,0,kendir.eth
360,27,0x66c9bbef586c3a328df34aaa3f2e882634f308a1,1,100000000000000000,
141,27,0x2914ae7e3d398431658f2ea7d892b1b935778d41,1,100000000000000000,
75,27,0x136d54e730ad568cf49f8d7b8d36e1b079f37e1e,1,37299300000000000000,
474,27,0x8c69f8d2f360d0bd12cb73b92e90a380e32987bb,1,8070000000000000000,supernate.eth
341,27,0x5e349eca2dc61abcd9dd99ce94d04136151a09ee,1,1302536400448480054836584,lindajxie.eth
722,27,0xf503017d7baf7fbc0fff7492b751025c6a78179b,1,172198270172668340161694,trueblocks.eth
715,27,0xefcd62a2b7c73b57c1fc9365b089d1fdabb527d7,1,100000000000000000,
519,27,0x9a3aa8a638f8e67ff73ce671ac49bc3d2eb69538,1,1000099998999969792,lightszwl.eth
112,27,0x1ff714337aaf68c7e9a513e47dcf6ce7c9d44cae,1,100000000000000000,
81,27,0x1510180e8873b8ff89d3ecf3d6971a84faaf5848,1,100000000000000000,
237,27,0x4a5b536a613e69f43a52f6aa7a7f3765428329ad,1,154011609149137992952518,coinqt.eth
374,27,0x6b07d4ace5bc9a690fda9ddeb5a0f131fda0b257,1,4118920135586966569,chainb.eth
258,27,0x4cfd8997fa4534c69b3e5f4d7af4cbdf30abd142,1,100000000000000000,
8,27,0x01cf9fd2efa5fdf178bd635c3e2adf25b2052712,1,233739779800000000000000,disruptionjoe.eth
261,27,0x4d477f1aabcfc2fc3fc9b802e861c013e0123ad9,1,992500000000000000,0x00eth.eth
152,27,0x2b888954421b424c5d3d9ce9bb67c9bd47537d12,1,779245815762981896033968,lefteris.eth
128,27,0x23c4111d6f85de542dd8ad911c7c3cc66e98faa7,1,25000000000000000000,fateswing.eth
201,27,0x3ce1e7a2b491dd5e545bca1a480ed1084712798f,1,4396260457291727657,968259.eth
301,27,0x54becc7560a7be76d72ed76a1f5fee6c5a2a7ab6,1,1455325945587743323083341,simona.eth
138,27,0x271c140f932d0f5d120335232a66e599c4a7ae28,1,100000000000000000,
469,27,0x894aa5f1e45454677a8560dde3b45cb5c427ef92,1,1050000000000000000000000,wombat.eth
282,27,0x521aacb43d89e1b8ffd64d9ef76b0a1074dedaf8,0,12383133841437931746764,bobjiang.eth
551,27,0xab7b49bacd43bd4cfa41433d477f690bb9e1fb26,1,11089814413578309890,eth9999.eth
35,27,0x06f398ce76acc1fce97b7cab0eb2a96ba9230c9b,1,10000000000000000000,marsdao.eth
207,27,0x3d21a58408c47dd4631da17d1c492d06acfef085,1,5000000000000000000,alanmumu.eth
442,27,0x839395e20bbb182fa440d08f850e6c7a8f6f0780,0,322774677931495359758873,griff.eth
738,27,0xf564a9cc0b3187d4c81899aea6508f65ed78c030,1,100000000000000000,
743,28,0xf7e0ef9177e01d5871dfc59714510b44c9918622,1,1730391603860958533,huapay.eth
667,28,0xe04a9418cffe0f43fd42527bd3cfc05593eac052,1,1000000000000000000,shabi.eth
342,28,0x5e349eca2dc61abcd9dd99ce94d04136151a09ee,1,1302536400448480054836584,lindajxie.eth
0,28,0x00d2432e6af76a8150a7609d7ff11dbe44de8e14,1,41000000000000000000,2coin.eth
525,28,0xa0254f19d987d8bdba12a278b2d207a317d050aa,1,35000000000000000000,
507,28,0x931e76877118c84f1d904295971ce383ecfed5f4,0,0,freeboy.eth
190,28,0x3a051cff039d0ea6964c0f9f01db6e61cc521748,0,1000000000000000000019,padpad.eth
632,28,0xcd6b9fb0d134017c39b86bcc18edaa02dcc6e4e2,1,50000000000000000000,91dao.eth
129,28,0x23c4111d6f85de542dd8ad911c7c3cc66e98faa7,1,25000000000000000000,fateswing.eth
552,28,0xab7b49bacd43bd4cfa41433d477f690bb9e1fb26,0,11089814413578309890,eth9999.eth
4,28,0x018365374732403a5286de3ddc875f2fdaf00dfc,1,1031597334534621021,
16,28,0x052cd92257aa17b3f965c4b0d3f51f0d223c6950,1,11000000000000000000,aapay.eth
29,28,0x06c4865ab16c9c760622f19a313a2e637e2e66a2,1,2000000000000000000,aevolve.eth
62,28,0x10d6d2e343281d388291a3e02f3293aaeda67178,1,157113372564445131101351,helloshreyas.eth
9,28,0x01cf9fd2efa5fdf178bd635c3e2adf25b2052712,1,233739779800000000000000,disruptionjoe.eth
696,28,0xec07ce9c26bab652e14d81e6278da3a6ea5004d6,1,1100000000000000000,0xseal.eth
302,28,0x54becc7560a7be76d72ed76a1f5fee6c5a2a7ab6,1,1455325945587743323083341,simona.eth
633,28,0xcd78829b418e18b85d4e0acdf2fbfec610ff025e,1,1083550000000000000,sinapay.eth
283,28,0x521aacb43d89e1b8ffd64d9ef76b0a1074dedaf8,1,12383133841437931746764,bobjiang.eth
262,28,0x4d477f1aabcfc2fc3fc9b802e861c013e0123ad9,1,992500000000000000,0x00eth.eth
459,28,0x86505baa2ffac3444fbb9a53c6c75833d088c6c6,1,2035149057344471905,a.ethid.eth
238,28,0x4a5b536a613e69f43a52f6aa7a7f3765428329ad,1,154011609149137992952518,coinqt.eth
723,28,0xf503017d7baf7fbc0fff7492b751025c6a78179b,0,172198270172668340161694,trueblocks.eth
627,28,0xcb3cafe85a0719d2d994c06e3d7ac9304505c54c,1,3000000000000000000,woodfire.eth
704,28,0xee0579b4c36fd52ec0a2b542fb801f136838b7f1,1,2469037064780011119063,sirlupinwatson.eth
202,28,0x3ce1e7a2b491dd5e545bca1a480ed1084712798f,1,4396260457291727657,968259.eth
457,28,0x83d2e472495f408bd0bc85702f4be5ef1acaee80,1,8000000000000000345,neteasy.eth
420,28,0x7e052ef7b4bb7e5a45f331128afadb1e589deaf1,1,1353454176696127285238369,kris.eth
208,28,0x3d21a58408c47dd4631da17d1c492d06acfef085,1,5000000000000000000,alanmumu.eth
602,28,0xc2e2b715d9e302947ec7e312fd2384b5a1296099,0,1650000000000000000000000,kbw.eth
153,28,0x2b888954421b424c5d3d9ce9bb67c9bd47537d12,0,778077972726791466731745,lefteris.eth
443,28,0x839395e20bbb182fa440d08f850e6c7a8f6f0780,1,322774677931495359758873,griff.eth
179,28,0x34aa3f359a9d614239015126635ce7732c18fdf3,1,1481798511727584285785810,austingriffith.eth
369,28,0x69423a88dbeab0177e935a5c63a79f5e576f5c06,1,1000000000000000000,twallet.eth
107,28,0x1e5af7b64cecd78f0141450e942f19b1935c495e,1,2000000000000000000,kenee.eth
375,28,0x6b07d4ace5bc9a690fda9ddeb5a0f131fda0b257,1,4118920135586966569,chainb.eth
475,28,0x8c69f8d2f360d0bd12cb73b92e90a380e32987bb,1,8070000000000000000,supernate.eth
368,28,0x687c13498f693b290c5ff8c565a1775d6018aab9,1,0,tohash.eth
154,29,0x2b888954421b424c5d3d9ce9bb67c9bd47537d12,1,746154155159855422299168,lefteris.eth
315,29,0x56bdee90dc6d484e9191ca4cde0ccc7dcb6db48b,1,1000000000000000000,
553,29,0xab7b49bacd43bd4cfa41433d477f690bb9e1fb26,1,11089814413578309890,eth9999.eth
263,29,0x4d477f1aabcfc2fc3fc9b802e861c013e0123ad9,1,992500000000000000,0x00eth.eth
367,29,0x684dd2ba7b71ee743ea10569b40cf1fa15264a15,1,1000000000000000000,
171,29,0x30e86e9a4e5de3f492d4801f9414751f1ef5df81,1,1000000000000000000,rbq.eth
444,29,0x839395e20bbb182fa440d08f850e6c7a8f6f0780,1,315062328431495359758873,griff.eth
72,29,0x128b7e7f0bfa7cda46bb4728a0da88dbaa095026,1,5163224024833994367354,biodunayorinde.eth
560,29,0xb110bd3f66f7692577e74f57adcae2576ead6702,1,0,a3roger.eth
233,29,0x48d2277f87c0afb75042c300fcf80b87b13257f7,1,0,akcakoray.eth
5,29,0x018365374732403a5286de3ddc875f2fdaf00dfc,1,1031597334534621021,
603,29,0xc2e2b715d9e302947ec7e312fd2384b5a1296099,1,1650000000000000000000000,kbw.eth
130,29,0x23c4111d6f85de542dd8ad911c7c3cc66e98faa7,1,25000000000000000000,fateswing.eth
522,29,0x9f8b8d36dabd8e4a6a9e667d1a5681d09e244eda,1,1393214642568532138,
483,29,0x8d07d225a769b7af3a923481e1fdf49180e6a265,1,6083818745100818302627,monetsupply.eth
197,29,0x3ccd44bb20bc9c06fa8cce8f6aa207ae86d7dd5b,1,15000000000000000000,0xfremen.eth
668,29,0xe0a2b6c3f67814fc35af40b742139ba3e546f2f3,1,0,mamamiya.eth
211,29,0x3eefaa9d6e2ab7972c1001d41c82bb4881389257,1,0,ispeaknerd.eth
498,29,0x8eef779818afa953b0652e45438423ebe089f55a,1,5230095366133140056,souluv7.eth
91,29,0x196a37946c3d93e9a5309f539ae28b774a32411f,1,79770700000000000000,gandalfcrypto.eth
239,29,0x4a5b536a613e69f43a52f6aa7a7f3765428329ad,1,157223215432578102000417,coinqt.eth
269,29,0x4fa4167b3c94a80416bbc768fb919bf3ace9f8c2,1,1000000000000,jjjjjaxdeng.eth
10,29,0x01cf9fd2efa5fdf178bd635c3e2adf25b2052712,1,233739779800000000000000,disruptionjoe.eth
465,29,0x88a2d89d44a94f549f14869947f2b443000dddd7,1,1000000000000000000,
97,29,0x19c3c3823a0d55afe95499cd7eef7c496f3c837d,1,1000000000000000000,
284,29,0x521aacb43d89e1b8ffd64d9ef76b0a1074dedaf8,1,13826360672650451502118,bobjiang.eth
502,29,0x8fbb54606676ba5f8edc6c4c88ef29b86d58774c,1,10000000000000000000,dylanfrances.eth
